START_TIME,STOP_TIME,POSTURE,PA_TYPE,HIGH_LEVEL_BEHAVIOR,CONTEXTUAL_PARAMETERS,EXPERIMENTAL_SITUATION,ADDITIONAL_NOTES
2021-11-01 18:24:11.012,2021-11-01 19:41:30.187,Posture_Video_Unavailable/Indecipherable,PA_Type_Video_Unavailable/Indecipherable,HLB_Video_Unavailable/Indecipherable,CP_Video_Unavailable/Indecipherable,ES_Video_Unavailable/Indecipherable,
2021-11-01 19:41:46.187,2021-11-01 19:43:31.162,In_Position_Upright,Standing_With_Movement,,Located_Indoors,Free_Living,
2021-11-01 19:46:38.137,2021-11-01 20:13:13.850,In_Position_Sitting,Sitting_With_Movement,,Located_Indoors|In_Conversation,Free_Living,
2021-11-01 20:13:14.850,2021-11-01 20:15:58.825,In_Position_Upright,Standing_With_Movement,,Located_Indoors|In_Conversation,Free_Living,
2021-11-01 20:15:59.825,2021-11-01 20:22:19.750,In_Position_Sitting,Sitting_With_Movement,,Located_Indoors|In_Conversation,Free_Living,
2021-11-01 20:22:20.750,2021-11-01 20:28:00.700,In_Position_Upright,Standing_With_Movement,,Located_Indoors|In_Conversation,Free_Living,
2021-11-01 20:28:02.700,2021-11-01 20:28:35.687,In_Position_Sitting,Sitting_With_Movement,,Located_Indoors|In_Conversation,Free_Living,
2021-11-01 20:28:45.687,2021-11-01 20:30:46.662,In_Position_Sitting,Sitting_With_Movement,,Located_Indoors|In_Conversation,Free_Living,
2021-11-01 20:30:48.662,2021-11-01 20:33:47.637,In_Position_Upright,Standing_With_Movement,,Located_Indoors|In_Conversation,Free_Living,
2021-11-01 20:33:49.637,2021-11-01 20:54:12.412,In_Position_Sitting,Sitting_With_Movement,,Located_Indoors|In_Conversation,Free_Living,
2021-11-01 20:54:13.412,2021-11-01 20:54:28.412,In_Position_Sitting,Sitting_With_Movement,,Located_Indoors|In_Conversation|On_Phone_Call,Free_Living,
2021-11-01 20:54:30.412,2021-11-01 20:54:42.412,In_Position_Sitting,Sitting_With_Movement,,Located_Indoors|In_Conversation|Texting/Browsing_Phone,Free_Living,
2021-11-01 20:54:42.412,2021-11-01 20:54:48.412,In_Position_Sitting,Sitting_With_Movement,,Located_Indoors|In_Conversation|On_Phone_Call,Free_Living,
2021-11-01 20:54:49.412,2021-11-01 20:54:54.412,In_Position_Sitting,Sitting_With_Movement,,Located_Indoors|In_Conversation|Texting/Browsing_Phone,Free_Living,
2021-11-01 20:54:56.412,2021-11-01 20:55:19.400,In_Position_Sitting,Sitting_With_Movement,,Located_Indoors|In_Conversation,Free_Living,
2021-11-01 20:55:21.400,2021-11-01 20:55:48.400,In_Position_Sitting,Sitting_With_Movement,,Located_Indoors|In_Conversation,Free_Living,
2021-11-01 20:55:52.400,2021-11-01 20:56:31.387,In_Position_Sitting,Sitting_With_Movement,,Located_Indoors|In_Conversation,Free_Living,
2021-11-01 20:56:37.387,2021-11-01 20:56:51.387,In_Position_Sitting,Sitting_With_Movement,Dressing/Undressing,Located_Indoors|In_Conversation,Free_Living,
2021-11-01 20:56:52.387,2021-11-01 20:56:56.387,In_Position_Upright,Standing_With_Movement,Dressing/Undressing,Located_Indoors|In_Conversation,Free_Living,
2021-11-01 20:56:59.387,2021-11-01 20:57:07.387,In_Position_Upright,Standing_With_Movement,,Located_Indoors|In_Conversation,Free_Living,
2021-11-01 21:07:24.275,2021-11-01 21:07:54.275,In_Position_Upright,Standing_With_Movement,,Located_Indoors|In_Conversation,Free_Living,
2021-11-01 21:07:54.275,2021-11-01 21:07:59.275,In_Position_Upright,Puttering_Around,,Located_Indoors|In_Conversation,Free_Living,
2021-11-01 21:08:04.275,2021-11-01 21:08:39.262,In_Position_Upright,Standing_With_Movement,,Located_Indoors|In_Conversation,Free_Living,
2021-11-01 21:08:40.262,2021-11-01 21:08:43.262,In_Position_Upright,Standing_With_Movement,,Located_Indoors|In_Conversation|Holding_Other_Object_Light,Free_Living,
2021-11-01 21:08:43.262,2021-11-01 21:09:14.262,In_Position_Upright,Standing_With_Movement,,Located_Indoors|In_Conversation|Holding_Other_Object_Light,Free_Living,
2021-11-01 21:09:19.262,2021-11-01 21:09:36.250,In_Position_Upright,Standing_With_Movement,,Located_Indoors|In_Conversation|Holding_Other_Object_Light,Free_Living,
2021-11-01 21:09:37.250,2021-11-01 21:09:58.250,In_Position_Upright,Walking,,Located_Indoors|In_Conversation|Holding_Other_Object_Light,Free_Living,
2021-11-01 21:09:59.250,2021-11-01 21:10:04.250,In_Position_Upright,Standing_With_Movement,,Located_Indoors|Holding_Other_Object_Light,Free_Living,
2021-11-01 21:10:05.250,2021-11-01 21:10:10.250,In_Position_Upright,Standing_With_Movement,,Located_Indoors|Holding_Other_Object_Light,Free_Living,
2021-11-01 21:10:10.250,2021-11-01 21:10:20.250,In_Position_Upright,Puttering_Around,,Located_Indoors|Holding_Other_Object_Light,Free_Living,
2021-11-01 21:10:21.250,2021-11-01 21:10:40.237,In_Position_Upright,Standing_With_Movement,Riding_Elevator_Down,Located_Indoors|Holding_Other_Object_Light,Free_Living,
2021-11-01 21:10:40.237,2021-11-01 21:11:00.237,In_Position_Upright,Walking_Fast,In_Transit_Active,Located_Indoors|Holding_Other_Object_Light,Free_Living,
2021-11-01 21:11:01.237,2021-11-01 21:11:03.237,In_Position_Upright,Walking_Down_Stairs,In_Transit_Active,Located_Indoors|Holding_Other_Object_Light,Free_Living,
2021-11-01 21:11:03.237,2021-11-01 21:11:05.237,In_Position_Upright,Walking,In_Transit_Active,Located_Indoors|Holding_Other_Object_Light,Free_Living,
2021-11-01 21:11:06.237,2021-11-01 21:11:44.237,In_Position_Upright,Walking,In_Transit_Active,Holding_Other_Object_Light|Located_Outdoors,Free_Living,
2021-11-01 21:11:46.225,2021-11-01 21:11:49.225,In_Position_Upright,Standing_With_Movement,In_Transit_Active,Holding_Other_Object_Light|Located_Outdoors,Free_Living,
2021-11-01 21:11:54.225,2021-11-01 21:12:20.225,In_Position_Sitting,Sitting_With_Movement,,Located_Outdoors,Free_Living,
2021-11-01 21:12:27.225,2021-11-01 21:22:17.125,In_Position_Sitting,Sitting_With_Movement,In_Transit_Driving_Car,Located_Outdoors,Free_Living,
2021-11-01 21:22:20.125,2021-11-01 21:23:09.112,In_Position_Upright,Walking,In_Transit_Active,Located_Outdoors|Holding_Other_Object_Light,Free_Living,
2021-11-01 21:23:10.112,2021-11-01 21:23:23.112,In_Position_Upright,Standing_With_Movement,In_Transit_Active,Located_Outdoors,Free_Living,
2021-11-01 21:23:28.112,2021-11-01 21:23:34.100,In_Position_Upright,Walking_Up_Stairs,In_Transit_Active,Located_Indoors,Free_Living,
2021-11-01 21:23:40.100,2021-11-01 21:23:44.100,In_Position_Upright,Standing_With_Movement,,Located_Indoors,Free_Living,
2021-11-01 21:23:45.100,2021-11-01 21:23:53.100,In_Position_Upright,Puttering_Around,,Located_Indoors,Free_Living,
2021-11-01 21:23:56.100,2021-11-01 21:24:19.100,In_Position_Upright,Standing_With_Movement,,Located_Indoors,Free_Living,
2021-11-01 21:24:20.100,2021-11-01 21:24:25.100,In_Position_Upright,Puttering_Around,,Located_Indoors,Free_Living,
2021-11-01 21:24:31.100,2021-11-01 21:24:43.087,In_Position_Upright,Standing_With_Movement,,Located_Indoors,Free_Living,
2021-11-01 21:25:18.087,2021-11-01 21:25:38.087,In_Position_Upright,Puttering_Around,,Located_Indoors,Free_Living,
2021-11-01 21:25:40.087,2021-11-01 21:25:49.087,In_Position_Upright,Puttering_Around,,Located_Indoors,Free_Living,
2021-11-01 21:25:53.075,2021-11-01 21:26:03.075,In_Position_Upright,Standing_With_Movement,,Located_Indoors|Texting/Browsing_Phone,Free_Living,
2021-11-01 21:26:04.075,2021-11-01 21:26:07.075,In_Position_Upright,Puttering_Around,,,Free_Living,
2021-11-01 21:26:08.075,2021-11-01 21:26:43.075,In_Position_Upright,Standing_With_Movement,,Located_Indoors,Free_Living,
2021-11-01 21:26:46.075,2021-11-01 21:27:08.062,In_Position_Upright,Standing_With_Movement,,Located_Indoors,Free_Living,
2021-11-01 21:27:12.062,2021-11-01 21:27:34.062,In_Position_Upright,Standing_With_Movement,,Located_Indoors,Free_Living,
2021-11-01 21:27:38.062,2021-11-01 21:27:54.062,In_Position_Upright,Standing_With_Movement,Packing/Unpacking_Something,Located_Indoors,Free_Living,
2021-11-01 21:27:55.062,2021-11-01 21:28:27.050,In_Position_Upright,Standing_With_Movement,,Located_Indoors|Holding_Book/Reader,Free_Living,
2021-11-01 21:28:29.050,2021-11-01 21:28:36.050,In_Position_Upright,Puttering_Around,,Located_Indoors,Free_Living,
2021-11-01 21:28:37.050,2021-11-01 21:28:43.050,In_Position_Upright,Puttering_Around,,Located_Indoors|Holding_Other_Object_Light,Free_Living,
2021-11-01 21:28:43.050,2021-11-01 21:29:19.050,In_Position_Upright,Standing_With_Movement,Packing/Unpacking_Something,Located_Indoors,Free_Living,
2021-11-01 21:29:20.050,2021-11-01 21:29:47.037,In_Position_Upright,Standing_With_Movement,Using_Computer/Screen,Located_Indoors|Browsing_Computer,Free_Living,
2021-11-01 21:29:47.037,2021-11-01 21:30:34.037,In_Position_Upright,Standing_With_Movement,,Located_Indoors|Holding_Book/Reader,Free_Living,
2021-11-01 21:30:34.037,2021-11-01 21:32:16.012,In_Position_Upright,Standing_With_Movement,Using_Computer/Screen,Located_Indoors|Holding_Book/Reader|Browsing_Computer,Free_Living,
2021-11-01 21:32:17.012,2021-11-01 21:32:38.012,In_Position_Upright,Standing_With_Movement,Packing/Unpacking_Something,Located_Indoors,Free_Living,
2021-11-01 21:32:41.012,2021-11-01 21:33:49.000,In_Position_Upright,Puttering_Around,,Located_Indoors,Free_Living,
2021-11-01 21:33:50.000,2021-11-01 21:34:07.000,Posture_Other,Standing_With_Movement,,Located_Indoors,Free_Living,
2021-11-01 21:34:14.987,2021-11-01 21:34:24.987,In_Position_Upright,Puttering_Around,,Located_Indoors|Holding_Other_Object_Light,Free_Living,
2021-11-01 21:34:25.987,2021-11-01 21:34:40.987,In_Position_Upright,Standing_With_Movement,,Located_Indoors|Holding_Other_Object_Light,Free_Living,
2021-11-01 21:34:41.987,2021-11-01 21:35:14.987,In_Position_Upright,Standing_With_Movement,Cooking/Prepping_Food,Located_Indoors,Free_Living,
2021-11-01 21:35:15.987,2021-11-01 21:35:47.975,In_Position_Upright,Puttering_Around,Cooking/Prepping_Food,Located_Indoors,Free_Living,
2021-11-01 21:35:47.975,2021-11-01 21:37:07.962,In_Position_Upright,Standing_With_Movement,Cooking/Prepping_Food,Located_Indoors,Free_Living,
2021-11-01 21:37:07.962,2021-11-01 21:38:11.950,In_Position_Upright,Puttering_Around,,Located_Indoors,Free_Living,
2021-11-01 21:38:15.950,2021-11-01 21:39:00.937,In_Position_Upright,Puttering_Around,Cooking/Prepping_Food,Located_Indoors,Free_Living,
2021-11-01 21:39:01.937,2021-11-01 21:39:28.937,In_Position_Upright,Standing_With_Movement,Cooking/Prepping_Food,Located_Indoors,Free_Living,
2021-11-01 21:39:31.937,2021-11-01 21:40:05.925,In_Position_Upright,Puttering_Around,,Located_Indoors|Holding_Other_Object_Light,Free_Living,
2021-11-01 21:41:09.925,2021-11-01 21:41:18.912,In_Position_Upright,Standing_With_Movement,HLB_Other,Located_Indoors,Free_Living,
2021-11-01 21:41:18.912,2021-11-01 21:41:22.912,In_Position_Sitting,Sitting_With_Movement,Using_Computer/Screen,Located_Indoors,Free_Living,
2021-11-01 21:41:22.912,2021-11-01 21:41:27.912,In_Position_Sitting,Sitting_With_Movement,Using_Computer/Screen,Located_Indoors|Browsing_Computer,Free_Living,
2021-11-01 21:41:28.912,2021-11-01 21:41:37.912,In_Position_Upright,Walking,HLB_Other,Located_Indoors|Holding_Other_Object_Light,Free_Living,
2021-11-01 21:41:37.912,2021-11-01 21:41:41.912,In_Position_Upright,Walking,HLB_Other,Located_Indoors,Free_Living,
2021-11-01 21:41:41.912,2021-11-01 21:41:42.912,In_Position_Upright,Standing_With_Movement,HLB_Other,Located_Indoors,Free_Living,
2021-11-01 21:41:42.912,2021-11-01 21:41:56.912,In_Position_Upright,Standing_With_Movement,HLB_Other,Located_Indoors|Holding_Other_Object_Light,Free_Living,
2021-11-01 21:41:56.912,2021-11-01 21:41:58.912,In_Position_Upright,Standing_With_Movement,HLB_Other,Located_Indoors|Holding_Other_Object_Light,Free_Living,
2021-11-01 21:41:58.912,2021-11-01 21:42:11.912,In_Position_Upright,Walking,HLB_Other,Located_Indoors,Free_Living,
2021-11-01 21:42:11.912,2021-11-01 21:42:13.912,In_Position_Sitting,Sitting_With_Movement,HLB_Other,Located_Indoors,Free_Living,
2021-11-01 21:42:13.912,2021-11-01 21:42:19.912,In_Position_Sitting,Sitting_With_Movement,HLB_Other|Using_Computer/Screen,Located_Indoors|Holding_Other_Object_Light,Free_Living,
2021-11-01 21:42:19.912,2021-11-01 21:42:23.900,In_Position_Sitting,Sitting_With_Movement,HLB_Other|Using_Computer/Screen,Located_Indoors,Free_Living,
2021-11-01 21:42:23.900,2021-11-01 21:42:59.900,In_Position_Sitting,Sitting_With_Movement,HLB_Other|Using_Computer/Screen,Located_Indoors|Browsing_Computer,Free_Living,
2021-11-01 21:42:59.900,2021-11-01 21:43:04.900,In_Position_Sitting,Sitting_With_Movement,HLB_Other|Using_Computer/Screen,Located_Indoors|Typing_Computer,Free_Living,
2021-11-01 21:43:04.900,2021-11-01 21:43:10.900,In_Position_Sitting,Sitting_With_Movement,HLB_Other|Using_Computer/Screen,Located_Indoors|Browsing_Computer,Free_Living,
2021-11-01 21:43:10.900,2021-11-01 21:43:30.900,In_Position_Sitting,Sitting_With_Movement,HLB_Other|Using_Computer/Screen,Located_Indoors|Typing_Computer,Free_Living,
2021-11-01 21:43:30.900,2021-11-01 21:44:03.887,In_Position_Sitting,Sitting_With_Movement,HLB_Other|Using_Computer/Screen,Located_Indoors|Browsing_Computer,Free_Living,
2021-11-01 21:44:03.887,2021-11-01 21:45:09.875,In_Position_Sitting,Sitting_With_Movement,HLB_Other|Using_Computer/Screen,Located_Indoors|Typing_Computer,Free_Living,
2021-11-01 21:45:09.875,2021-11-01 21:49:25.837,In_Position_Sitting,Sitting_With_Movement,Using_Computer/Screen,Located_Indoors|Typing_Computer,Free_Living,
2021-11-01 21:49:25.837,2021-11-01 21:49:33.825,In_Position_Sitting,Sitting_With_Movement,Using_Computer/Screen,Located_Indoors|Browsing_Computer,Free_Living,
2021-11-01 21:49:33.825,2021-11-01 21:49:36.825,In_Position_Sitting,Sitting_With_Movement,Using_Computer/Screen,Located_Indoors|Holding_Drink,Free_Living,
2021-11-01 21:49:36.825,2021-11-01 21:50:30.825,In_Position_Sitting,Sitting_With_Movement,Using_Computer/Screen,Located_Indoors|Browsing_Computer,Free_Living,
2021-11-01 21:50:30.825,2021-11-01 21:51:00.812,In_Position_Sitting,Sitting_With_Movement,Using_Computer/Screen,Located_Indoors|Typing_Computer,Free_Living,
2021-11-01 21:51:00.812,2021-11-01 21:51:22.812,In_Position_Sitting,Sitting_With_Movement,Using_Computer/Screen,Located_Indoors|Browsing_Computer,Free_Living,
2021-11-01 21:51:22.812,2021-11-01 21:51:33.812,In_Position_Sitting,Sitting_With_Movement,Using_Computer/Screen,Located_Indoors|Typing_Computer,Free_Living,
2021-11-01 21:51:33.812,2021-11-01 21:51:36.812,In_Position_Sitting,Sitting_With_Movement,Using_Computer/Screen,Located_Indoors|Browsing_Computer,Free_Living,
2021-11-01 21:51:36.812,2021-11-01 21:51:38.812,In_Position_Sitting,Sitting_With_Movement,Using_Computer/Screen,Located_Indoors|Browsing_Computer|Holding_Drink,Free_Living,
2021-11-01 21:51:38.812,2021-11-01 21:51:45.812,In_Position_Sitting,Sitting_With_Movement,Using_Computer/Screen,Located_Indoors|Browsing_Computer,Free_Living,
2021-11-01 21:51:45.812,2021-11-01 21:52:29.800,In_Position_Sitting,Sitting_With_Movement,Using_Computer/Screen,Located_Indoors|Typing_Computer,Free_Living,
2021-11-01 21:52:29.800,2021-11-01 21:52:32.800,In_Position_Sitting,Sitting_With_Movement,Using_Computer/Screen,Located_Indoors|Browsing_Computer,Free_Living,
2021-11-01 21:52:32.800,2021-11-01 21:52:51.800,In_Position_Sitting,Sitting_With_Movement,Using_Computer/Screen,Located_Indoors|Typing_Computer,Free_Living,
2021-11-01 21:52:51.800,2021-11-01 21:53:55.787,In_Position_Sitting,Sitting_With_Movement,Using_Computer/Screen,Located_Indoors|Browsing_Computer,Free_Living,
2021-11-01 21:53:55.787,2021-11-01 21:54:12.775,In_Position_Sitting,Sitting_With_Movement,Using_Computer/Screen,Located_Indoors|Typing_Computer,Free_Living,
2021-11-01 21:54:12.775,2021-11-01 21:55:30.762,In_Position_Sitting,Sitting_With_Movement,Using_Computer/Screen,Located_Indoors|Browsing_Computer,Free_Living,
2021-11-01 21:55:30.762,2021-11-01 21:56:05.762,In_Position_Sitting,Sitting_With_Movement,Using_Computer/Screen,Located_Indoors|Typing_Computer,Free_Living,
2021-11-01 21:56:05.762,2021-11-01 21:56:08.762,In_Position_Sitting,Sitting_With_Movement,Using_Computer/Screen,Located_Indoors|Browsing_Computer,Free_Living,
2021-11-01 21:56:08.762,2021-11-01 21:56:11.762,In_Position_Sitting,Sitting_With_Movement,Using_Computer/Screen,Located_Indoors|Typing_Computer,Free_Living,
2021-11-01 21:56:11.762,2021-11-01 21:57:59.737,In_Position_Sitting,Sitting_With_Movement,Using_Computer/Screen,Located_Indoors|Browsing_Computer,Free_Living,
2021-11-01 21:57:59.737,2021-11-01 21:58:19.737,In_Position_Sitting,Sitting_With_Movement,Using_Computer/Screen,Located_Indoors|Typing_Computer,Free_Living,
2021-11-01 21:58:19.737,2021-11-01 21:59:20.725,In_Position_Sitting,Sitting_With_Movement,Using_Computer/Screen,Located_Indoors,Free_Living,
2021-11-01 21:59:20.725,2021-11-01 21:59:27.725,In_Position_Sitting,Sitting_With_Movement,Using_Computer/Screen,Located_Indoors|Holding_Drink,Free_Living,
2021-11-01 21:59:30.725,2021-11-01 22:01:01.712,In_Position_Sitting,Sitting_With_Movement,Using_Computer/Screen,Located_Indoors|Browsing_Computer,Free_Living,
2021-11-01 22:01:01.712,2021-11-01 22:01:03.712,In_Position_Sitting,Sitting_With_Movement,Using_Computer/Screen,Located_Indoors|Browsing_Computer|Holding_Drink,Free_Living,
2021-11-01 22:01:03.712,2021-11-01 22:02:49.687,In_Position_Sitting,Sitting_With_Movement,Using_Computer/Screen,Located_Indoors|Browsing_Computer,Free_Living,
2021-11-01 22:02:49.687,2021-11-01 22:03:07.687,In_Position_Sitting,Sitting_With_Movement,Using_Computer/Screen,Located_Indoors|Browsing_Computer,Free_Living,
2021-11-01 22:03:07.687,2021-11-01 22:03:53.675,In_Position_Sitting,Sitting_With_Movement,Using_Computer/Screen,Located_Indoors|Browsing_Computer,Free_Living,
2021-11-01 22:03:53.675,2021-11-01 22:04:29.675,In_Position_Sitting,Sitting_With_Movement,Using_Computer/Screen,Located_Indoors|Typing_Computer,Free_Living,
2021-11-01 22:04:29.675,2021-11-01 22:04:54.662,In_Position_Sitting,Sitting_With_Movement,Using_Computer/Screen,Located_Indoors|Typing_Computer,Free_Living,
2021-11-01 22:04:54.662,2021-11-01 22:04:58.662,In_Position_Sitting,Sitting_With_Movement,Using_Computer/Screen,Located_Indoors|Browsing_Computer,Free_Living,
2021-11-01 22:04:58.662,2021-11-01 22:05:10.662,In_Position_Sitting,Sitting_With_Movement,Using_Computer/Screen,Located_Indoors|Browsing_Computer,Free_Living,
2021-11-01 22:05:10.662,2021-11-01 22:05:39.662,In_Position_Sitting,Sitting_With_Movement,Using_Computer/Screen,Located_Indoors|Typing_Computer,Free_Living,
2021-11-01 22:05:39.662,2021-11-01 22:05:59.650,In_Position_Sitting,Sitting_With_Movement,Using_Computer/Screen,Located_Indoors|Browsing_Computer,Free_Living,
2021-11-01 22:05:59.650,2021-11-01 22:06:01.650,In_Position_Sitting,Sitting_With_Movement,Using_Computer/Screen,Located_Indoors|Browsing_Computer,Free_Living,
2021-11-01 22:06:01.650,2021-11-01 22:06:14.650,In_Position_Sitting,Sitting_With_Movement,Using_Computer/Screen,Located_Indoors|Browsing_Computer|Holding_Drink,Free_Living,
2021-11-01 22:06:14.650,2021-11-01 22:06:45.650,In_Position_Sitting,Sitting_With_Movement,Using_Computer/Screen,Located_Indoors|Browsing_Computer,Free_Living,
2021-11-01 22:06:45.650,2021-11-01 22:06:49.650,Posture_Video_Unavailable/Indecipherable,PA_Type_Video_Unavailable/Indecipherable,HLB_Video_Unavailable/Indecipherable,Located_Indoors,Free_Living,
2021-11-01 22:06:49.650,2021-11-01 22:09:23.625,In_Position_Sitting,Sitting_With_Movement,Using_Computer/Screen,Located_Indoors|Browsing_Computer,Free_Living,
2021-11-01 22:09:23.625,2021-11-01 22:09:43.612,In_Position_Sitting,Sitting_With_Movement,Using_Computer/Screen,Located_Indoors|Typing_Computer,Free_Living,
2021-11-01 22:09:43.612,2021-11-01 22:09:45.612,In_Position_Sitting,Sitting_With_Movement,Using_Computer/Screen,Located_Indoors|Typing_Computer,Free_Living,
2021-11-01 22:09:45.612,2021-11-01 22:10:17.612,In_Position_Sitting,Sitting_With_Movement,Using_Computer/Screen,Located_Indoors|Browsing_Computer,Free_Living,
2021-11-01 22:10:17.612,2021-11-01 22:10:20.612,Posture_Video_Unavailable/Indecipherable,PA_Type_Video_Unavailable/Indecipherable,HLB_Video_Unavailable/Indecipherable,Located_Indoors,Free_Living,
2021-11-01 22:10:20.612,2021-11-01 22:10:51.600,In_Position_Sitting,Sitting_With_Movement,Using_Computer/Screen,Located_Indoors|Browsing_Computer,Free_Living,
2021-11-01 22:10:51.600,2021-11-01 22:10:53.600,In_Position_Sitting,Sitting_With_Movement,Using_Computer/Screen,Located_Indoors|Browsing_Computer,Free_Living,
2021-11-01 22:10:53.600,2021-11-01 22:11:13.600,In_Position_Sitting,Sitting_With_Movement,Using_Computer/Screen,Located_Indoors|Texting/Browsing_Phone,Free_Living,
2021-11-01 22:11:13.600,2021-11-01 22:11:16.600,In_Position_Sitting,Sitting_With_Movement,Using_Computer/Screen,Located_Indoors,Free_Living,
2021-11-01 22:11:16.600,2021-11-01 22:11:17.600,In_Position_Sitting,Sitting_With_Movement,Using_Computer/Screen,Located_Indoors|Texting/Browsing_Phone,Free_Living,
2021-11-01 22:11:17.600,2021-11-01 22:11:19.600,In_Position_Sitting,Sitting_With_Movement,Using_Computer/Screen,Located_Indoors|Texting/Browsing_Phone,Free_Living,
2021-11-01 22:11:19.600,2021-11-01 22:12:30.587,In_Position_Sitting,Sitting_With_Movement,Using_Computer/Screen,Located_Indoors|Browsing_Computer,Free_Living,
2021-11-01 22:12:30.587,2021-11-01 22:12:36.587,In_Position_Sitting,Sitting_With_Movement,Using_Computer/Screen,Located_Indoors|Typing_Computer,Free_Living,
2021-11-01 22:12:36.587,2021-11-01 22:12:44.587,In_Position_Sitting,Sitting_With_Movement,Using_Computer/Screen,Located_Indoors|Browsing_Computer,Free_Living,
2021-11-01 22:12:44.587,2021-11-01 22:13:03.575,In_Position_Sitting,Sitting_With_Movement,Using_Computer/Screen,Located_Indoors|Typing_Computer,Free_Living,
2021-11-01 22:13:03.575,2021-11-01 22:13:10.575,In_Position_Sitting,Sitting_With_Movement,Using_Computer/Screen,Located_Indoors|Browsing_Computer,Free_Living,
2021-11-01 22:13:10.575,2021-11-01 22:13:21.575,In_Position_Sitting,Sitting_With_Movement,Using_Computer/Screen,Located_Indoors|Typing_Computer,Free_Living,
2021-11-01 22:13:21.575,2021-11-01 22:13:30.575,In_Position_Sitting,Sitting_With_Movement,Using_Computer/Screen,Located_Indoors|Browsing_Computer,Free_Living,
2021-11-01 22:13:30.575,2021-11-01 22:14:21.562,In_Position_Sitting,Sitting_With_Movement,Using_Computer/Screen,Located_Indoors|Typing_Computer,Free_Living,
2021-11-01 22:14:21.562,2021-11-01 22:16:12.550,In_Position_Sitting,Sitting_With_Movement,Using_Computer/Screen,Located_Indoors|Browsing_Computer,Free_Living,
2021-11-01 22:16:12.550,2021-11-01 22:16:15.550,In_Position_Sitting,Sitting_With_Movement,Using_Computer/Screen,Located_Indoors|Typing_Computer,Free_Living,
2021-11-01 22:16:15.550,2021-11-01 22:16:42.537,In_Position_Sitting,Sitting_With_Movement,Using_Computer/Screen,Located_Indoors|Browsing_Computer,Free_Living,
2021-11-01 22:16:42.537,2021-11-01 22:18:11.525,In_Position_Sitting,Sitting_With_Movement,Using_Computer/Screen,Located_Indoors|Typing_Computer,Free_Living,
2021-11-01 22:18:11.525,2021-11-01 22:22:13.487,In_Position_Sitting,Sitting_With_Movement,Using_Computer/Screen,Located_Indoors|Browsing_Computer,Free_Living,
2021-11-01 22:22:13.487,2021-11-01 22:22:19.487,In_Position_Sitting,Sitting_With_Movement,Using_Computer/Screen,Located_Indoors|Typing_Computer,Free_Living,
2021-11-01 22:22:19.487,2021-11-01 22:26:43.437,In_Position_Sitting,Sitting_With_Movement,Using_Computer/Screen,Located_Indoors|Browsing_Computer,Free_Living,
2021-11-01 22:26:43.437,2021-11-01 22:27:03.437,In_Position_Sitting,Sitting_With_Movement,Using_Computer/Screen,Located_Indoors|Browsing_Computer,Free_Living,
2021-11-01 22:27:03.437,2021-11-01 22:27:19.425,In_Position_Sitting,Sitting_With_Movement,Using_Computer/Screen,Located_Indoors|Typing_Computer,Free_Living,
2021-11-01 22:27:19.425,2021-11-01 22:28:14.425,In_Position_Sitting,Sitting_With_Movement,Using_Computer/Screen,Located_Indoors|Browsing_Computer,Free_Living,
2021-11-01 22:28:14.425,2021-11-01 22:28:58.412,In_Position_Sitting,Sitting_With_Movement,Using_Computer/Screen,Located_Indoors|Browsing_Computer|Holding_Drink,Free_Living,
2021-11-01 22:28:58.412,2021-11-01 22:29:00.412,In_Position_Sitting,Sitting_With_Movement,Using_Computer/Screen,Located_Indoors|Browsing_Computer|Holding_Drink,Free_Living,
2021-11-01 22:29:00.412,2021-11-01 22:30:12.400,Posture_Video_Unavailable/Indecipherable,PA_Type_Video_Unavailable/Indecipherable,HLB_Video_Unavailable/Indecipherable,Located_Indoors,Free_Living,
2021-11-01 22:30:12.400,2021-11-01 22:30:22.400,In_Position_Sitting,Sitting_With_Movement,Using_Computer/Screen,Located_Indoors|Browsing_Computer|Holding_Other_Object_Light,Free_Living,
2021-11-01 22:30:22.400,2021-11-01 22:32:37.375,In_Position_Sitting,Sitting_With_Movement,Using_Computer/Screen,Located_Indoors|Browsing_Computer,Free_Living,
2021-11-01 22:32:37.375,2021-11-01 22:32:39.375,In_Position_Sitting,Sitting_With_Movement,Using_Computer/Screen,Located_Indoors|Browsing_Computer|Holding_Drink,Free_Living,
2021-11-01 22:32:39.375,2021-11-01 22:39:27.300,In_Position_Sitting,Sitting_With_Movement,Using_Computer/Screen,Located_Indoors|Browsing_Computer,Free_Living,
2021-11-01 22:39:27.300,2021-11-01 22:39:33.300,In_Position_Sitting,Sitting_With_Movement,Using_Computer/Screen,Located_Indoors|Browsing_Computer|Holding_Drink,Free_Living,
2021-11-01 22:39:33.300,2021-11-01 22:39:43.300,In_Position_Sitting,Sitting_With_Movement,Using_Computer/Screen,Located_Indoors|Browsing_Computer,Free_Living,
2021-11-01 22:39:43.300,2021-11-01 22:39:48.300,Posture_Video_Unavailable/Indecipherable,PA_Type_Video_Unavailable/Indecipherable,HLB_Video_Unavailable/Indecipherable,Located_Indoors,Free_Living,
2021-11-01 22:39:48.300,2021-11-01 22:39:49.300,Posture_Video_Unavailable/Indecipherable,PA_Type_Video_Unavailable/Indecipherable,HLB_Video_Unavailable/Indecipherable,Located_Indoors,Free_Living,
2021-11-01 22:39:49.300,2021-11-01 22:40:45.287,In_Position_Sitting,Sitting_With_Movement,Using_Computer/Screen,Located_Indoors|Browsing_Computer,Free_Living,
2021-11-01 22:40:45.287,2021-11-01 22:45:18.237,Posture_Video_Unavailable/Indecipherable,PA_Type_Video_Unavailable/Indecipherable,HLB_Video_Unavailable/Indecipherable,Located_Indoors,Free_Living,
2021-11-01 22:45:19.237,2021-11-01 22:50:36.187,In_Position_Sitting,Sitting_With_Movement,Using_Computer/Screen,Located_Indoors|Browsing_Computer,Free_Living,
2021-11-01 22:50:36.187,2021-11-01 22:52:34.162,In_Position_Sitting,Sitting_With_Movement,Using_Computer/Screen,Located_Indoors|Browsing_Computer,Free_Living,
2021-11-01 22:52:34.162,2021-11-01 22:52:43.162,In_Position_Sitting,Sitting_With_Movement,HLB_Video_Unavailable/Indecipherable,Located_Indoors,Free_Living,
2021-11-01 22:52:43.162,2021-11-01 22:52:46.162,In_Position_Sitting,Sitting_With_Movement,HLB_Video_Unavailable/Indecipherable,Located_Indoors,Free_Living,
2021-11-01 22:52:46.162,2021-11-01 22:58:09.100,In_Position_Sitting,Sitting_With_Movement,Using_Computer/Screen,Located_Indoors|Browsing_Computer,Free_Living,
2021-11-01 22:58:09.100,2021-11-01 22:58:18.100,In_Position_Sitting,Sitting_With_Movement,Using_Computer/Screen,Located_Indoors|Browsing_Computer,Free_Living,
2021-11-01 22:58:18.100,2021-11-01 22:58:21.100,In_Position_Sitting,Sitting_With_Movement,Using_Computer/Screen,Located_Indoors|Browsing_Computer,Free_Living,
2021-11-01 22:58:21.100,2021-11-01 22:58:25.100,In_Position_Upright,Standing_With_Movement,Using_Computer/Screen,Located_Indoors,Free_Living,
2021-11-01 22:58:25.100,2021-11-01 22:58:30.100,In_Position_Upright,Standing_With_Movement,Using_Computer/Screen,Located_Indoors,Free_Living,
2021-11-01 22:58:30.100,2021-11-01 23:00:33.075,Posture_Video_Unavailable/Indecipherable,PA_Type_Video_Unavailable/Indecipherable,HLB_Video_Unavailable/Indecipherable,CP_Video_Unavailable/Indecipherable,Free_Living,
2021-11-01 23:00:33.075,2021-11-01 23:00:35.075,Posture_Video_Unavailable/Indecipherable,PA_Type_Video_Unavailable/Indecipherable,HLB_Video_Unavailable/Indecipherable,CP_Video_Unavailable/Indecipherable,Free_Living,
2021-11-01 23:00:36.075,2021-11-01 23:00:47.075,In_Position_Upright,Walking,HLB_Other,Located_Indoors,Free_Living,
2021-11-01 23:00:47.075,2021-11-01 23:00:51.075,In_Position_Upright,Standing_With_Movement,HLB_Other|Watching_TV/Movies,Located_Indoors,Free_Living,
2021-11-01 23:00:51.075,2021-11-01 23:00:53.075,In_Position_Upright,Standing_With_Movement,HLB_Other|Watching_TV/Movies,Located_Indoors|Holding_Other_Object_Light,Free_Living,
2021-11-01 23:00:53.075,2021-11-01 23:00:59.075,In_Position_Upright,Standing_With_Movement,HLB_Other|Watching_TV/Movies,Located_Indoors|Holding_Other_Object_Light|Texting/Browsing_Phone,Free_Living,
2021-11-01 23:00:59.075,2021-11-01 23:01:01.075,In_Position_Upright,Walking,HLB_Other,Located_Indoors|Holding_Other_Object_Light,Free_Living,
2021-11-01 23:01:01.075,2021-11-01 23:01:10.075,In_Position_Upright,Walking,HLB_Other,Located_Indoors|Holding_Other_Object_Light|Texting/Browsing_Phone,Free_Living,
2021-11-01 23:01:10.075,2021-11-01 23:01:41.062,In_Position_Sitting,Sitting_With_Movement,Using_Computer/Screen,Located_Indoors,Free_Living,
2021-11-01 23:01:41.062,2021-11-01 23:01:43.062,In_Position_Sitting,Sitting_With_Movement,Using_Computer/Screen,Located_Indoors|Holding_Other_Object_Light,Free_Living,
2021-11-01 23:01:43.062,2021-11-01 23:02:02.062,In_Position_Sitting,Sitting_With_Movement,Using_Computer/Screen,Located_Indoors|Browsing_Computer,Free_Living,
2021-11-01 23:02:02.062,2021-11-01 23:02:35.050,In_Position_Sitting,Sitting_With_Movement,Using_Computer/Screen|Meeting_Virtual,Located_Indoors,Free_Living,
2021-11-01 23:02:35.050,2021-11-01 23:03:04.050,In_Position_Sitting,Sitting_With_Movement,Using_Computer/Screen|Meeting_Virtual,Located_Indoors|Browsing_Computer,Free_Living,
2021-11-01 23:03:04.050,2021-11-01 23:05:04.025,In_Position_Sitting,Sitting_With_Movement,Using_Computer/Screen,Located_Indoors|Browsing_Computer,Free_Living,
2021-11-01 23:05:04.025,2021-11-01 23:06:12.012,In_Position_Sitting,Sitting_With_Movement,Using_Computer/Screen,Located_Indoors|Browsing_Computer,Free_Living,
2021-11-01 23:06:12.012,2021-11-01 23:07:10.012,In_Position_Sitting,Sitting_With_Movement,Using_Computer/Screen,Located_Indoors|Browsing_Computer,Free_Living,
2021-11-01 23:07:10.012,2021-11-01 23:08:29.987,In_Position_Sitting,Sitting_With_Movement,Using_Computer/Screen,Located_Indoors|Browsing_Computer,Free_Living,
2021-11-01 23:08:29.987,2021-11-01 23:10:14.975,In_Position_Sitting,Sitting_With_Movement,Using_Computer/Screen|Meeting_Virtual,Located_Indoors|Browsing_Computer,Free_Living,
2021-11-01 23:10:14.975,2021-11-01 23:12:03.950,In_Position_Sitting,Sitting_With_Movement,Using_Computer/Screen|Meeting_Virtual,Located_Indoors,Free_Living,
2021-11-01 23:12:03.950,2021-11-01 23:12:08.950,In_Position_Sitting,Sitting_With_Movement,Using_Computer/Screen|Meeting_Virtual,Located_Indoors,Free_Living,
2021-11-01 23:12:08.950,2021-11-01 23:12:12.950,In_Position_Sitting,Sitting_With_Movement,Using_Computer/Screen|Meeting_Virtual,Located_Indoors,Free_Living,
2021-11-01 23:12:12.950,2021-11-01 23:12:38.950,In_Position_Upright,Standing_With_Movement,Using_Computer/Screen|Meeting_Virtual,Located_Indoors,Free_Living,
2021-11-01 23:12:38.950,2021-11-01 23:13:01.950,In_Position_Upright,Standing_With_Movement,Using_Computer/Screen|Meeting_Virtual,Located_Indoors,Free_Living,
2021-11-01 23:13:01.950,2021-11-01 23:13:15.937,In_Position_Sitting,Sitting_With_Movement,Using_Computer/Screen|Meeting_Virtual,Located_Indoors,Free_Living,
2021-11-01 23:13:15.937,2021-11-01 23:14:53.925,Posture_Video_Unavailable/Indecipherable,PA_Type_Video_Unavailable/Indecipherable,HLB_Video_Unavailable/Indecipherable,Located_Indoors,Free_Living,
2021-11-01 23:14:54.925,2021-11-01 23:14:55.925,Posture_Video_Unavailable/Indecipherable,PA_Type_Video_Unavailable/Indecipherable,HLB_Video_Unavailable/Indecipherable,Located_Indoors,Free_Living,
2021-11-02 06:36:00.975,2021-11-02 06:36:13.975,Posture_Video_Unavailable/Indecipherable,PA_Type_Video_Unavailable/Indecipherable,HLB_Video_Unavailable/Indecipherable,Located_Indoors,Free_Living,
2021-11-02 06:36:13.975,2021-11-02 06:36:53.975,In_Position_Upright,Puttering_Around,HLB_Other,Located_Indoors,Free_Living,
2021-11-02 06:36:53.975,2021-11-02 06:37:24.975,In_Position_Upright,Washing_Hands,HLB_Other,Located_Indoors,Free_Living,
2021-11-02 06:37:24.975,2021-11-02 06:37:30.975,In_Position_Upright,Puttering_Around,HLB_Other,Located_Indoors,Free_Living,
2021-11-02 06:37:30.975,2021-11-02 06:37:37.975,In_Position_Upright,Puttering_Around,HLB_Other,Located_Indoors|Holding_Other_Object_Light,Free_Living,
2021-11-02 06:37:37.975,2021-11-02 06:37:44.975,In_Position_Upright,Puttering_Around,HLB_Other,Located_Indoors,Free_Living,
2021-11-02 06:37:44.975,2021-11-02 06:37:48.975,In_Position_Upright,Puttering_Around,HLB_Other,Located_Indoors|Holding_Other_Object_Light,Free_Living,
2021-11-02 06:37:48.975,2021-11-02 06:37:57.975,In_Position_Upright,Puttering_Around,HLB_Other,Located_Indoors|Holding_Other_Object_Light,Free_Living,
2021-11-02 06:38:02.975,2021-11-02 06:38:26.975,In_Position_Upright,Puttering_Around,Cooking/Prepping_Food,Located_Indoors|Holding_Other_Object_Light,Free_Living,
2021-11-02 06:38:26.975,2021-11-02 06:39:27.975,In_Position_Upright,Standing_With_Movement,Cooking/Prepping_Food,Located_Indoors|Holding_Other_Object_Light,Free_Living,
2021-11-02 06:39:27.975,2021-11-02 06:39:47.975,In_Position_Upright,Puttering_Around,Cooking/Prepping_Food,Located_Indoors|Holding_Other_Object_Light,Free_Living,
2021-11-02 06:39:47.975,2021-11-02 06:39:58.975,In_Position_Upright,Standing_With_Movement,Cooking/Prepping_Food,Located_Indoors|Holding_Other_Object_Light|Holding_Drink,Free_Living,
2021-11-02 06:39:59.975,2021-11-02 06:40:04.975,In_Position_Upright,Puttering_Around,Cooking/Prepping_Food,Located_Indoors,Free_Living,
2021-11-02 06:40:04.975,2021-11-02 06:40:14.962,In_Position_Upright,Puttering_Around,Cooking/Prepping_Food,Located_Indoors|Holding_Other_Object_Light,Free_Living,
2021-11-02 06:40:14.962,2021-11-02 06:40:24.962,In_Position_Upright,Puttering_Around,Cooking/Prepping_Food,Located_Indoors,Free_Living,
2021-11-02 06:40:24.962,2021-11-02 06:40:39.962,In_Position_Upright,Standing_With_Movement,Cooking/Prepping_Food,Located_Indoors|Holding_Other_Object_Light,Free_Living,
2021-11-02 06:40:39.962,2021-11-02 06:40:45.962,In_Position_Upright,Walking,Cooking/Prepping_Food,Located_Indoors|Holding_Other_Object_Light,Free_Living,
2021-11-02 06:40:45.962,2021-11-02 06:41:00.962,In_Position_Upright,Standing_With_Movement,Cooking/Prepping_Food,Located_Indoors|Holding_Other_Object_Light,Free_Living,
2021-11-02 06:41:00.962,2021-11-02 06:41:06.962,In_Position_Upright,Standing_With_Movement,Cooking/Prepping_Food,Located_Indoors,Free_Living,
2021-11-02 06:41:06.962,2021-11-02 06:41:11.962,In_Position_Upright,Walking,Cooking/Prepping_Food,Located_Indoors,Free_Living,
2021-11-02 06:41:11.962,2021-11-02 06:45:09.962,In_Position_Upright,Puttering_Around,Cooking/Prepping_Food,Located_Indoors,Free_Living,
2021-11-02 06:45:10.962,2021-11-02 06:46:21.962,In_Position_Upright,Standing_With_Movement,Cooking/Prepping_Food,Located_Indoors,Free_Living,
2021-11-02 06:46:22.962,2021-11-02 06:46:39.962,In_Position_Upright,Puttering_Around,Cooking/Prepping_Food,Located_Indoors,Free_Living,
2021-11-02 06:46:40.962,2021-11-02 06:46:52.962,In_Position_Upright,Puttering_Around,Cooking/Prepping_Food,Located_Indoors|Holding_Solid_Food,Free_Living,
2021-11-02 06:46:53.962,2021-11-02 06:47:20.962,In_Position_Upright,Puttering_Around,Cooking/Prepping_Food,Located_Indoors,Free_Living,
2021-11-02 06:47:21.962,2021-11-02 06:47:34.962,In_Position_Upright,Puttering_Around,Cooking/Prepping_Food,Located_Indoors|Holding_Solid_Food,Free_Living,
2021-11-02 06:47:41.962,2021-11-02 06:47:49.962,In_Position_Upright,Standing_With_Movement,Cooking/Prepping_Food,Located_Indoors|Holding_Solid_Food,Free_Living,
2021-11-02 06:47:50.962,2021-11-02 06:48:47.950,In_Position_Upright,Puttering_Around,Cooking/Prepping_Food,Located_Indoors,Free_Living,
2021-11-02 06:48:49.950,2021-11-02 06:49:08.950,In_Position_Upright,Standing_With_Movement,Cooking/Prepping_Food,Located_Indoors,Free_Living,
2021-11-02 06:49:09.950,2021-11-02 06:49:34.950,In_Position_Upright,Puttering_Around,Cooking/Prepping_Food|Eating/Dining,Located_Indoors|Holding_Drink,Free_Living,
2021-11-02 06:49:34.950,2021-11-02 06:50:01.950,Posture_Other,Standing_With_Movement,Cooking/Prepping_Food,Located_Indoors,Free_Living,
2021-11-02 06:50:02.950,2021-11-02 06:50:39.950,In_Position_Upright,Puttering_Around,Cooking/Prepping_Food,Located_Indoors,Free_Living,
2021-11-02 06:50:42.950,2021-11-02 06:50:47.950,Posture_Video_Unavailable/Indecipherable,PA_Type_Video_Unavailable/Indecipherable,Cooking/Prepping_Food,Located_Indoors,Free_Living,
2021-11-02 06:50:51.950,2021-11-02 06:51:09.950,In_Position_Upright,Standing_With_Movement,Dressing/Undressing,Located_Indoors,Free_Living,
2021-11-02 06:51:22.950,2021-11-02 06:51:59.950,In_Position_Upright,Standing_With_Movement,Eating/Dining,Located_Indoors|Holding_Solid_Food,Free_Living,
2021-11-02 06:52:02.950,2021-11-02 06:52:14.950,In_Position_Upright,Puttering_Around,,Located_Indoors,Free_Living,
2021-11-02 06:52:15.950,2021-11-02 06:53:06.950,In_Position_Upright,Standing_With_Movement,Eating/Dining,Located_Indoors|Holding_Solid_Food,Free_Living,
2021-11-02 06:53:07.950,2021-11-02 06:53:49.950,In_Position_Upright,Standing_With_Movement,Cleaning,Located_Indoors,Free_Living,
2021-11-02 06:53:53.950,2021-11-02 06:54:03.950,In_Position_Upright,Standing_With_Movement,Eating/Dining,Located_Indoors|Holding_Drink,Free_Living,
2021-11-02 06:54:04.950,2021-11-02 06:54:54.950,In_Position_Upright,Standing_With_Movement,Eating/Dining,Located_Indoors|Holding_Drink,Free_Living,
2021-11-02 06:54:55.950,2021-11-02 06:55:02.950,In_Position_Upright,Puttering_Around,,Located_Indoors,Free_Living,
2021-11-02 06:55:02.950,2021-11-02 06:55:10.950,In_Position_Upright,Puttering_Around,,Located_Indoors|Holding_Other_Object_Light,Free_Living,
2021-11-02 06:55:11.950,2021-11-02 06:58:32.937,In_Position_Upright,Standing_With_Movement,Doing_Dishes,Located_Indoors|Holding_Other_Object_Light,Free_Living,
2021-11-02 06:58:44.937,2021-11-02 06:59:03.937,In_Position_Upright,Standing_With_Movement,,Located_Indoors|Holding_Drink,Free_Living,
2021-11-02 06:59:05.937,2021-11-02 06:59:12.937,In_Position_Upright,Puttering_Around,,Located_Indoors|Holding_Drink,Free_Living,
2021-11-02 06:59:12.937,2021-11-02 06:59:18.937,In_Position_Upright,Standing_With_Movement,,Located_Indoors|Holding_Drink,Free_Living,
2021-11-02 06:59:21.937,2021-11-02 06:59:36.937,In_Position_Upright,Standing_With_Movement,,Located_Indoors,Free_Living,
2021-11-02 06:59:37.937,2021-11-02 06:59:48.937,In_Position_Upright,Puttering_Around,,Located_Indoors,Free_Living,
2021-11-02 06:59:48.937,2021-11-02 07:00:08.937,In_Position_Upright,Standing_With_Movement,Cooking/Prepping_Food,Located_Indoors,Free_Living,
2021-11-02 07:00:10.937,2021-11-02 07:00:48.937,In_Position_Upright,Puttering_Around,Doing_Common_Housework_Light,Located_Indoors,Free_Living,
2021-11-02 07:00:48.937,2021-11-02 07:01:00.937,In_Position_Upright,Standing_With_Movement,Doing_Common_Housework_Light,Located_Indoors|Holding_Book/Reader,Free_Living,
2021-11-02 07:01:01.937,2021-11-02 07:03:10.937,In_Position_Upright,Puttering_Around,Doing_Common_Housework_Light,Located_Indoors|Holding_Other_Object_Light,Free_Living,
2021-11-02 07:03:11.937,2021-11-02 07:03:33.937,In_Position_Upright,Walking,Cooking/Prepping_Food|Doing_Common_Housework_Light,Located_Indoors|Holding_Other_Object_Light,Free_Living,
2021-11-02 07:03:34.937,2021-11-02 07:04:05.937,In_Position_Upright,Puttering_Around,Doing_Common_Housework_Light,Located_Indoors,Free_Living,
2021-11-02 07:04:07.937,2021-11-02 07:04:21.937,In_Position_Upright,Puttering_Around,Doing_Common_Housework_Light,Located_Indoors|Holding_Other_Object_Light,Free_Living,
2021-11-02 07:04:21.937,2021-11-02 07:04:31.937,In_Position_Upright,Walking,Doing_Common_Housework_Light,Located_Indoors|Holding_Other_Object_Light,Free_Living,
2021-11-02 07:04:31.937,2021-11-02 07:04:38.937,In_Position_Upright,Walking,Doing_Common_Housework_Light,Located_Indoors,Free_Living,
2021-11-02 07:04:49.937,2021-11-02 07:05:33.937,In_Position_Upright,Standing_With_Movement,Doing_Common_Housework_Light,Located_Indoors|Holding_Book/Reader|Holding_Other_Object_Light,Free_Living,
2021-11-02 07:05:33.937,2021-11-02 07:06:02.925,In_Position_Upright,Synchronizing_Sensors,Doing_Common_Housework_Light,Located_Indoors,Free_Living,
2021-11-02 07:06:02.925,2021-11-02 07:06:21.925,In_Position_Upright,Standing_With_Movement,Doing_Common_Housework_Light,Located_Indoors|Holding_Other_Object_Light|Holding_Book/Reader|Handwriting,Free_Living,
2021-11-02 07:06:21.925,2021-11-02 07:06:43.925,In_Position_Upright,Puttering_Around,Doing_Common_Housework_Light,Located_Indoors,Free_Living,
2021-11-02 07:06:43.925,2021-11-02 07:06:51.925,In_Position_Upright,Puttering_Around,Doing_Common_Housework_Light,Located_Indoors|Holding_Other_Object_Light,Free_Living,
2021-11-02 07:06:51.925,2021-11-02 07:06:55.925,In_Position_Upright,Puttering_Around,Doing_Common_Housework_Light,Located_Indoors,Free_Living,
2021-11-02 07:06:55.925,2021-11-02 07:06:59.925,In_Position_Upright,Standing_With_Movement,Doing_Common_Housework_Light,Located_Indoors|Holding_Book/Reader,Free_Living,
2021-11-02 07:06:59.925,2021-11-02 07:07:10.925,In_Position_Upright,Puttering_Around,Doing_Common_Housework_Light,Located_Indoors,Free_Living,
2021-11-02 07:07:10.925,2021-11-02 07:07:47.925,In_Position_Upright,Walking,Doing_Common_Housework_Light,Located_Indoors,Free_Living,
2021-11-02 07:07:47.925,2021-11-02 07:07:54.925,In_Position_Upright,Standing_With_Movement,Doing_Common_Housework_Light|Using_Computer/Screen,Located_Indoors|Texting/Browsing_Phone,Free_Living,
2021-11-02 07:07:55.925,2021-11-02 07:08:06.925,In_Position_Upright,Standing_With_Movement,HLB_Video_Unavailable/Indecipherable,Located_Indoors,Free_Living,
2021-11-02 07:08:06.925,2021-11-02 07:08:16.925,In_Position_Upright,Walking,Doing_Common_Housework_Light,Located_Indoors,Free_Living,
2021-11-02 07:08:20.925,2021-11-02 07:08:33.925,In_Position_Upright,Walking,Doing_Common_Housework_Light,Located_Indoors|Holding_Other_Object_Light,Free_Living,
2021-11-02 07:08:33.925,2021-11-02 07:09:12.925,In_Position_Upright,Standing_With_Movement,Doing_Common_Housework_Light,Located_Indoors|Holding_Other_Object_Light,Free_Living,
2021-11-02 07:09:12.925,2021-11-02 07:09:18.925,Posture_Other,Standing_With_Movement,Doing_Common_Housework_Light,Located_Indoors|Holding_Other_Object_Light,Free_Living,
2021-11-02 07:09:18.925,2021-11-02 07:09:36.925,In_Position_Upright,Standing_With_Movement,Doing_Common_Housework_Light,Located_Indoors|Holding_Other_Object_Light,Free_Living,
2021-11-02 07:09:36.925,2021-11-02 07:09:49.925,In_Position_Upright,Walking,Doing_Common_Housework_Light,Located_Indoors|Holding_Other_Object_Light,Free_Living,
2021-11-02 07:09:49.925,2021-11-02 07:10:37.925,In_Position_Upright,Standing_With_Movement,Doing_Common_Housework_Light|HLB_Video_Unavailable/Indecipherable,Located_Indoors|Holding_Other_Object_Light,Free_Living,
2021-11-02 07:10:38.925,2021-11-02 07:10:58.925,In_Position_Upright,Walking,Doing_Common_Housework_Light,Located_Indoors|Holding_Drink,Free_Living,
2021-11-02 07:10:58.925,2021-11-02 07:11:20.925,In_Position_Upright,Standing_With_Movement,Doing_Common_Housework_Light|Doing_Dishes,Located_Indoors|Holding_Drink,Free_Living,
2021-11-02 07:11:20.925,2021-11-02 07:11:32.925,In_Position_Upright,Puttering_Around,Doing_Common_Housework_Light,Located_Indoors|Holding_Other_Object_Light,Free_Living,
2021-11-02 07:11:32.925,2021-11-02 07:11:39.925,In_Position_Upright,Standing_With_Movement,Doing_Common_Housework_Light,Located_Indoors|Holding_Drink,Free_Living,
2021-11-02 07:11:39.925,2021-11-02 07:11:59.925,In_Position_Upright,Puttering_Around,Doing_Common_Housework_Light,Located_Indoors|Holding_Other_Object_Light,Free_Living,
2021-11-02 07:11:59.925,2021-11-02 07:12:30.925,In_Position_Upright,Walking,Doing_Common_Housework_Light,Located_Indoors|Holding_Other_Object_Light,Free_Living,
2021-11-02 07:12:30.925,2021-11-02 07:13:56.925,In_Position_Upright,Puttering_Around,Doing_Common_Housework_Light,Located_Indoors|Holding_Other_Object_Light,Free_Living,
2021-11-02 07:13:56.925,2021-11-02 07:14:06.925,In_Position_Upright,Walking,Doing_Common_Housework_Light,Located_Indoors|Holding_Other_Object_Light,Free_Living,
2021-11-02 07:14:06.925,2021-11-02 07:14:15.912,In_Position_Upright,Walking,Doing_Common_Housework_Light,Located_Indoors,Free_Living,
2021-11-02 07:14:15.912,2021-11-02 07:14:30.912,In_Position_Upright,Folding_Clothes,Doing_Common_Housework_Light|Doing_Laundry,Located_Indoors,Free_Living,
2021-11-02 07:14:30.912,2021-11-02 07:14:39.912,In_Position_Upright,Walking,Doing_Common_Housework_Light,Located_Indoors,Free_Living,
2021-11-02 07:14:39.912,2021-11-02 07:14:45.912,In_Position_Upright,Puttering_Around,Doing_Common_Housework_Light,Located_Indoors,Free_Living,
2021-11-02 07:14:45.912,2021-11-02 07:14:54.912,In_Position_Upright,Puttering_Around,Doing_Common_Housework_Light,Located_Indoors|Holding_Other_Object_Light,Free_Living,
2021-11-02 07:14:54.912,2021-11-02 07:15:20.912,In_Position_Upright,Standing_With_Movement,Doing_Dishes,Located_Indoors|Holding_Other_Object_Light,Free_Living,
2021-11-02 07:15:20.912,2021-11-02 07:15:46.912,In_Position_Upright,Puttering_Around,Doing_Common_Housework_Light,Located_Indoors,Free_Living,
2021-11-02 07:15:46.912,2021-11-02 07:15:55.912,In_Position_Upright,Walking,Doing_Common_Housework_Light,Located_Indoors,Free_Living,
2021-11-02 07:15:55.912,2021-11-02 07:30:49.900,Posture_Video_Unavailable/Indecipherable,PA_Type_Video_Unavailable/Indecipherable,HLB_Video_Unavailable/Indecipherable,Located_Indoors,Free_Living,
2021-11-02 07:30:54.900,2021-11-02 07:33:23.887,In_Position_Upright,Standing_With_Movement,HLB_Other,Located_Indoors|Holding_Other_Object_Light,Free_Living,
2021-11-02 07:33:23.887,2021-11-02 07:34:08.887,In_Position_Sitting,Sitting_With_Movement,HLB_Other,Located_Indoors|Holding_Other_Object_Light,Free_Living,
2021-11-02 07:34:08.887,2021-11-02 07:34:55.887,In_Position_Sitting,Sitting_With_Movement,Playing_With_Pets,Located_Indoors|Holding_Other_Object_Light,Free_Living,
2021-11-02 07:34:55.887,2021-11-02 07:35:35.887,In_Position_Upright,Walking,,Located_Indoors|Holding_Other_Object_Light,Free_Living,
2021-11-02 07:35:35.887,2021-11-02 07:36:34.887,In_Position_Sitting,Sitting_With_Movement,HLB_Other,Located_Indoors|Holding_Other_Object_Light,Free_Living,
2021-11-02 07:36:35.887,2021-11-02 07:36:42.887,In_Position_Upright,Puttering_Around,HLB_Other,Located_Indoors|Holding_Other_Object_Light,Free_Living,
2021-11-02 07:36:42.887,2021-11-02 07:36:50.887,In_Position_Upright,Standing_With_Movement,Cleaning,Located_Indoors|Holding_Other_Object_Light,Free_Living,
2021-11-02 07:36:50.887,2021-11-02 07:36:58.887,In_Position_Upright,Puttering_Around,HLB_Other,Located_Indoors,Free_Living,
2021-11-02 07:36:58.887,2021-11-02 07:37:43.887,In_Position_Upright,Standing_With_Movement,HLB_Other,Located_Indoors|Holding_Book/Reader|Holding_Other_Object_Light,Free_Living,
2021-11-02 07:37:43.887,2021-11-02 07:37:51.887,In_Position_Upright,Walking,HLB_Other,Located_Indoors,Free_Living,
2021-11-02 07:37:51.887,2021-11-02 07:38:07.887,In_Position_Upright,Standing_With_Movement,HLB_Other,Located_Indoors|Holding_Other_Object_Light,Free_Living,
2021-11-02 07:38:07.887,2021-11-02 07:38:15.887,Posture_Other,PA_Type_Other,HLB_Other,Located_Indoors|Holding_Other_Object_Light,Free_Living,
2021-11-02 07:38:15.887,2021-11-02 07:38:27.887,Posture_Other,PA_Type_Other,Playing_With_Pets,Located_Indoors|Holding_Other_Object_Light,Free_Living,
2021-11-02 07:38:27.887,2021-11-02 07:39:16.887,In_Position_Upright,Puttering_Around,HLB_Other,Located_Indoors|Holding_Other_Object_Light,Free_Living,
2021-11-02 07:39:16.887,2021-11-02 07:40:23.875,In_Position_Upright,Standing_With_Movement,HLB_Other,Located_Indoors|Holding_Other_Object_Light,Free_Living,
2021-11-02 07:40:24.875,2021-11-02 07:40:30.875,In_Position_Upright,Puttering_Around,HLB_Other,Located_Indoors|Holding_Other_Object_Light,Free_Living,
2021-11-02 07:40:30.875,2021-11-02 07:40:35.875,In_Position_Kneeling,Kneeling_With_Movement,HLB_Other,Located_Indoors|Holding_Other_Object_Light,Free_Living,
2021-11-02 07:40:35.875,2021-11-02 07:41:02.875,In_Position_Upright,Standing_With_Movement,HLB_Other,Located_Indoors|Holding_Other_Object_Light,Free_Living,
2021-11-02 07:41:02.875,2021-11-02 07:41:17.875,In_Position_Upright,Walking,Walking_Pet,Located_Indoors|Holding_Other_Object_Light,Free_Living,
2021-11-02 07:41:17.875,2021-11-02 07:41:19.875,In_Position_Upright,Walking_Down_Stairs,Walking_Pet,Located_Indoors|Holding_Other_Object_Light,Free_Living,
2021-11-02 07:41:19.875,2021-11-02 07:41:26.875,In_Position_Upright,Walking,Walking_Pet,Located_Indoors,Free_Living,
2021-11-02 07:41:26.875,2021-11-02 07:41:30.875,In_Position_Upright,Walking_Down_Stairs,Walking_Pet,Holding_Other_Object_Light|Located_Outdoors,Free_Living,
2021-11-02 07:41:30.875,2021-11-02 07:45:26.875,In_Position_Upright,Walking,Walking_Pet,Holding_Other_Object_Light|Located_Outdoors,Free_Living,
2021-11-02 07:45:26.875,2021-11-02 07:45:44.875,In_Position_Upright,Standing_With_Movement,Walking_Pet,Holding_Other_Object_Light|Located_Outdoors,Free_Living,
2021-11-02 07:45:44.875,2021-11-02 07:45:50.875,Posture_Other,PA_Type_Other,Walking_Pet,Holding_Other_Object_Light|Located_Outdoors,Free_Living,
2021-11-02 07:45:50.875,2021-11-02 07:48:17.862,In_Position_Upright,Walking,Walking_Pet,Holding_Other_Object_Light|Located_Outdoors,Free_Living,
2021-11-02 07:48:17.862,2021-11-02 07:48:23.862,In_Position_Upright,Walking_Up_Stairs,Walking_Pet,Holding_Other_Object_Light|Located_Outdoors,Free_Living,
2021-11-02 07:48:23.862,2021-11-02 07:48:26.862,In_Position_Upright,Walking,Walking_Pet,Holding_Other_Object_Light|Located_Outdoors,Free_Living,
2021-11-02 07:48:26.862,2021-11-02 07:48:30.862,In_Position_Upright,Walking_Up_Stairs,Walking_Pet,Holding_Other_Object_Light|Located_Indoors,Free_Living,
2021-11-02 07:48:30.862,2021-11-02 07:48:35.862,In_Position_Upright,Standing_With_Movement,Walking_Pet,Holding_Other_Object_Light|Located_Indoors,Free_Living,
2021-11-02 07:48:35.862,2021-11-02 07:49:16.862,In_Position_Upright,Walking,Walking_Pet,Holding_Other_Object_Light|Located_Indoors,Free_Living,
2021-11-02 07:49:16.862,2021-11-02 07:49:24.862,In_Position_Upright,Walking_Down_Stairs,HLB_Other,Holding_Other_Object_Light|Located_Indoors,Free_Living,
2021-11-02 07:49:24.862,2021-11-02 07:49:31.862,In_Position_Upright,Walking,HLB_Other,Holding_Other_Object_Light|Located_Indoors,Free_Living,
2021-11-02 07:49:31.862,2021-11-02 07:49:36.862,In_Position_Upright,Walking,HLB_Other,Located_Indoors,Free_Living,
2021-11-02 07:49:36.862,2021-11-02 07:49:45.862,In_Position_Upright,Walking_Up_Stairs,HLB_Other,Located_Indoors,Free_Living,
2021-11-02 07:49:45.862,2021-11-02 07:49:51.862,In_Position_Upright,Puttering_Around,HLB_Other,Located_Indoors,Free_Living,
2021-11-02 07:49:51.862,2021-11-02 07:50:30.862,In_Position_Upright,Standing_With_Movement,Cleaning,Located_Indoors,Free_Living,
2021-11-02 07:50:30.862,2021-11-02 07:51:12.862,In_Position_Upright,Puttering_Around,HLB_Other,Located_Indoors,Free_Living,
2021-11-02 07:51:12.862,2021-11-02 07:51:23.862,In_Position_Upright,Walking,HLB_Other,Located_Indoors,Free_Living,
2021-11-02 07:51:23.862,2021-11-02 07:51:38.862,In_Position_Upright,Walking,HLB_Other,Located_Indoors|Holding_Other_Object_Light,Free_Living,
2021-11-02 07:51:38.862,2021-11-02 07:52:01.862,In_Position_Upright,Puttering_Around,HLB_Other,Located_Indoors,Free_Living,
2021-11-02 07:52:01.862,2021-11-02 07:52:58.862,In_Position_Upright,Standing_With_Movement,HLB_Other,Located_Indoors|Holding_Other_Object_Light,Free_Living,
2021-11-02 07:53:02.862,2021-11-02 07:53:47.862,In_Position_Upright,Puttering_Around,Cleaning,Located_Indoors|Holding_Other_Object_Light,Free_Living,
2021-11-02 07:53:47.862,2021-11-02 07:54:00.862,In_Position_Upright,Standing_With_Movement,HLB_Other,Located_Indoors|Holding_Book/Reader,Free_Living,
2021-11-02 07:54:00.862,2021-11-02 07:54:08.862,In_Position_Upright,Walking,HLB_Other,Located_Indoors|Holding_Other_Object_Light,Free_Living,
2021-11-02 07:54:08.862,2021-11-02 07:54:19.862,In_Position_Upright,Walking,HLB_Other,Located_Indoors,Free_Living,
2021-11-02 07:54:19.862,2021-11-02 07:55:20.862,In_Position_Upright,Standing_With_Movement,HLB_Other,Located_Indoors|Holding_Book/Reader,Free_Living,
2021-11-02 07:55:20.862,2021-11-02 07:55:27.862,In_Position_Upright,Puttering_Around,HLB_Other,Located_Indoors|Holding_Book/Reader,Free_Living,
2021-11-02 07:55:27.862,2021-11-02 07:56:01.862,In_Position_Upright,Puttering_Around,Doing_Common_Housework_Light,Located_Indoors,Free_Living,
2021-11-02 07:56:01.862,2021-11-02 07:56:10.862,In_Position_Upright,Puttering_Around,HLB_Other,Located_Indoors|Holding_Other_Object_Light|Holding_Drink,Free_Living,
2021-11-02 07:56:10.862,2021-11-02 07:56:20.862,In_Position_Upright,Walking,HLB_Other,Located_Indoors|Holding_Other_Object_Light|Holding_Drink,Free_Living,
2021-11-02 07:56:20.862,2021-11-02 07:56:44.862,In_Position_Upright,Puttering_Around,HLB_Other,Located_Indoors,Free_Living,
2021-11-02 07:56:46.862,2021-11-02 07:58:11.850,In_Position_Sitting,Sitting_With_Movement,Using_Computer/Screen,Located_Indoors|Browsing_Computer,Free_Living,
2021-11-02 07:58:11.850,2021-11-02 07:59:52.850,In_Position_Sitting,Sitting_With_Movement,Using_Computer/Screen,Located_Indoors|Typing_Computer,Free_Living,
2021-11-02 07:59:52.850,2021-11-02 08:02:37.850,In_Position_Sitting,Sitting_With_Movement,,Located_Indoors,Free_Living,
2021-11-02 08:02:37.850,2021-11-02 08:03:38.850,In_Position_Sitting,Sitting_With_Movement,Using_Computer/Screen,Located_Indoors|Browsing_Computer,Free_Living,
2021-11-02 08:03:38.850,2021-11-02 08:05:40.837,In_Position_Sitting,Sitting_With_Movement,,Located_Indoors,Free_Living,
2021-11-02 08:05:40.837,2021-11-02 08:09:49.837,In_Position_Sitting,Sitting_With_Movement,Using_Computer/Screen,Located_Indoors|Browsing_Computer,Free_Living,
2021-11-02 08:09:49.837,2021-11-02 08:09:59.837,In_Position_Sitting,Sitting_With_Movement,Using_Computer/Screen,Located_Indoors|Browsing_Computer|Holding_Drink,Free_Living,
2021-11-02 08:09:59.837,2021-11-02 08:13:56.825,In_Position_Sitting,Sitting_With_Movement,Using_Computer/Screen,Located_Indoors|Browsing_Computer,Free_Living,
2021-11-02 08:13:56.825,2021-11-02 08:14:03.825,In_Position_Sitting,Sitting_With_Movement,Using_Computer/Screen,Located_Indoors|Browsing_Computer|Holding_Drink,Free_Living,
2021-11-02 08:14:03.825,2021-11-02 08:16:35.825,In_Position_Sitting,Sitting_With_Movement,Using_Computer/Screen,Located_Indoors|Browsing_Computer,Free_Living,
2021-11-02 08:16:35.825,2021-11-02 08:17:16.825,In_Position_Sitting,Sitting_With_Movement,Using_Computer/Screen,Located_Indoors|Typing_Computer,Free_Living,
2021-11-02 08:17:16.825,2021-11-02 08:17:26.825,In_Position_Sitting,Sitting_With_Movement,HLB_Other,Located_Indoors|Holding_Other_Object_Light,Free_Living,
2021-11-02 08:17:26.825,2021-11-02 08:18:50.825,In_Position_Sitting,Sitting_With_Movement,Using_Computer/Screen,Located_Indoors|Typing_Computer,Free_Living,
2021-11-02 08:18:50.825,2021-11-02 08:23:38.812,In_Position_Sitting,Sitting_With_Movement,Using_Computer/Screen,Located_Indoors|Browsing_Computer,Free_Living,
2021-11-02 08:23:38.812,2021-11-02 08:24:07.812,In_Position_Sitting,Sitting_With_Movement,,Located_Indoors,Free_Living,
2021-11-02 08:24:07.812,2021-11-02 08:27:53.812,In_Position_Sitting,Sitting_With_Movement,Using_Computer/Screen,Located_Indoors|Browsing_Computer,Free_Living,
2021-11-02 08:27:53.812,2021-11-02 08:28:16.812,In_Position_Sitting,Sitting_With_Movement,Using_Computer/Screen,Located_Indoors|Typing_Computer,Free_Living,
2021-11-02 08:28:16.812,2021-11-02 08:28:43.812,In_Position_Sitting,Sitting_With_Movement,Using_Computer/Screen,Located_Indoors|Browsing_Computer,Free_Living,
2021-11-02 08:28:43.812,2021-11-02 08:29:05.812,In_Position_Sitting,Sitting_With_Movement,Using_Computer/Screen,Located_Indoors|Typing_Computer,Free_Living,
2021-11-02 08:29:05.812,2021-11-02 08:36:12.800,In_Position_Sitting,Sitting_With_Movement,Using_Computer/Screen,Located_Indoors|Browsing_Computer,Free_Living,
2021-11-02 08:36:12.800,2021-11-02 08:36:23.800,In_Position_Sitting,Sitting_With_Movement,Using_Computer/Screen,Located_Indoors|Typing_Computer,Free_Living,
2021-11-02 08:36:23.800,2021-11-02 08:39:54.787,In_Position_Sitting,Sitting_With_Movement,Using_Computer/Screen,Located_Indoors|Browsing_Computer,Free_Living,
2021-11-02 08:39:54.787,2021-11-02 08:46:04.787,In_Position_Sitting,Sitting_With_Movement,Using_Computer/Screen,Located_Indoors|Typing_Computer,Free_Living,
2021-11-02 08:46:04.787,2021-11-02 08:46:12.787,In_Position_Sitting,Sitting_With_Movement,Using_Computer/Screen,Located_Indoors|Browsing_Computer,Free_Living,
2021-11-02 08:46:12.787,2021-11-02 08:48:00.775,In_Position_Sitting,Sitting_With_Movement,Using_Computer/Screen,Located_Indoors|Typing_Computer,Free_Living,
2021-11-02 08:48:00.775,2021-11-02 08:48:22.775,In_Position_Sitting,Sitting_With_Movement,Using_Computer/Screen,Located_Indoors|Browsing_Computer,Free_Living,
2021-11-02 08:48:22.775,2021-11-02 08:48:25.775,In_Position_Sitting,Sitting_With_Movement,Using_Computer/Screen,Located_Indoors|Typing_Computer,Free_Living,
2021-11-02 08:48:25.775,2021-11-02 08:48:57.775,In_Position_Sitting,Sitting_With_Movement,Using_Computer/Screen,Located_Indoors|Browsing_Computer,Free_Living,
2021-11-02 08:48:57.775,2021-11-02 08:49:00.775,In_Position_Sitting,Sitting_With_Movement,Using_Computer/Screen,Located_Indoors|Typing_Computer,Free_Living,
2021-11-02 08:49:00.775,2021-11-02 08:49:29.775,In_Position_Sitting,Sitting_With_Movement,Using_Computer/Screen,Located_Indoors|Browsing_Computer,Free_Living,
2021-11-02 08:49:29.775,2021-11-02 08:50:43.775,In_Position_Sitting,Sitting_With_Movement,Using_Computer/Screen,Located_Indoors|Typing_Computer,Free_Living,
2021-11-02 08:50:43.775,2021-11-02 08:52:08.775,In_Position_Sitting,Sitting_With_Movement,Using_Computer/Screen,Located_Indoors|Browsing_Computer|In_Conversation,Free_Living,
2021-11-02 08:52:08.775,2021-11-02 08:57:20.762,In_Position_Sitting,Sitting_With_Movement,HLB_Other,Located_Indoors|In_Conversation,Free_Living,
2021-11-02 08:57:20.762,2021-11-02 09:04:46.762,In_Position_Sitting,Sitting_With_Movement,HLB_Other,Located_Indoors|CP_Video_Unavailable/Indecipherable,Free_Living,
2021-11-02 09:04:46.762,2021-11-02 09:06:18.750,In_Position_Sitting,Sitting_With_Movement,HLB_Other,Located_Indoors|CP_Video_Unavailable/Indecipherable,Free_Living,
2021-11-02 09:06:18.750,2021-11-02 09:14:02.737,In_Position_Sitting,Sitting_With_Movement,HLB_Other,Located_Indoors|CP_Video_Unavailable/Indecipherable,Free_Living,
2021-11-02 09:14:02.737,2021-11-02 09:22:32.725,In_Position_Sitting,Sitting_With_Movement,Using_Computer/Screen,Located_Indoors|Browsing_Computer,Free_Living,
2021-11-02 09:22:32.725,2021-11-02 09:22:59.725,In_Position_Sitting,Sitting_With_Movement,Using_Computer/Screen,Located_Indoors|Typing_Computer,Free_Living,
2021-11-02 09:22:59.725,2021-11-02 09:23:52.725,In_Position_Sitting,Sitting_With_Movement,Using_Computer/Screen,Located_Indoors|Browsing_Computer,Free_Living,
2021-11-02 09:23:52.725,2021-11-02 09:25:40.725,In_Position_Sitting,Sitting_With_Movement,Using_Computer/Screen,Located_Indoors|Typing_Computer,Free_Living,
2021-11-02 09:25:40.725,2021-11-02 09:25:50.725,In_Position_Sitting,Sitting_With_Movement,Using_Computer/Screen,Located_Indoors|Browsing_Computer,Free_Living,
2021-11-02 09:25:50.725,2021-11-02 09:25:54.725,In_Position_Sitting,Sitting_With_Movement,Using_Computer/Screen,Located_Indoors|Browsing_Computer,Free_Living,
2021-11-02 09:25:54.725,2021-11-02 09:26:13.725,In_Position_Sitting,Sitting_With_Movement,Using_Computer/Screen,Located_Indoors|Typing_Computer,Free_Living,
2021-11-02 09:26:13.725,2021-11-02 09:26:27.725,In_Position_Sitting,Sitting_With_Movement,Using_Computer/Screen,Located_Indoors|Browsing_Computer,Free_Living,
2021-11-02 09:26:27.725,2021-11-02 09:27:43.725,In_Position_Sitting,Sitting_With_Movement,Using_Computer/Screen,Located_Indoors|Typing_Computer,Free_Living,
2021-11-02 09:27:43.725,2021-11-02 09:27:51.725,In_Position_Sitting,Sitting_With_Movement,Using_Computer/Screen,Located_Indoors|Browsing_Computer,Free_Living,
2021-11-02 09:27:51.725,2021-11-02 09:28:16.725,In_Position_Sitting,Sitting_With_Movement,Using_Computer/Screen,Located_Indoors|Typing_Computer,Free_Living,
2021-11-02 09:28:16.725,2021-11-02 09:32:13.712,In_Position_Sitting,Sitting_With_Movement,Using_Computer/Screen,Located_Indoors|Browsing_Computer,Free_Living,
2021-11-02 09:32:14.712,2021-11-02 09:32:18.712,In_Position_Sitting,Sitting_With_Movement,HLB_Video_Unavailable/Indecipherable,Located_Indoors|CP_Video_Unavailable/Indecipherable,Free_Living,
2021-11-02 09:32:18.712,2021-11-02 09:35:35.712,In_Position_Sitting,Sitting_With_Movement,Using_Computer/Screen,Located_Indoors|Browsing_Computer,Free_Living,
2021-11-02 09:35:35.712,2021-11-02 09:38:14.712,In_Position_Sitting,Sitting_With_Movement,Using_Computer/Screen,Located_Indoors|Typing_Computer,Free_Living,
2021-11-02 09:38:14.712,2021-11-02 09:38:22.712,In_Position_Sitting,Sitting_With_Movement,Using_Computer/Screen,Located_Indoors|Browsing_Computer,Free_Living,
2021-11-02 09:38:22.712,2021-11-02 09:38:37.712,In_Position_Sitting,Sitting_With_Movement,Using_Computer/Screen,Located_Indoors|Typing_Computer,Free_Living,
2021-11-02 09:38:37.712,2021-11-02 09:39:32.700,In_Position_Sitting,Sitting_With_Movement,Using_Computer/Screen,Located_Indoors|Browsing_Computer,Free_Living,
2021-11-02 09:39:32.700,2021-11-02 09:39:54.700,In_Position_Sitting,Sitting_With_Movement,Using_Computer/Screen,Located_Indoors|Typing_Computer,Free_Living,
2021-11-02 09:39:54.700,2021-11-02 09:39:59.700,In_Position_Sitting,Sitting_With_Movement,Using_Computer/Screen,Located_Indoors|Browsing_Computer,Free_Living,
2021-11-02 09:39:59.700,2021-11-02 09:40:43.700,In_Position_Sitting,Sitting_With_Movement,Using_Computer/Screen,Located_Indoors|Typing_Computer,Free_Living,
2021-11-02 09:40:43.700,2021-11-02 09:43:21.700,In_Position_Sitting,Sitting_With_Movement,Using_Computer/Screen,Located_Indoors|Browsing_Computer,Free_Living,
2021-11-02 09:43:21.700,2021-11-02 09:46:11.700,In_Position_Sitting,Sitting_With_Movement,HLB_Video_Unavailable/Indecipherable,Located_Indoors|CP_Video_Unavailable/Indecipherable,Free_Living,
2021-11-02 09:46:11.700,2021-11-02 09:46:56.700,In_Position_Sitting,Sitting_With_Movement,Using_Computer/Screen,Located_Indoors|Browsing_Computer,Free_Living,
2021-11-02 09:46:56.700,2021-11-02 09:52:06.687,In_Position_Sitting,Sitting_With_Movement,Using_Computer/Screen,Located_Indoors|Typing_Computer,Free_Living,
2021-11-02 09:52:06.687,2021-11-02 09:52:14.687,In_Position_Sitting,Sitting_With_Movement,Using_Computer/Screen,Located_Indoors|Browsing_Computer,Free_Living,
2021-11-02 09:52:14.687,2021-11-02 09:52:34.687,In_Position_Sitting,Sitting_With_Movement,Using_Computer/Screen,Located_Indoors|Typing_Computer,Free_Living,
2021-11-02 09:52:34.687,2021-11-02 09:54:12.687,In_Position_Sitting,Sitting_With_Movement,Using_Computer/Screen,Located_Indoors|Browsing_Computer,Free_Living,
2021-11-02 09:54:12.687,2021-11-02 09:54:17.687,In_Position_Sitting,Sitting_With_Movement,Using_Computer/Screen,Located_Indoors|Typing_Computer,Free_Living,
2021-11-02 09:54:17.687,2021-11-02 09:54:56.687,In_Position_Sitting,Sitting_With_Movement,Using_Computer/Screen,Located_Indoors|Browsing_Computer,Free_Living,
2021-11-02 09:54:56.687,2021-11-02 09:55:30.687,In_Position_Sitting,Sitting_With_Movement,Using_Computer/Screen,Located_Indoors|Typing_Computer,Free_Living,
2021-11-02 09:55:30.687,2021-11-02 09:55:37.687,In_Position_Sitting,Sitting_With_Movement,Using_Computer/Screen,Located_Indoors|Browsing_Computer,Free_Living,
2021-11-02 09:55:37.687,2021-11-02 09:55:58.687,In_Position_Sitting,Sitting_With_Movement,Using_Computer/Screen,Located_Indoors|Typing_Computer,Free_Living,
2021-11-02 09:55:58.687,2021-11-02 09:57:52.675,In_Position_Sitting,Sitting_With_Movement,Using_Computer/Screen,Located_Indoors|Browsing_Computer,Free_Living,
2021-11-02 09:57:54.675,2021-11-02 09:59:50.675,In_Position_Sitting,Sitting_With_Movement,Using_Computer/Screen,Located_Indoors|Browsing_Computer,Free_Living,
2021-11-02 09:59:50.675,2021-11-02 09:59:52.675,In_Position_Sitting,Sitting_With_Movement,Using_Computer/Screen,Located_Indoors|Browsing_Computer,Free_Living,
2021-11-02 09:59:52.675,2021-11-02 09:59:56.675,In_Position_Sitting,Sitting_With_Movement,HLB_Video_Unavailable/Indecipherable,Located_Indoors|CP_Video_Unavailable/Indecipherable,Free_Living,
2021-11-02 09:59:56.675,2021-11-02 10:00:02.675,In_Position_Sitting,Sitting_With_Movement,Using_Computer/Screen,Located_Indoors|Browsing_Computer,Free_Living,
2021-11-02 10:00:02.675,2021-11-02 10:00:32.675,In_Position_Sitting,Sitting_With_Movement,HLB_Video_Unavailable/Indecipherable,Located_Indoors|CP_Video_Unavailable/Indecipherable,Free_Living,
2021-11-02 10:00:32.675,2021-11-02 10:00:35.675,In_Position_Sitting,Sitting_With_Movement,Using_Computer/Screen,Located_Indoors|Browsing_Computer,Free_Living,
2021-11-02 10:00:35.675,2021-11-02 10:05:14.662,In_Position_Sitting,Sitting_With_Movement,Using_Computer/Screen,Located_Indoors|Typing_Computer,Free_Living,
2021-11-02 10:05:14.662,2021-11-02 10:05:51.662,In_Position_Sitting,Sitting_With_Movement,HLB_Video_Unavailable/Indecipherable,Located_Indoors|CP_Video_Unavailable/Indecipherable,Free_Living,
2021-11-02 10:05:51.662,2021-11-02 10:06:05.662,In_Position_Sitting,Sitting_With_Movement,Using_Computer/Screen,Located_Indoors|Browsing_Computer,Free_Living,
2021-11-02 10:06:05.662,2021-11-02 10:08:53.662,In_Position_Sitting,Sitting_With_Movement,HLB_Video_Unavailable/Indecipherable,Located_Indoors|CP_Video_Unavailable/Indecipherable,Free_Living,
2021-11-02 10:08:53.662,2021-11-02 10:09:02.662,In_Position_Sitting,Sitting_With_Movement,Using_Computer/Screen,Located_Indoors|Typing_Computer,Free_Living,
2021-11-02 10:09:02.662,2021-11-02 10:09:20.662,In_Position_Sitting,Sitting_With_Movement,HLB_Video_Unavailable/Indecipherable,Located_Indoors|CP_Video_Unavailable/Indecipherable,Free_Living,
2021-11-02 10:09:20.662,2021-11-02 10:09:23.662,In_Position_Sitting,Sitting_With_Movement,Using_Computer/Screen,Located_Indoors,Free_Living,
2021-11-02 10:09:23.662,2021-11-02 10:09:25.662,In_Position_Sitting,Sitting_With_Movement,Using_Computer/Screen,Located_Indoors|Holding_Other_Object_Light,Free_Living,
2021-11-02 10:09:25.662,2021-11-02 10:09:28.662,In_Position_Sitting,Sitting_With_Movement,Using_Computer/Screen,Located_Indoors|Browsing_Computer,Free_Living,
2021-11-02 10:09:28.662,2021-11-02 10:10:34.662,In_Position_Sitting,Sitting_With_Movement,HLB_Video_Unavailable/Indecipherable,Located_Indoors|CP_Video_Unavailable/Indecipherable,Free_Living,
2021-11-02 10:10:37.662,2021-11-02 10:10:44.662,In_Position_Upright,Walking,HLB_Other,Located_Indoors,Free_Living,
2021-11-02 10:10:44.662,2021-11-02 10:11:39.662,Posture_Video_Unavailable/Indecipherable,PA_Type_Video_Unavailable/Indecipherable,HLB_Video_Unavailable/Indecipherable,Located_Indoors,Free_Living,
2021-11-02 10:11:45.662,2021-11-02 10:11:57.662,In_Position_Upright,Puttering_Around,HLB_Other,Located_Indoors,Free_Living,
2021-11-02 10:11:57.662,2021-11-02 10:12:04.662,In_Position_Upright,Walking,HLB_Other,Located_Indoors|Holding_Other_Object_Light,Free_Living,
2021-11-02 10:12:04.662,2021-11-02 10:12:16.662,In_Position_Upright,Standing_With_Movement,Doing_Dishes,Located_Indoors|Holding_Drink,Free_Living,
2021-11-02 10:12:40.662,2021-11-02 10:13:19.650,In_Position_Kneeling,Kneeling_With_Movement,Playing_With_Pets,Located_Indoors,Free_Living,
2021-11-02 10:13:20.650,2021-11-02 10:13:37.650,In_Position_Upright,Puttering_Around,,Located_Indoors,Free_Living,
2021-11-02 10:13:37.650,2021-11-02 10:13:57.650,In_Position_Upright,Standing_With_Movement,HLB_Other,Located_Indoors|Holding_Other_Object_Light,Free_Living,
2021-11-02 10:13:59.650,2021-11-02 10:15:03.650,In_Position_Upright,Puttering_Around,HLB_Other,Located_Indoors|Holding_Other_Object_Light,Free_Living,
2021-11-02 10:15:08.650,2021-11-02 10:15:25.650,In_Position_Upright,Standing_With_Movement,HLB_Other,Located_Indoors|Holding_Other_Object_Light,Free_Living,
2021-11-02 10:15:25.650,2021-11-02 10:15:33.650,In_Position_Upright,Puttering_Around,HLB_Other,Located_Indoors,Free_Living,
2021-11-02 10:15:33.650,2021-11-02 10:15:49.650,In_Position_Upright,Standing_With_Movement,HLB_Other,Located_Indoors|Holding_Other_Object_Light,Free_Living,
2021-11-02 10:15:49.650,2021-11-02 10:16:02.650,In_Position_Upright,Standing_With_Movement,Cooking/Prepping_Food,Located_Indoors|Holding_Other_Object_Light,Free_Living,
2021-11-02 10:16:02.650,2021-11-02 10:16:44.650,In_Position_Upright,Standing_With_Movement,Eating/Dining,Located_Indoors|Holding_Other_Object_Light,Free_Living,
2021-11-02 10:16:45.650,2021-11-02 10:17:34.650,In_Position_Upright,Puttering_Around,Cooking/Prepping_Food,,Free_Living,
2021-11-02 10:17:34.650,2021-11-02 10:17:42.650,In_Position_Sitting,Sitting_With_Movement,Using_Computer/Screen,Located_Indoors|Browsing_Computer,Free_Living,
2021-11-02 10:17:42.650,2021-11-02 10:17:45.650,In_Position_Sitting,Sitting_With_Movement,Using_Computer/Screen,Located_Indoors|Browsing_Computer,Free_Living,
2021-11-02 10:17:45.650,2021-11-02 10:18:38.650,In_Position_Sitting,Sitting_With_Movement,HLB_Other,Located_Indoors|CP_Video_Unavailable/Indecipherable,Free_Living,
2021-11-02 10:18:38.650,2021-11-02 10:19:19.650,In_Position_Sitting,Sitting_With_Movement,Using_Computer/Screen,Located_Indoors|Browsing_Computer,Free_Living,
2021-11-02 10:19:19.650,2021-11-02 10:19:25.650,In_Position_Sitting,Sitting_With_Movement,Using_Computer/Screen,Located_Indoors|Browsing_Computer|Holding_Drink,Free_Living,
2021-11-02 10:19:25.650,2021-11-02 10:20:38.650,In_Position_Sitting,Sitting_With_Movement,Using_Computer/Screen,Located_Indoors|Browsing_Computer,Free_Living,
2021-11-02 10:20:38.650,2021-11-02 10:20:58.650,In_Position_Sitting,Sitting_With_Movement,Using_Computer/Screen,Located_Indoors|Browsing_Computer|Holding_Drink,Free_Living,
2021-11-02 10:20:58.650,2021-11-02 10:22:44.637,In_Position_Sitting,Sitting_With_Movement,Using_Computer/Screen,Located_Indoors|Browsing_Computer,Free_Living,
2021-11-02 10:22:44.637,2021-11-02 10:23:26.637,In_Position_Sitting,Sitting_With_Movement,Using_Computer/Screen,Located_Indoors|Typing_Computer,Free_Living,
2021-11-02 10:23:28.637,2021-11-02 10:28:05.637,In_Position_Sitting,Sitting_With_Movement,Using_Computer/Screen,Typing_Computer,Free_Living,
2021-11-02 10:28:05.637,2021-11-02 10:31:28.625,In_Position_Sitting,Sitting_With_Movement,Using_Computer/Screen,Browsing_Computer,Free_Living,
2021-11-02 10:31:28.625,2021-11-02 10:36:22.625,In_Position_Sitting,Sitting_With_Movement,Using_Computer/Screen,Typing_Computer,Free_Living,
2021-11-02 10:36:22.625,2021-11-02 10:39:10.612,In_Position_Sitting,Sitting_With_Movement,Using_Computer/Screen,Browsing_Computer,Free_Living,
2021-11-02 10:39:10.612,2021-11-02 10:39:55.612,In_Position_Sitting,Sitting_With_Movement,Using_Computer/Screen,Typing_Computer,Free_Living,
2021-11-02 10:39:55.612,2021-11-02 10:41:15.612,In_Position_Sitting,Sitting_With_Movement,,CP_Video_Unavailable/Indecipherable,Free_Living,
2021-11-02 10:41:15.612,2021-11-02 10:43:12.612,In_Position_Sitting,Sitting_With_Movement,Using_Computer/Screen,Typing_Computer,Free_Living,
2021-11-02 10:43:12.612,2021-11-02 10:46:47.612,In_Position_Sitting,Sitting_With_Movement,Using_Computer/Screen,Browsing_Computer,Free_Living,
2021-11-02 10:46:48.612,2021-11-02 10:47:46.600,In_Position_Sitting,Sitting_With_Movement,,CP_Video_Unavailable/Indecipherable,Free_Living,
2021-11-02 10:47:46.600,2021-11-02 10:48:28.600,In_Position_Sitting,Sitting_With_Movement,Using_Computer/Screen,Typing_Computer,Free_Living,
2021-11-02 10:48:28.600,2021-11-02 10:48:35.600,In_Position_Sitting,Sitting_With_Movement,Using_Computer/Screen,Browsing_Computer,Free_Living,
2021-11-02 10:48:35.600,2021-11-02 10:51:00.600,In_Position_Sitting,Sitting_With_Movement,,,Free_Living,
2021-11-02 10:51:00.600,2021-11-02 10:55:59.587,In_Position_Sitting,Sitting_With_Movement,Using_Computer/Screen,Typing_Computer,Free_Living,
2021-11-02 10:55:59.587,2021-11-02 11:00:03.587,In_Position_Sitting,Sitting_With_Movement,Using_Computer/Screen,Browsing_Computer,Free_Living,
2021-11-02 11:00:03.587,2021-11-02 11:00:28.587,In_Position_Sitting,Sitting_With_Movement,,,Free_Living,
2021-11-02 11:00:28.587,2021-11-02 11:03:13.587,In_Position_Sitting,Sitting_With_Movement,Using_Computer/Screen,Browsing_Computer,Free_Living,
2021-11-02 11:03:13.587,2021-11-02 11:06:02.575,In_Position_Sitting,Sitting_With_Movement,Using_Computer/Screen,Typing_Computer,Free_Living,
2021-11-02 11:06:02.575,2021-11-02 11:09:46.575,In_Position_Sitting,Sitting_With_Movement,Using_Computer/Screen,Browsing_Computer,Free_Living,
2021-11-02 11:09:46.575,2021-11-02 11:10:50.575,In_Position_Sitting,Sitting_With_Movement,Using_Computer/Screen,Typing_Computer,Free_Living,
2021-11-02 11:10:50.575,2021-11-02 11:17:53.562,In_Position_Sitting,Sitting_With_Movement,Using_Computer/Screen,Browsing_Computer,Free_Living,
2021-11-02 11:17:53.562,2021-11-02 11:18:21.562,In_Position_Upright,Walking,,Located_Indoors,Free_Living,
2021-11-02 11:18:21.562,2021-11-02 11:18:31.562,In_Position_Upright,Standing_With_Movement,,Located_Indoors,Free_Living,
2021-11-02 11:18:31.562,2021-11-02 11:18:58.562,Posture_Other,PA_Type_Other,,Located_Indoors,Free_Living,
2021-11-02 11:19:02.562,2021-11-02 11:19:10.562,In_Position_Upright,Puttering_Around,,Located_Indoors,Free_Living,
2021-11-02 11:19:10.562,2021-11-02 11:20:09.562,Posture_Video_Unavailable/Indecipherable,PA_Type_Video_Unavailable/Indecipherable,HLB_Video_Unavailable/Indecipherable,Located_Indoors,Free_Living,
2021-11-02 11:20:09.562,2021-11-02 11:20:20.562,In_Position_Upright,Walking,,Located_Indoors,Free_Living,
2021-11-02 11:20:20.562,2021-11-02 11:22:09.550,In_Position_Sitting,Sitting_With_Movement,Using_Computer/Screen,Located_Indoors|Browsing_Computer,Free_Living,
2021-11-02 11:22:09.550,2021-11-02 11:24:22.550,In_Position_Sitting,Sitting_With_Movement,,Located_Indoors,Free_Living,
2021-11-02 11:24:22.550,2021-11-02 11:42:22.525,Posture_Video_Unavailable/Indecipherable,PA_Type_Video_Unavailable/Indecipherable,HLB_Video_Unavailable/Indecipherable,CP_Video_Unavailable/Indecipherable,Free_Living,
2021-11-02 11:42:22.525,2021-11-02 11:47:23.512,In_Position_Sitting,Sitting_With_Movement,HLB_Video_Unavailable/Indecipherable,Located_Indoors,Free_Living,
2021-11-02 11:47:23.512,2021-11-02 11:47:51.512,In_Position_Sitting,Sitting_With_Movement,Using_Computer/Screen,Located_Indoors|Browsing_Computer,Free_Living,
2021-11-02 11:47:51.512,2021-11-02 11:48:10.512,Posture_Video_Unavailable/Indecipherable,PA_Type_Video_Unavailable/Indecipherable,HLB_Video_Unavailable/Indecipherable,CP_Video_Unavailable/Indecipherable,Free_Living,
2021-11-02 11:48:10.512,2021-11-02 11:51:21.512,In_Position_Sitting,Sitting_With_Movement,Using_Computer/Screen,Browsing_Computer,Free_Living,
2021-11-02 11:51:21.512,2021-11-02 11:54:02.512,In_Position_Sitting,Sitting_With_Movement,Using_Computer/Screen,Typing_Computer,Free_Living,
2021-11-02 11:54:02.512,2021-11-02 11:55:34.500,In_Position_Sitting,Sitting_With_Movement,Using_Computer/Screen,Browsing_Computer,Free_Living,
2021-11-02 11:55:34.500,2021-11-02 11:56:02.500,In_Position_Sitting,Sitting_With_Movement,Using_Computer/Screen,Typing_Computer,Free_Living,
2021-11-02 11:56:02.500,2021-11-02 11:58:47.500,In_Position_Sitting,Sitting_With_Movement,Using_Computer/Screen,Browsing_Computer,Free_Living,
2021-11-02 11:58:47.500,2021-11-02 12:01:37.500,In_Position_Sitting,Sitting_With_Movement,Using_Computer/Screen,Typing_Computer,Free_Living,
2021-11-02 12:01:37.500,2021-11-02 12:01:50.500,In_Position_Sitting,Sitting_With_Movement,Using_Computer/Screen,Holding_Other_Object_Light|Located_Indoors,Free_Living,
2021-11-02 12:01:51.500,2021-11-02 12:02:08.500,In_Position_Upright,Walking,,Located_Indoors,Free_Living,
2021-11-02 12:02:11.500,2021-11-02 12:02:43.500,In_Position_Upright,Standing_With_Movement,,Located_Indoors|Holding_Other_Object_Light,Free_Living,
2021-11-02 12:02:44.500,2021-11-02 12:02:56.500,In_Position_Upright,Walking,,Located_Indoors,Free_Living,
2021-11-02 12:02:56.500,2021-11-02 12:06:36.487,In_Position_Sitting,Sitting_With_Movement,Using_Computer/Screen,Located_Indoors|Typing_Computer,Free_Living,
2021-11-02 12:06:36.487,2021-11-02 12:09:14.487,In_Position_Sitting,Sitting_With_Movement,Using_Computer/Screen,Located_Indoors|Browsing_Computer,Free_Living,
2021-11-02 12:09:14.487,2021-11-02 12:09:35.487,In_Position_Sitting,Sitting_With_Movement,Using_Computer/Screen,Located_Indoors|Holding_Other_Object_Light,Free_Living,
2021-11-02 12:09:35.487,2021-11-02 12:11:39.487,In_Position_Sitting,Sitting_With_Movement,Using_Computer/Screen,Located_Indoors|Typing_Computer,Free_Living,
2021-11-02 12:11:39.487,2021-11-02 12:13:04.475,In_Position_Sitting,Sitting_With_Movement,Using_Computer/Screen,Located_Indoors|Browsing_Computer,Free_Living,
2021-11-02 12:13:04.475,2021-11-02 12:14:07.475,In_Position_Sitting,Sitting_With_Movement,Using_Computer/Screen,Located_Indoors|Texting/Browsing_Phone,Free_Living,
2021-11-02 12:14:07.475,2021-11-02 12:14:19.475,In_Position_Sitting,Sitting_With_Movement,Using_Computer/Screen,Located_Indoors|Browsing_Computer,Free_Living,
2021-11-02 12:14:19.475,2021-11-02 12:14:33.475,In_Position_Upright,Walking,,Located_Indoors,Free_Living,
2021-11-02 12:14:33.475,2021-11-02 12:15:44.475,In_Position_Upright,Puttering_Around,Cooking/Prepping_Food,Located_Indoors,Free_Living,
2021-11-02 12:15:44.475,2021-11-02 12:16:17.475,In_Position_Upright,Puttering_Around,Doing_Common_Housework_Light,Located_Indoors,Free_Living,
2021-11-02 12:16:17.475,2021-11-02 12:16:23.475,In_Position_Upright,Puttering_Around,Playing_With_Pets,Located_Indoors,Free_Living,
2021-11-02 12:16:23.475,2021-11-02 12:16:49.475,In_Position_Upright,Puttering_Around,Doing_Common_Housework_Light,Located_Indoors,Free_Living,
2021-11-02 12:16:49.475,2021-11-02 12:17:45.475,In_Position_Upright,Standing_With_Movement,Eating/Dining,Located_Indoors|Holding_Solid_Food,Free_Living,
2021-11-02 12:17:45.475,2021-11-02 12:17:59.475,In_Position_Upright,Puttering_Around,Cooking/Prepping_Food,Located_Indoors,Free_Living,
2021-11-02 12:17:59.475,2021-11-02 12:18:46.475,In_Position_Upright,Standing_With_Movement,Eating/Dining|Cooking/Prepping_Food,Located_Indoors,Free_Living,
2021-11-02 12:18:46.475,2021-11-02 12:19:02.475,In_Position_Upright,Puttering_Around,Eating/Dining|Cooking/Prepping_Food,Located_Indoors,Free_Living,
2021-11-02 12:19:02.475,2021-11-02 12:19:21.475,In_Position_Upright,Standing_With_Movement,Eating/Dining,Located_Indoors,Free_Living,
2021-11-02 12:19:21.475,2021-11-02 12:19:28.475,In_Position_Upright,Puttering_Around,Cleaning,Located_Indoors,Free_Living,
2021-11-02 12:19:42.475,2021-11-02 12:20:33.475,Posture_Video_Unavailable/Indecipherable,PA_Type_Video_Unavailable/Indecipherable,HLB_Video_Unavailable/Indecipherable,Located_Indoors,Free_Living,
2021-11-02 12:20:41.475,2021-11-02 12:21:36.462,In_Position_Upright,Walking,,Located_Indoors,Free_Living,
2021-11-02 12:21:36.462,2021-11-02 12:24:10.462,In_Position_Sitting,Sitting_With_Movement,Using_Computer/Screen,Located_Indoors|Browsing_Computer,Free_Living,
2021-11-02 12:24:11.462,2021-11-02 12:24:56.462,In_Position_Sitting,Sitting_With_Movement,HLB_Video_Unavailable/Indecipherable,Located_Indoors,Free_Living,
2021-11-02 12:24:56.462,2021-11-02 12:25:29.462,In_Position_Sitting,Sitting_With_Movement,Using_Computer/Screen,Located_Indoors|Browsing_Computer,Free_Living,
2021-11-02 12:25:29.462,2021-11-02 12:26:17.462,In_Position_Sitting,Sitting_With_Movement,HLB_Video_Unavailable/Indecipherable,Located_Indoors,Free_Living,
2021-11-02 12:26:17.462,2021-11-02 12:26:25.462,In_Position_Sitting,Sitting_With_Movement,Using_Computer/Screen,Located_Indoors|Browsing_Computer,Free_Living,
2021-11-02 12:26:26.462,2021-11-02 12:27:14.462,In_Position_Sitting,Sitting_With_Movement,,Located_Indoors,Free_Living,
2021-11-02 12:27:14.462,2021-11-02 12:27:26.462,In_Position_Upright,Walking,,Located_Indoors,Free_Living,
2021-11-02 12:27:26.462,2021-11-02 12:27:34.462,In_Position_Upright,Standing_With_Movement,,Located_Indoors,Free_Living,
2021-11-02 12:27:34.462,2021-11-02 12:27:42.462,In_Position_Upright,Walking,,Located_Indoors|Holding_Solid_Food,Free_Living,
2021-11-02 12:27:42.462,2021-11-02 12:30:32.450,In_Position_Sitting,Sitting_With_Movement,Eating/Dining,Located_Indoors,Free_Living,
2021-11-02 12:30:32.450,2021-11-02 12:31:44.450,In_Position_Sitting,Sitting_With_Movement,Using_Computer/Screen,Located_Indoors|Typing_Computer,Free_Living,
2021-11-02 12:31:44.450,2021-11-02 12:33:00.450,In_Position_Sitting,Sitting_With_Movement,Using_Computer/Screen,Located_Indoors|Browsing_Computer,Free_Living,
2021-11-02 12:33:00.450,2021-11-02 12:33:39.450,In_Position_Sitting,Sitting_With_Movement,Using_Computer/Screen|Meeting_Virtual,Located_Indoors|On_Video_Call/FaceTime,Free_Living,
2021-11-02 12:33:39.450,2021-11-02 12:34:13.450,In_Position_Upright,Walking,,Located_Indoors,Free_Living,
2021-11-02 12:34:13.450,2021-11-02 13:00:11.412,In_Position_Sitting,Sitting_With_Movement,Using_Computer/Screen|Meeting_Virtual,Located_Indoors|On_Video_Call/FaceTime|Browsing_Computer,Free_Living,
2021-11-02 13:00:11.412,2021-11-02 13:00:22.412,In_Position_Upright,Walking,,Located_Indoors,Free_Living,
2021-11-02 13:00:22.412,2021-11-02 13:00:30.412,In_Position_Upright,Standing_With_Movement,,Located_Indoors|Holding_Drink,Free_Living,
2021-11-02 13:00:30.412,2021-11-02 13:00:36.412,In_Position_Upright,Walking,,Located_Indoors|Holding_Drink,Free_Living,
2021-11-02 13:00:36.412,2021-11-02 13:00:53.412,In_Position_Upright,Standing_With_Movement,Cooking/Prepping_Food,Located_Indoors,Free_Living,
2021-11-02 13:00:53.412,2021-11-02 13:01:09.412,In_Position_Upright,Walking,,Located_Indoors,Free_Living,
2021-11-02 13:01:09.412,2021-11-02 13:11:05.400,In_Position_Sitting,Sitting_With_Movement,Using_Computer/Screen|Meeting_Virtual,Located_Indoors|On_Video_Call/FaceTime|Browsing_Computer,Free_Living,
2021-11-02 13:11:05.400,2021-11-02 13:11:21.400,In_Position_Upright,Walking,,Located_Indoors,Free_Living,
2021-11-02 13:11:23.400,2021-11-02 13:11:55.387,In_Position_Upright,Standing_With_Movement,Cooking/Prepping_Food,Located_Indoors,Free_Living,
2021-11-02 13:11:55.387,2021-11-02 13:12:03.387,In_Position_Upright,Walking,,Located_Indoors|Holding_Drink,Free_Living,
2021-11-02 13:12:03.387,2021-11-02 13:17:13.387,In_Position_Sitting,Sitting_With_Movement,Using_Computer/Screen|Meeting_Virtual,Located_Indoors|On_Video_Call/FaceTime|Browsing_Computer,Free_Living,
2021-11-02 13:17:13.387,2021-11-02 13:17:53.387,In_Position_Sitting,Sitting_With_Movement,Using_Computer/Screen|Meeting_Virtual,Located_Indoors|On_Video_Call/FaceTime|Typing_Computer,Free_Living,
2021-11-02 13:17:53.387,2021-11-02 13:26:38.375,In_Position_Sitting,Sitting_With_Movement,Using_Computer/Screen|Meeting_Virtual,Located_Indoors|On_Video_Call/FaceTime,Free_Living,
2021-11-02 13:26:38.375,2021-11-02 13:27:53.375,In_Position_Sitting,Sitting_With_Movement,HLB_Video_Unavailable/Indecipherable,Located_Indoors,Free_Living,
2021-11-02 13:27:53.375,2021-11-02 13:55:17.325,In_Position_Sitting,Sitting_With_Movement,Using_Computer/Screen|Meeting_Virtual,Located_Indoors|On_Video_Call/FaceTime|Browsing_Computer,Free_Living,
2021-11-02 13:55:17.325,2021-11-02 13:56:44.325,In_Position_Sitting,Sitting_With_Movement,Using_Computer/Screen|Meeting_Virtual,Located_Indoors|On_Video_Call/FaceTime|Typing_Computer,Free_Living,
2021-11-02 13:56:44.325,2021-11-02 14:31:25.275,In_Position_Sitting,Sitting_With_Movement,Using_Computer/Screen|Meeting_Virtual,Located_Indoors|On_Video_Call/FaceTime|Browsing_Computer,Free_Living,
2021-11-02 14:31:25.275,2021-11-02 14:36:09.275,In_Position_Sitting,Sitting_With_Movement,Using_Computer/Screen,Located_Indoors|Browsing_Computer,Free_Living,
2021-11-02 14:36:09.275,2021-11-02 14:39:18.262,In_Position_Sitting,Sitting_With_Movement,Using_Computer/Screen,Located_Indoors|Typing_Computer,Free_Living,
2021-11-02 14:39:18.262,2021-11-02 14:43:02.262,In_Position_Sitting,Sitting_With_Movement,Using_Computer/Screen,Located_Indoors|Browsing_Computer,Free_Living,
2021-11-02 14:43:02.262,2021-11-02 14:43:56.262,In_Position_Sitting,Sitting_With_Movement,Using_Computer/Screen,Located_Indoors|Typing_Computer,Free_Living,
2021-11-02 14:43:56.262,2021-11-02 14:48:21.250,In_Position_Sitting,Sitting_With_Movement,Using_Computer/Screen,Located_Indoors|Browsing_Computer,Free_Living,
2021-11-02 14:48:21.250,2021-11-02 14:53:52.250,Posture_Video_Unavailable/Indecipherable,PA_Type_Video_Unavailable/Indecipherable,HLB_Video_Unavailable/Indecipherable,CP_Video_Unavailable/Indecipherable,Free_Living,
2021-11-02 14:53:52.250,2021-11-02 14:54:45.237,In_Position_Sitting,Sitting_With_Movement,Using_Computer/Screen,Located_Indoors|Browsing_Computer,Free_Living,
2021-11-02 14:54:45.237,2021-11-02 14:55:07.237,In_Position_Upright,Walking,,Located_Indoors,Free_Living,
2021-11-02 14:55:07.237,2021-11-02 14:57:44.237,Posture_Video_Unavailable/Indecipherable,PA_Type_Video_Unavailable/Indecipherable,HLB_Video_Unavailable/Indecipherable,Located_Indoors,Free_Living,
2021-11-02 14:57:44.237,2021-11-02 14:58:00.237,In_Position_Upright,Walking,,Located_Indoors,Free_Living,
2021-11-02 14:58:00.237,2021-11-02 14:59:51.237,In_Position_Upright,Standing_With_Movement,Eating/Dining,Located_Indoors|Holding_Solid_Food,Free_Living,
2021-11-02 14:59:51.237,2021-11-02 15:00:27.237,In_Position_Upright,Puttering_Around,Eating/Dining,Located_Indoors|Holding_Solid_Food,Free_Living,
2021-11-02 15:00:27.237,2021-11-02 15:00:57.237,In_Position_Upright,Walking,,Located_Indoors,Free_Living,
2021-11-02 15:00:57.237,2021-11-02 15:01:05.237,In_Position_Upright,PA_Type_Other,Doing_Common_Housework_Light,Located_Indoors,Free_Living,
2021-11-02 15:01:05.237,2021-11-02 15:01:22.237,In_Position_Upright,Puttering_Around,Doing_Common_Housework_Light,Located_Indoors,Free_Living,
2021-11-02 15:01:22.237,2021-11-02 15:02:11.237,In_Position_Kneeling,Kneeling_With_Movement,Playing_With_Pets,Located_Indoors,Free_Living,
2021-11-02 15:02:11.237,2021-11-02 15:02:23.237,In_Position_Upright,Walking,,Located_Indoors,Free_Living,
2021-11-02 15:02:23.237,2021-11-02 15:02:29.237,In_Position_Sitting,Sitting_With_Movement,,Located_Indoors,Free_Living,
2021-11-02 15:02:29.237,2021-11-02 15:02:55.225,In_Position_Upright,Walking,,Located_Indoors,Free_Living,
2021-11-02 15:02:55.225,2021-11-02 15:03:15.225,In_Position_Upright,Standing_With_Movement,,Located_Indoors,Free_Living,
2021-11-02 15:03:15.225,2021-11-02 15:07:38.225,In_Position_Sitting,Sitting_With_Movement,Using_Computer/Screen,Located_Indoors|Browsing_Computer,Free_Living,
2021-11-02 15:07:38.225,2021-11-02 15:07:50.225,In_Position_Sitting,Sitting_With_Movement,Using_Computer/Screen,Located_Indoors|Texting/Browsing_Phone,Free_Living,
2021-11-02 15:07:50.225,2021-11-02 15:14:35.212,In_Position_Sitting,Sitting_With_Movement,Using_Computer/Screen,Located_Indoors|Browsing_Computer,Free_Living,
2021-11-02 15:14:35.212,2021-11-02 15:15:13.212,In_Position_Sitting,Sitting_With_Movement,Using_Computer/Screen,Located_Indoors|Typing_Computer,Free_Living,
2021-11-02 15:15:13.212,2021-11-02 15:17:26.212,In_Position_Sitting,Sitting_With_Movement,Using_Computer/Screen,Located_Indoors|Browsing_Computer,Free_Living,
2021-11-02 15:17:26.212,2021-11-02 15:18:19.212,In_Position_Sitting,Sitting_With_Movement,Using_Computer/Screen,Located_Indoors|Typing_Computer,Free_Living,
2021-11-02 15:18:19.212,2021-11-02 15:19:44.200,In_Position_Sitting,Sitting_With_Movement,Using_Computer/Screen,Located_Indoors|Browsing_Computer,Free_Living,
2021-11-02 15:19:44.200,2021-11-02 15:20:48.200,In_Position_Sitting,Sitting_With_Movement,Using_Computer/Screen,Located_Indoors|Typing_Computer,Free_Living,
2021-11-02 15:20:48.200,2021-11-02 15:21:41.200,In_Position_Sitting,Sitting_With_Movement,Using_Computer/Screen,Located_Indoors|Browsing_Computer,Free_Living,
2021-11-02 15:21:41.200,2021-11-02 15:22:17.200,In_Position_Sitting,Sitting_With_Movement,Using_Computer/Screen,Located_Indoors|Typing_Computer,Free_Living,
2021-11-02 15:22:17.200,2021-11-02 15:23:21.200,In_Position_Sitting,Sitting_With_Movement,Using_Computer/Screen,Located_Indoors|Browsing_Computer,Free_Living,
2021-11-02 15:23:21.200,2021-11-02 15:24:16.200,In_Position_Sitting,Sitting_With_Movement,Using_Computer/Screen,Located_Indoors|Typing_Computer,Free_Living,
2021-11-02 15:24:16.200,2021-11-02 15:27:17.200,In_Position_Sitting,Sitting_With_Movement,Using_Computer/Screen,Located_Indoors|Browsing_Computer,Free_Living,
2021-11-02 15:27:17.200,2021-11-02 15:27:43.200,In_Position_Upright,Walking,,Located_Indoors,Free_Living,
2021-11-02 15:27:43.200,2021-11-02 15:31:08.187,In_Position_Sitting,Sitting_With_Movement,Using_Computer/Screen,Located_Indoors|Typing_Computer,Free_Living,
2021-11-02 15:31:08.187,2021-11-02 15:31:59.187,In_Position_Sitting,Sitting_With_Movement,Using_Computer/Screen|Eating/Dining,Located_Indoors|Holding_Solid_Food|Browsing_Computer,Free_Living,
2021-11-02 15:31:59.187,2021-11-02 15:33:29.187,In_Position_Sitting,Sitting_With_Movement,Using_Computer/Screen,Located_Indoors|Typing_Computer,Free_Living,
2021-11-02 15:33:29.187,2021-11-02 15:34:11.187,In_Position_Sitting,Sitting_With_Movement,Using_Computer/Screen,Located_Indoors|Browsing_Computer,Free_Living,
2021-11-02 15:34:11.187,2021-11-02 15:36:25.187,In_Position_Sitting,Sitting_With_Movement,Using_Computer/Screen,Located_Indoors|Typing_Computer,Free_Living,
2021-11-02 15:36:25.187,2021-11-02 15:40:15.175,In_Position_Sitting,Sitting_With_Movement,Using_Computer/Screen,Located_Indoors|Browsing_Computer,Free_Living,
2021-11-02 15:40:15.175,2021-11-02 15:41:39.175,In_Position_Sitting,Sitting_With_Movement,Using_Computer/Screen,Located_Indoors|Typing_Computer,Free_Living,
2021-11-02 15:41:39.175,2021-11-02 15:50:35.162,In_Position_Sitting,Sitting_With_Movement,Using_Computer/Screen,Located_Indoors|Browsing_Computer,Free_Living,
2021-11-02 15:50:35.162,2021-11-02 15:51:58.162,In_Position_Sitting,Sitting_With_Movement,HLB_Video_Unavailable/Indecipherable,Located_Indoors,Free_Living,
2021-11-02 15:51:58.162,2021-11-02 15:56:08.150,In_Position_Sitting,Sitting_With_Movement,Using_Computer/Screen,Located_Indoors|Browsing_Computer,Free_Living,
2021-11-02 15:56:08.150,2021-11-02 15:57:35.150,In_Position_Sitting,Sitting_With_Movement,HLB_Video_Unavailable/Indecipherable,Located_Indoors,Free_Living,
2021-11-02 15:57:35.150,2021-11-02 15:57:56.150,Posture_Video_Unavailable/Indecipherable,PA_Type_Video_Unavailable/Indecipherable,HLB_Video_Unavailable/Indecipherable,Located_Indoors,Free_Living,
2021-11-02 15:57:56.150,2021-11-02 15:58:06.150,In_Position_Sitting,Sitting_With_Movement,Using_Computer/Screen,Located_Indoors|Texting/Browsing_Phone,Free_Living,
2021-11-02 15:58:06.150,2021-11-02 16:02:05.150,In_Position_Sitting,Sitting_With_Movement,HLB_Video_Unavailable/Indecipherable,Located_Indoors,Free_Living,
2021-11-02 16:02:05.150,2021-11-02 16:21:53.112,In_Position_Sitting,Sitting_With_Movement,Using_Computer/Screen|Meeting_Virtual,Located_Indoors|On_Video_Call/FaceTime|Browsing_Computer,Free_Living,
2021-11-02 16:21:53.112,2021-11-02 16:22:17.112,In_Position_Upright,Walking,,Located_Indoors,Free_Living,
2021-11-02 16:22:17.112,2021-11-02 16:38:04.087,In_Position_Sitting,Sitting_With_Movement,Using_Computer/Screen|Meeting_Virtual,Located_Indoors|On_Video_Call/FaceTime|Browsing_Computer,Free_Living,
2021-11-02 16:38:04.087,2021-11-02 16:42:34.087,In_Position_Sitting,Sitting_With_Movement,Using_Computer/Screen|Meeting_Virtual,Located_Indoors|On_Video_Call/FaceTime|Handwriting|Holding_Other_Object_Light,Free_Living,
2021-11-02 16:42:34.087,2021-11-02 16:45:02.075,In_Position_Sitting,Sitting_With_Movement,Using_Computer/Screen|Meeting_Virtual,Located_Indoors|On_Video_Call/FaceTime,Free_Living,
2021-11-02 16:45:02.075,2021-11-02 16:45:22.075,In_Position_Sitting,Sitting_With_Movement,Using_Computer/Screen|Meeting_Virtual,Located_Indoors|On_Video_Call/FaceTime|Texting/Browsing_Phone,Free_Living,
2021-11-02 16:45:22.075,2021-11-02 16:58:28.062,In_Position_Sitting,Sitting_With_Movement,Using_Computer/Screen|Meeting_Virtual,Located_Indoors|On_Video_Call/FaceTime|Browsing_Computer,Free_Living,
2021-11-02 16:58:28.062,2021-11-02 16:59:07.062,In_Position_Sitting,Sitting_With_Movement,Using_Computer/Screen|Meeting_Virtual,Located_Indoors|On_Video_Call/FaceTime|Browsing_Computer|In_Conversation,Free_Living,
2021-11-02 16:59:07.062,2021-11-02 17:20:44.025,In_Position_Sitting,Sitting_With_Movement,Using_Computer/Screen|Meeting_Virtual,Located_Indoors|On_Video_Call/FaceTime|Browsing_Computer,Free_Living,
2021-11-02 17:20:44.025,2021-11-02 17:29:25.012,Posture_Video_Unavailable/Indecipherable,PA_Type_Video_Unavailable/Indecipherable,HLB_Video_Unavailable/Indecipherable,Located_Indoors,Free_Living,
2021-11-02 17:29:25.012,2021-11-02 17:30:06.012,In_Position_Upright,Walking,,Located_Indoors,Free_Living,
2021-11-02 17:30:08.012,2021-11-02 17:30:37.012,In_Position_Upright,Standing_With_Movement,Playing_With_Pets,Located_Indoors,Free_Living,
2021-11-02 17:30:37.012,2021-11-02 17:30:46.012,In_Position_Upright,Walking,,Located_Indoors,Free_Living,
2021-11-02 17:30:46.012,2021-11-02 17:34:03.012,In_Position_Upright,Standing_With_Movement,,Located_Indoors,Free_Living,
2021-11-02 17:34:03.012,2021-11-02 17:36:17.000,In_Position_Upright,Standing_With_Movement,Using_Computer/Screen,Located_Indoors|On_Phone_Call,Free_Living,
2021-11-02 17:36:17.000,2021-11-02 17:36:34.000,In_Position_Upright,Walking,,Located_Indoors,Free_Living,
2021-11-02 17:36:34.000,2021-11-02 17:36:58.000,In_Position_Upright,Puttering_Around,Doing_Common_Housework_Light,Located_Indoors,Free_Living,
2021-11-02 17:36:58.000,2021-11-02 17:38:04.000,In_Position_Upright,Puttering_Around,Cooking/Prepping_Food,Located_Indoors,Free_Living,
2021-11-02 17:38:04.000,2021-11-02 17:39:24.000,Posture_Video_Unavailable/Indecipherable,PA_Type_Video_Unavailable/Indecipherable,HLB_Video_Unavailable/Indecipherable,Located_Indoors,Free_Living,
2021-11-02 17:39:24.000,2021-11-02 17:39:48.000,In_Position_Upright,Walking,,Located_Indoors,Free_Living,
2021-11-02 17:39:48.000,2021-11-02 17:43:50.000,In_Position_Upright,Puttering_Around,Cooking/Prepping_Food,Located_Indoors,Free_Living,
2021-11-02 17:43:50.000,2021-11-02 17:44:28.987,In_Position_Kneeling,Kneeling_With_Movement,Playing_With_Pets,Located_Indoors,Free_Living,
2021-11-02 17:44:28.987,2021-11-02 17:44:46.987,In_Position_Upright,Walking,,Located_Indoors,Free_Living,
2021-11-02 17:44:46.987,2021-11-02 17:52:14.987,In_Position_Sitting,Sitting_With_Movement,Using_Computer/Screen,Located_Indoors|Browsing_Computer,Free_Living,
2021-11-02 17:52:14.987,2021-11-02 17:52:51.987,In_Position_Sitting,Sitting_With_Movement,Using_Computer/Screen,Located_Indoors|Typing_Computer,Free_Living,
2021-11-02 17:52:51.987,2021-11-02 17:54:14.975,In_Position_Sitting,Sitting_With_Movement,Using_Computer/Screen,Located_Indoors|Browsing_Computer,Free_Living,
2021-11-02 17:54:14.975,2021-11-02 17:58:04.975,In_Position_Sitting,Sitting_With_Movement,Using_Computer/Screen,Located_Indoors|Typing_Computer,Free_Living,
2021-11-02 17:58:04.975,2021-11-02 17:59:57.975,In_Position_Sitting,Sitting_With_Movement,Using_Computer/Screen,Located_Indoors|Browsing_Computer,Free_Living,
2021-11-02 17:59:57.975,2021-11-02 18:00:57.975,In_Position_Sitting,Sitting_With_Movement,Using_Computer/Screen,Located_Indoors|Typing_Computer,Free_Living,
2021-11-02 18:00:57.975,2021-11-02 18:02:41.962,In_Position_Sitting,Sitting_With_Movement,Using_Computer/Screen,Located_Indoors|Browsing_Computer,Free_Living,
2021-11-02 18:02:41.962,2021-11-02 18:05:57.962,In_Position_Sitting,Sitting_With_Movement,Using_Computer/Screen,Located_Indoors|Typing_Computer,Free_Living,
2021-11-02 18:05:57.962,2021-11-02 18:06:40.962,In_Position_Sitting,Sitting_With_Movement,Using_Computer/Screen,Located_Indoors|Browsing_Computer,Free_Living,
2021-11-02 18:06:40.962,2021-11-02 18:07:53.962,In_Position_Sitting,Sitting_With_Movement,Using_Computer/Screen,Located_Indoors|Typing_Computer,Free_Living,
2021-11-02 18:07:53.962,2021-11-02 18:08:22.962,In_Position_Sitting,Sitting_With_Movement,Using_Computer/Screen,Located_Indoors|Browsing_Computer,Free_Living,
2021-11-02 18:08:22.962,2021-11-02 18:10:28.950,In_Position_Sitting,Sitting_With_Movement,Using_Computer/Screen,Located_Indoors|Typing_Computer,Free_Living,
2021-11-02 18:10:28.950,2021-11-02 18:12:26.950,In_Position_Sitting,Sitting_With_Movement,Using_Computer/Screen,Located_Indoors|Browsing_Computer,Free_Living,
2021-11-02 18:12:26.950,2021-11-02 18:14:21.950,In_Position_Sitting,Sitting_With_Movement,Using_Computer/Screen,Located_Indoors|Typing_Computer,Free_Living,
2021-11-02 18:14:21.950,2021-11-02 18:14:47.950,In_Position_Sitting,Sitting_With_Movement,Using_Computer/Screen,Located_Indoors|Browsing_Computer,Free_Living,
2021-11-02 18:14:47.950,2021-11-02 18:16:35.950,In_Position_Sitting,Sitting_With_Movement,Using_Computer/Screen,Located_Indoors|Typing_Computer,Free_Living,
2021-11-02 18:16:35.950,2021-11-02 18:22:05.937,In_Position_Sitting,Sitting_With_Movement,Using_Computer/Screen,Located_Indoors|Browsing_Computer,Free_Living,
2021-11-02 18:22:05.937,2021-11-02 18:22:16.937,In_Position_Upright,Walking,,Located_Indoors,Free_Living,
2021-11-02 18:22:16.937,2021-11-02 18:38:02.912,In_Position_Upright,Puttering_Around,Cooking/Prepping_Food,Located_Indoors,Free_Living,
2021-11-02 18:38:02.912,2021-11-02 18:38:14.912,In_Position_Sitting,Sitting_With_Movement,Eating/Dining,Located_Indoors,Free_Living,
2021-11-02 18:38:14.912,2021-11-02 18:39:34.912,In_Position_Sitting,Sitting_With_Movement,,Located_Indoors,Free_Living,
2021-11-02 18:39:34.912,2021-11-02 18:40:28.912,In_Position_Sitting,Sitting_With_Movement,Eating/Dining,Located_Indoors,Free_Living,
2021-11-02 18:40:28.912,2021-11-02 18:47:28.900,In_Position_Sitting,Sitting_With_Movement,Eating/Dining,Located_Indoors,Free_Living,
2021-11-02 18:47:28.900,2021-11-02 18:47:47.900,In_Position_Upright,Puttering_Around,Eating/Dining,Located_Indoors,Free_Living,
2021-11-02 18:47:47.900,2021-11-02 18:47:55.900,In_Position_Sitting,Sitting_With_Movement,Eating/Dining,Located_Indoors,Free_Living,
2021-11-02 18:47:55.900,2021-11-02 18:52:38.887,In_Position_Sitting,Sitting_With_Movement,,Located_Indoors,Free_Living,
2021-11-02 18:52:38.887,2021-11-02 18:55:57.887,In_Position_Sitting,Sitting_With_Movement,Eating/Dining,Located_Indoors|In_Conversation,Free_Living,
2021-11-02 18:56:02.887,2021-11-02 18:59:33.887,In_Position_Upright,Standing_With_Movement,,Located_Indoors,Free_Living,
2021-11-02 18:59:33.887,2021-11-02 19:01:04.875,In_Position_Upright,Standing_With_Movement,,Located_Indoors,Free_Living,
2021-11-02 19:01:04.875,2021-11-02 19:01:20.875,In_Position_Upright,Walking,,Located_Indoors,Free_Living,
2021-11-02 19:01:20.875,2021-11-02 19:01:24.875,In_Position_Upright,Walking_Down_Stairs,,Located_Indoors,Free_Living,
2021-11-02 19:01:24.875,2021-11-02 19:01:28.875,In_Position_Upright,Walking,,Located_Indoors,Free_Living,
2021-11-02 19:01:28.875,2021-11-02 19:01:32.875,In_Position_Upright,Walking_Down_Stairs,,Located_Outdoors,Free_Living,
2021-11-02 19:01:32.875,2021-11-02 19:05:38.875,In_Position_Upright,Walking,Walking_Pet,Located_Outdoors,Free_Living,
2021-11-02 19:05:38.875,2021-11-02 19:06:49.875,In_Position_Upright,Standing_With_Movement,Walking_Pet,Located_Outdoors,Free_Living,
2021-11-02 19:06:49.875,2021-11-02 19:09:58.862,In_Position_Upright,Walking,Walking_Pet,Located_Outdoors,Free_Living,
2021-11-02 19:09:58.862,2021-11-02 19:10:02.862,In_Position_Upright,Walking_Up_Stairs,Walking_Pet,Located_Outdoors,Free_Living,
2021-11-02 19:10:02.862,2021-11-02 19:10:06.862,In_Position_Upright,Walking,Walking_Pet,Located_Outdoors,Free_Living,
2021-11-02 19:10:06.862,2021-11-02 19:10:08.862,In_Position_Upright,Walking_Up_Stairs,Walking_Pet,Located_Outdoors,Free_Living,
2021-11-02 19:10:08.862,2021-11-02 19:10:35.862,In_Position_Upright,Walking,Walking_Pet,Located_Indoors,Free_Living,
2021-11-02 19:10:35.862,2021-11-02 19:11:56.862,In_Position_Upright,Walking,,Located_Indoors,Free_Living,
2021-11-02 19:11:56.862,2021-11-02 19:12:30.862,In_Position_Upright,Washing_Hands,,Located_Indoors,Free_Living,
2021-11-02 19:12:30.862,2021-11-02 19:12:37.862,In_Position_Upright,Walking,,Located_Indoors,Free_Living,
2021-11-02 19:12:37.862,2021-11-02 19:13:48.862,In_Position_Upright,Puttering_Around,,Located_Indoors,Free_Living,
2021-11-02 19:13:48.862,2021-11-02 19:13:58.862,In_Position_Upright,Walking,,Located_Indoors,Free_Living,
2021-11-02 19:13:58.862,2021-11-02 19:14:24.862,In_Position_Upright,Standing_With_Movement,,Located_Indoors,Free_Living,
2021-11-02 19:14:24.862,2021-11-02 19:14:42.862,In_Position_Upright,Puttering_Around,,Located_Indoors,Free_Living,
2021-11-02 19:14:42.862,2021-11-02 19:20:48.850,Posture_Video_Unavailable/Indecipherable,PA_Type_Video_Unavailable/Indecipherable,HLB_Video_Unavailable/Indecipherable,Located_Indoors,Free_Living,
2021-11-02 19:20:52.850,2021-11-02 19:21:30.850,In_Position_Upright,Walking,,Located_Indoors,Free_Living,
2021-11-02 19:21:30.850,2021-11-02 19:21:41.850,In_Position_Upright,Standing_With_Movement,,Located_Indoors,Free_Living,
2021-11-02 19:21:45.850,2021-11-02 20:58:20.712,In_Position_Sitting,Cycling_Active_Pedaling_Stationary_Bike,Exercising_Gym_Stationary_Bicycle,Located_Indoors,Free_Living,
2021-11-02 20:58:28.712,2021-11-02 20:59:55.712,In_Position_Upright,Standing_With_Movement,Using_Computer/Screen,Located_Indoors|Browsing_Computer,Free_Living,
2021-11-02 20:59:58.712,2021-11-02 21:01:17.700,In_Position_Upright,Puttering_Around,,Located_Indoors,Free_Living,
2021-11-02 21:01:17.700,2021-11-02 21:01:36.700,In_Position_Upright,Walking,,Located_Indoors,Free_Living,
2021-11-02 21:01:36.700,2021-11-02 21:07:37.700,In_Position_Sitting,Sitting_With_Movement,Playing_With_Pets,Located_Indoors,Free_Living,
2021-11-02 21:07:37.700,2021-11-02 21:07:52.700,In_Position_Upright,Walking,,Located_Indoors,Free_Living,
2021-11-02 21:07:52.700,2021-11-02 21:28:46.662,Posture_Video_Unavailable/Indecipherable,PA_Type_Video_Unavailable/Indecipherable,HLB_Video_Unavailable/Indecipherable,CP_Video_Unavailable/Indecipherable,Free_Living,
2021-11-02 21:28:46.662,2021-11-02 21:29:05.662,In_Position_Upright,Walking,,Located_Indoors,Free_Living,
2021-11-02 21:29:05.662,2021-11-02 21:29:36.662,In_Position_Upright,Standing_With_Movement,,Located_Indoors|Holding_Drink,Free_Living,
2021-11-02 21:29:36.662,2021-11-02 21:29:59.662,In_Position_Upright,Standing_With_Movement,Doing_Dishes,Located_Indoors,Free_Living,
2021-11-02 21:29:59.662,2021-11-02 21:31:55.662,In_Position_Upright,Standing_With_Movement,Doing_Dishes,Located_Indoors,Free_Living,
2021-11-02 21:31:55.662,2021-11-02 21:33:24.662,In_Position_Upright,Puttering_Around,,Located_Indoors,Free_Living,
2021-11-02 21:33:24.662,2021-11-02 21:33:50.662,In_Position_Upright,Standing_With_Movement,,Located_Indoors|Holding_Drink,Free_Living,
2021-11-02 21:33:50.662,2021-11-02 21:34:08.662,In_Position_Upright,Puttering_Around,Doing_Dishes,Located_Indoors,Free_Living,
2021-11-02 21:34:08.662,2021-11-02 21:34:28.650,In_Position_Upright,Puttering_Around,Doing_Common_Housework_Light,Located_Indoors,Free_Living,
2021-11-02 21:34:28.650,2021-11-02 21:34:40.650,In_Position_Upright,Walking,,Located_Indoors,Free_Living,
2021-11-02 21:34:40.650,2021-11-02 21:34:47.650,Posture_Other,PA_Type_Other,Doing_Common_Housework_Light,Located_Indoors|Holding_Other_Object_Light,Free_Living,
2021-11-02 21:34:49.650,2021-11-02 21:35:35.650,In_Position_Upright,Walking,Doing_Common_Housework_Light,Located_Indoors,Free_Living,
2021-11-02 21:35:35.650,2021-11-02 21:54:10.625,In_Position_Sitting,Sitting_With_Movement,Using_Computer/Screen,Located_Indoors|Browsing_Computer,Free_Living,
2021-11-02 21:54:10.625,2021-11-02 21:58:54.625,Posture_Video_Unavailable/Indecipherable,PA_Type_Video_Unavailable/Indecipherable,HLB_Video_Unavailable/Indecipherable,Located_Indoors,Free_Living,
2021-11-02 21:58:54.625,2021-11-02 22:08:18.612,In_Position_Sitting,Sitting_With_Movement,Using_Computer/Screen,Located_Indoors|Browsing_Computer,Free_Living,
2021-11-02 22:08:18.612,2021-11-02 22:09:09.600,In_Position_Sitting,Sitting_With_Movement,Using_Computer/Screen,Located_Indoors|Typing_Computer,Free_Living,
2021-11-02 22:09:09.600,2021-11-02 22:31:08.575,In_Position_Sitting,Sitting_With_Movement,Using_Computer/Screen,Located_Indoors|Browsing_Computer,Free_Living,
2021-11-02 22:31:08.575,2021-11-02 22:33:00.575,In_Position_Sitting,Sitting_With_Movement,Using_Computer/Screen,Located_Indoors|Typing_Computer,Free_Living,
2021-11-02 22:33:00.575,2021-11-02 22:36:32.562,In_Position_Sitting,Sitting_With_Movement,Using_Computer/Screen,Located_Indoors|Browsing_Computer,Free_Living,
2021-11-02 22:36:32.562,2021-11-02 22:36:42.562,In_Position_Sitting,Sitting_With_Movement,,Located_Indoors,Free_Living,
2021-11-02 22:36:46.562,2021-11-02 22:37:28.562,In_Position_Upright,Walking,,Located_Indoors|Holding_Book/Reader,Free_Living,
2021-11-02 22:37:28.562,2021-11-02 22:37:56.562,In_Position_Kneeling,Kneeling_With_Movement,Playing_With_Pets,Located_Indoors,Free_Living,
2021-11-02 22:37:56.562,2021-11-02 22:39:07.562,In_Position_Upright,Puttering_Around,Doing_Common_Housework_Light,Located_Indoors,Free_Living,
2021-11-02 22:39:07.562,2021-11-02 22:40:53.562,In_Position_Upright,Standing_With_Movement,Eating/Dining,Located_Indoors,Free_Living,
2021-11-02 22:40:53.562,2021-11-02 22:41:13.562,In_Position_Upright,Puttering_Around,Doing_Dishes,Located_Indoors,Free_Living,
2021-11-02 22:41:13.562,2021-11-02 22:41:20.562,In_Position_Upright,Puttering_Around,Doing_Common_Housework_Light,Located_Indoors,Free_Living,
2021-11-02 22:41:20.562,2021-11-02 22:50:33.550,In_Position_Upright,Standing_With_Movement,Doing_Common_Housework_Light,Located_Indoors,Free_Living,
2021-11-02 22:50:33.550,2021-11-02 22:50:56.537,In_Position_Upright,Washing_Hands,Doing_Common_Housework_Light,Located_Indoors,Free_Living,
2021-11-02 22:50:56.537,2021-11-02 22:51:36.537,In_Position_Upright,Puttering_Around,Doing_Common_Housework_Light,Located_Indoors,Free_Living,
2021-11-02 22:51:36.537,2021-11-02 22:53:02.537,In_Position_Upright,Standing_With_Movement,Doing_Dishes,Located_Indoors,Free_Living,
2021-11-02 22:53:02.537,2021-11-02 22:56:09.537,In_Position_Upright,Puttering_Around,Doing_Common_Housework_Light,Located_Indoors,Free_Living,
2021-11-02 22:56:09.537,2021-11-02 22:57:22.537,In_Position_Upright,Standing_With_Movement,Doing_Dishes,Located_Indoors,Free_Living,
2021-11-02 22:57:22.537,2021-11-02 22:58:57.537,In_Position_Upright,Puttering_Around,Doing_Common_Housework_Light,Located_Indoors,Free_Living,
2021-11-02 22:58:57.537,2021-11-02 22:59:34.525,In_Position_Upright,Standing_With_Movement,Doing_Dishes,Located_Indoors,Free_Living,
2021-11-02 22:59:34.525,2021-11-02 22:59:47.525,In_Position_Upright,Puttering_Around,Doing_Common_Housework_Light,Located_Indoors,Free_Living,
2021-11-02 22:59:47.525,2021-11-02 23:00:37.525,In_Position_Upright,Standing_With_Movement,,Holding_Book/Reader,Free_Living,
2021-11-02 23:00:37.525,2021-11-02 23:01:29.525,In_Position_Upright,Walking,,Located_Indoors,Free_Living,
2021-11-02 23:01:29.525,2021-11-02 23:03:59.525,In_Position_Upright,Brushing_Teeth,Grooming/Self_Care,Located_Indoors,Free_Living,
2021-11-02 23:03:59.525,2021-11-02 23:04:57.525,In_Position_Upright,Walking,Doing_Common_Housework_Light,Located_Indoors,Free_Living,
2021-11-02 23:04:57.525,2021-11-02 23:05:28.525,In_Position_Upright,Standing_With_Movement,,Located_Indoors,Free_Living,
2021-11-02 23:05:28.525,2021-11-02 23:05:51.525,In_Position_Upright,Synchronizing_Sensors,,Located_Indoors,Free_Living,
2021-11-03 06:56:31.687,2021-11-03 06:56:52.687,In_Position_Upright,Standing_With_Movement,,Located_Indoors,Free_Living,
2021-11-03 06:56:52.687,2021-11-03 06:56:57.687,In_Position_Upright,Puttering_Around,,Located_Indoors,Free_Living,
2021-11-03 06:56:57.687,2021-11-03 06:57:16.687,In_Position_Upright,Standing_With_Movement,Cooking/Prepping_Food,Located_Indoors,Free_Living,
2021-11-03 06:57:16.687,2021-11-03 06:57:21.687,In_Position_Upright,Puttering_Around,Cooking/Prepping_Food,Located_Indoors,Free_Living,
2021-11-03 06:57:21.687,2021-11-03 06:58:17.687,In_Position_Upright,Standing_With_Movement,,Located_Indoors,Free_Living,
2021-11-03 06:58:17.687,2021-11-03 07:17:54.637,Posture_Video_Unavailable/Indecipherable,PA_Type_Video_Unavailable/Indecipherable,HLB_Video_Unavailable/Indecipherable,Located_Indoors,Free_Living,
2021-11-03 07:17:54.637,2021-11-03 07:18:16.637,In_Position_Upright,Synchronizing_Sensors,,Located_Indoors,Free_Living,
2021-11-03 07:18:16.637,2021-11-03 07:18:54.637,In_Position_Upright,Walking,,Located_Indoors,Free_Living,
2021-11-03 07:18:54.637,2021-11-03 07:18:59.637,In_Position_Upright,Puttering_Around,,Located_Indoors,Free_Living,
2021-11-03 07:18:59.637,2021-11-03 07:19:21.637,In_Position_Upright,Standing_With_Movement,,Located_Indoors,Free_Living,
2021-11-03 07:19:21.637,2021-11-03 07:19:38.637,In_Position_Upright,Standing_With_Movement,Eating/Dining,Located_Indoors|Holding_Solid_Food,Free_Living,
2021-11-03 07:19:38.637,2021-11-03 07:19:50.625,In_Position_Upright,Walking,,Located_Indoors,Free_Living,
2021-11-03 07:19:50.625,2021-11-03 07:19:57.625,In_Position_Upright,Walking_Down_Stairs,,Located_Indoors,Free_Living,
2021-11-03 07:19:57.625,2021-11-03 07:20:03.625,In_Position_Upright,Walking,,Located_Indoors,Free_Living,
2021-11-03 07:20:03.625,2021-11-03 07:20:39.625,In_Position_Upright,Walking,,Located_Outdoors,Free_Living,
2021-11-03 07:20:39.625,2021-11-03 07:36:05.587,In_Position_Sitting,Sitting_With_Movement,In_Transit_Driving_Car,Located_Outdoors,Free_Living,
2021-11-03 07:36:05.587,2021-11-03 07:36:41.587,In_Position_Upright,Walking,,Located_Outdoors,Free_Living,
2021-11-03 07:36:41.587,2021-11-03 07:36:45.587,In_Position_Upright,Walking,,Located_Indoors,Free_Living,
2021-11-03 07:36:45.587,2021-11-03 07:36:52.587,In_Position_Upright,Walking_Up_Stairs,,Located_Indoors,Free_Living,
2021-11-03 07:36:52.587,2021-11-03 07:37:07.587,In_Position_Upright,Walking,,Located_Indoors,Free_Living,
2021-11-03 07:37:08.587,2021-11-03 07:37:31.587,In_Position_Upright,Puttering_Around,,Located_Indoors,Free_Living,
2021-11-03 07:37:31.587,2021-11-03 07:37:58.587,In_Position_Upright,Washing_Hands,,Located_Indoors,Free_Living,
2021-11-03 07:37:58.587,2021-11-03 07:38:29.587,In_Position_Upright,Puttering_Around,,Located_Indoors,Free_Living,
2021-11-03 07:38:29.587,2021-11-03 07:38:42.587,In_Position_Upright,Standing_With_Movement,Cleaning,Located_Indoors,Free_Living,
2021-11-03 07:38:45.587,2021-11-03 07:39:11.587,In_Position_Upright,Standing_With_Movement,Cooking/Prepping_Food,Located_Indoors,Free_Living,
2021-11-03 07:39:11.587,2021-11-03 07:39:26.587,In_Position_Upright,Walking,,Located_Indoors,Free_Living,
2021-11-03 07:39:26.587,2021-11-03 07:40:56.575,In_Position_Upright,Standing_With_Movement,Eating/Dining,Located_Indoors|Holding_Solid_Food,Free_Living,
2021-11-03 07:40:56.575,2021-11-03 07:45:12.575,In_Position_Upright,Puttering_Around,Doing_Common_Housework_Light,Located_Indoors,Free_Living,
2021-11-03 07:45:12.575,2021-11-03 07:46:42.562,In_Position_Upright,Puttering_Around,Cooking/Prepping_Food,Located_Indoors,Free_Living,
2021-11-03 07:46:42.562,2021-11-03 07:46:50.562,In_Position_Upright,Puttering_Around,,Located_Indoors|Holding_Drink,Free_Living,
2021-11-03 07:46:50.562,2021-11-03 07:47:03.562,In_Position_Upright,Standing_With_Movement,,Located_Indoors|Holding_Drink,Free_Living,
2021-11-03 07:47:03.562,2021-11-03 07:47:37.562,In_Position_Upright,Puttering_Around,,Located_Indoors,Free_Living,
2021-11-03 07:47:37.562,2021-11-03 07:48:40.562,In_Position_Upright,Standing_With_Movement,Doing_Dishes,Located_Indoors,Free_Living,
2021-11-03 07:48:40.562,2021-11-03 07:49:52.562,In_Position_Upright,Puttering_Around,,Located_Indoors,Free_Living,
2021-11-03 07:49:52.562,2021-11-03 07:50:38.562,In_Position_Upright,Standing_With_Movement,Doing_Common_Housework_Light,Located_Indoors,Free_Living,
2021-11-03 07:50:38.562,2021-11-03 07:50:49.562,In_Position_Upright,Walking,Doing_Common_Housework_Light,Located_Indoors,Free_Living,
2021-11-03 07:50:49.562,2021-11-03 07:50:56.562,In_Position_Upright,Walking_Down_Stairs,Doing_Common_Housework_Light,Located_Indoors,Free_Living,
2021-11-03 07:50:56.562,2021-11-03 07:51:33.550,In_Position_Upright,Walking,Doing_Common_Housework_Light,Located_Indoors,Free_Living,
2021-11-03 07:51:33.550,2021-11-03 07:51:42.550,In_Position_Upright,Walking_Up_Stairs,Doing_Common_Housework_Light,Located_Indoors,Free_Living,
2021-11-03 07:51:42.550,2021-11-03 07:52:10.550,In_Position_Upright,Walking,Doing_Common_Housework_Light,Located_Indoors,Free_Living,
2021-11-03 07:52:10.550,2021-11-03 07:52:42.550,In_Position_Upright,Standing_With_Movement,Doing_Common_Housework_Light,Located_Indoors,Free_Living,
2021-11-03 07:52:42.550,2021-11-03 07:54:05.550,In_Position_Upright,Walking,,Located_Indoors,Free_Living,
2021-11-03 07:54:05.550,2021-11-03 07:55:43.550,In_Position_Upright,Walking,,Located_Indoors,Free_Living,
2021-11-03 07:55:43.550,2021-11-03 08:02:59.525,In_Position_Upright,Ironing,Doing_Laundry,Located_Indoors,Free_Living,
2021-11-03 08:02:59.525,2021-11-03 08:04:47.525,In_Position_Upright,Walking,,Located_Indoors,Free_Living,
2021-11-03 08:04:47.525,2021-11-03 08:24:08.475,Posture_Video_Unavailable/Indecipherable,PA_Type_Video_Unavailable/Indecipherable,HLB_Video_Unavailable/Indecipherable,Located_Indoors,Free_Living,
2021-11-03 08:24:08.475,2021-11-03 08:27:09.475,In_Position_Upright,Standing_With_Movement,,Located_Indoors,Free_Living,
2021-11-03 08:27:09.475,2021-11-03 08:27:14.475,In_Position_Upright,Walking,,Located_Indoors,Free_Living,
2021-11-03 08:27:14.475,2021-11-03 08:28:11.462,In_Position_Sitting,Sitting_With_Movement,,Located_Indoors,Free_Living,
2021-11-03 08:28:11.462,2021-11-03 08:28:54.462,In_Position_Upright,Walking,,Located_Indoors,Free_Living,
2021-11-03 08:28:54.462,2021-11-03 08:29:39.462,In_Position_Upright,Standing_With_Movement,,Located_Indoors,Free_Living,
2021-11-03 08:29:39.462,2021-11-03 08:29:51.462,In_Position_Upright,Puttering_Around,,Located_Indoors,Free_Living,
2021-11-03 08:29:51.462,2021-11-03 08:30:00.462,Posture_Other,Standing_With_Movement,Playing_With_Pets,Located_Indoors,Free_Living,
2021-11-03 08:30:00.462,2021-11-03 08:30:47.462,In_Position_Upright,Walking,,Located_Indoors,Free_Living,
2021-11-03 08:30:47.462,2021-11-03 08:31:17.462,In_Position_Upright,Standing_With_Movement,,Located_Indoors,Free_Living,
2021-11-03 08:31:17.462,2021-11-03 08:32:09.462,In_Position_Upright,Walking,,Located_Indoors,Free_Living,
2021-11-03 08:32:10.462,2021-11-03 08:32:14.462,In_Position_Upright,Walking_Down_Stairs,,Located_Indoors,Free_Living,
2021-11-03 08:32:14.462,2021-11-03 08:32:18.462,In_Position_Upright,Walking,,Located_Indoors,Free_Living,
2021-11-03 08:32:18.462,2021-11-03 08:32:22.462,In_Position_Upright,Walking_Down_Stairs,,Located_Outdoors,Free_Living,
2021-11-03 08:32:22.462,2021-11-03 08:38:14.450,In_Position_Upright,Walking,Walking_Pet,Located_Outdoors,Free_Living,
2021-11-03 08:38:14.450,2021-11-03 08:38:17.450,In_Position_Upright,Walking_Up_Stairs,,Located_Outdoors,Free_Living,
2021-11-03 08:38:17.450,2021-11-03 08:38:19.450,In_Position_Upright,Walking,,Located_Outdoors,Free_Living,
2021-11-03 08:38:20.450,2021-11-03 08:38:23.450,In_Position_Upright,Walking_Up_Stairs,,Located_Indoors,Free_Living,
2021-11-03 08:38:31.437,2021-11-03 08:38:56.437,In_Position_Upright,Walking,,Located_Indoors,Free_Living,
2021-11-03 08:38:56.437,2021-11-03 08:39:14.437,In_Position_Upright,Puttering_Around,,Located_Indoors,Free_Living,
2021-11-03 08:39:14.437,2021-11-03 08:39:16.437,In_Position_Upright,Walking,,Located_Indoors,Free_Living,
2021-11-03 08:39:16.437,2021-11-03 08:39:22.437,In_Position_Upright,Walking_Down_Stairs,,Located_Indoors,Free_Living,
2021-11-03 08:39:22.437,2021-11-03 08:39:30.437,In_Position_Upright,Walking,,Located_Indoors,Free_Living,
2021-11-03 08:39:30.437,2021-11-03 08:39:38.437,In_Position_Upright,Walking_Up_Stairs,,Located_Indoors,Free_Living,
2021-11-03 08:39:38.437,2021-11-03 08:39:46.437,In_Position_Upright,Walking,,Located_Indoors,Free_Living,
2021-11-03 08:39:46.437,2021-11-03 08:40:22.437,In_Position_Upright,Washing_Hands,,Located_Indoors,Free_Living,
2021-11-03 08:40:22.437,2021-11-03 08:41:16.437,In_Position_Upright,Puttering_Around,,Located_Indoors,Free_Living,
2021-11-03 08:41:16.437,2021-11-03 08:41:28.437,In_Position_Upright,Standing_With_Movement,,Located_Indoors,Free_Living,
2021-11-03 08:41:28.437,2021-11-03 08:41:45.437,In_Position_Upright,Puttering_Around,,Located_Indoors,Free_Living,
2021-11-03 08:41:45.437,2021-11-03 08:42:01.437,Posture_Video_Unavailable/Indecipherable,PA_Type_Video_Unavailable/Indecipherable,HLB_Video_Unavailable/Indecipherable,Located_Indoors,Free_Living,
2021-11-03 08:42:02.437,2021-11-03 08:42:20.437,In_Position_Upright,Standing_With_Movement,,Located_Indoors,Free_Living,
2021-11-03 08:42:20.437,2021-11-03 08:42:31.437,In_Position_Upright,Puttering_Around,,Located_Indoors,Free_Living,
2021-11-03 08:42:31.437,2021-11-03 08:42:37.437,In_Position_Upright,Puttering_Around,Cooking/Prepping_Food,Located_Indoors|Holding_Drink,Free_Living,
2021-11-03 08:42:37.437,2021-11-03 08:43:44.425,In_Position_Upright,Puttering_Around,Doing_Common_Housework,Located_Indoors,Free_Living,
2021-11-03 08:43:45.425,2021-11-03 08:44:05.425,In_Position_Upright,Walking,,Located_Indoors,Free_Living,
2021-11-03 08:44:05.425,2021-11-03 08:44:49.425,In_Position_Upright,Walking,,Located_Indoors,Free_Living,
2021-11-03 08:44:50.425,2021-11-03 08:45:04.425,In_Position_Upright,Standing_With_Movement,HLB_Other,Located_Indoors|CP_Other,Free_Living,
2021-11-03 08:45:05.425,2021-11-03 08:45:15.425,In_Position_Upright,Walking,HLB_Other,Located_Indoors|CP_Other,Free_Living,
2021-11-03 08:45:16.425,2021-11-03 08:45:29.425,In_Position_Upright,Standing_With_Movement,HLB_Other,Located_Indoors|CP_Other,Free_Living,
2021-11-03 08:45:30.425,2021-11-03 08:46:42.425,In_Position_Upright,Puttering_Around,Cleaning,Located_Indoors,Free_Living,
2021-11-03 08:46:43.425,2021-11-03 08:46:57.425,In_Position_Upright,Walking,,Located_Indoors|Holding_Drink,Free_Living,
2021-11-03 08:47:02.425,2021-11-03 08:49:25.412,In_Position_Sitting,Sitting_With_Movement,Packing/Unpacking_Something,Located_Indoors,Free_Living,
2021-11-03 08:49:26.412,2021-11-03 08:55:05.400,In_Position_Sitting,Sitting_With_Movement,Using_Computer/Screen,Located_Indoors|Browsing_Computer,Free_Living,
2021-11-03 08:55:06.400,2021-11-03 08:55:30.400,In_Position_Upright,Walking,,Located_Indoors,Free_Living,
2021-11-03 08:55:32.400,2021-11-03 08:56:10.400,In_Position_Upright,Standing_With_Movement,Using_Computer/Screen,Located_Indoors|Holding_Other_Object_Light,Free_Living,
2021-11-03 08:56:11.400,2021-11-03 08:56:23.400,In_Position_Upright,Walking,,Located_Indoors|Holding_Other_Object_Light,Free_Living,
2021-11-03 08:56:25.400,2021-11-03 08:57:47.400,In_Position_Sitting,Sitting_With_Movement,Packing/Unpacking_Something,Located_Indoors,Free_Living,
2021-11-03 08:57:49.400,2021-11-03 09:25:31.337,In_Position_Sitting,Sitting_With_Movement,Using_Computer/Screen,Located_Indoors|Browsing_Computer|Legs_Uncrossed,Free_Living,
2021-11-03 09:25:34.337,2021-11-03 09:26:06.325,In_Position_Sitting,Sitting_With_Movement,Using_Computer/Screen,Located_Indoors|Legs_Uncrossed|Typing_Computer,Free_Living,
2021-11-03 09:26:08.325,2021-11-03 09:29:24.325,In_Position_Sitting,Sitting_With_Movement,Using_Computer/Screen,Located_Indoors|Legs_Uncrossed|Browsing_Computer,Free_Living,
2021-11-03 09:29:25.325,2021-11-03 09:29:45.325,In_Position_Sitting,Sitting_With_Movement,Using_Computer/Screen,Located_Indoors|Legs_Uncrossed|Browsing_Computer|Texting/Browsing_Phone,Free_Living,
2021-11-03 09:29:46.325,2021-11-03 09:32:51.312,In_Position_Sitting,Sitting_With_Movement,Using_Computer/Screen,Located_Indoors|Legs_Uncrossed|Browsing_Computer,Free_Living,
2021-11-03 09:32:53.312,2021-11-03 09:38:15.300,In_Position_Sitting,Sitting_With_Movement,Using_Computer/Screen|Meeting_Virtual,Located_Indoors|Legs_Uncrossed,Free_Living,
2021-11-03 09:38:18.300,2021-11-03 09:42:53.287,Posture_Video_Unavailable/Indecipherable,PA_Type_Video_Unavailable/Indecipherable,HLB_Video_Unavailable/Indecipherable,CP_Video_Unavailable/Indecipherable,Free_Living,
2021-11-03 09:43:00.287,2021-11-03 10:32:39.175,In_Position_Sitting,Sitting_With_Movement,Using_Computer/Screen|Meeting_Virtual,Located_Indoors|Browsing_Computer|Legs_Uncrossed,Free_Living,
2021-11-03 10:32:42.175,2021-11-03 10:48:15.137,In_Position_Sitting,Sitting_With_Movement,Using_Computer/Screen,Located_Indoors|Browsing_Computer|Legs_Uncrossed,Free_Living,
2021-11-03 10:48:18.137,2021-11-03 10:49:01.137,In_Position_Upright,Walking,,Located_Indoors,Free_Living,
2021-11-03 10:49:01.137,2021-11-03 10:52:35.125,In_Position_Upright,Puttering_Around,Cooking/Prepping_Food,Located_Indoors,Free_Living,
2021-11-03 10:52:36.125,2021-11-03 10:53:30.125,In_Position_Upright,Standing_With_Movement,Eating/Dining,Located_Indoors|Holding_Solid_Food,Free_Living,
2021-11-03 10:53:31.125,2021-11-03 10:54:34.125,In_Position_Upright,Standing_With_Movement,Eating/Dining,Located_Indoors|Holding_Solid_Food,Free_Living,
2021-11-03 10:54:35.125,2021-11-03 10:54:54.125,In_Position_Upright,Standing_With_Movement,Cleaning,Located_Indoors,Free_Living,
2021-11-03 10:54:55.125,2021-11-03 10:54:57.112,In_Position_Upright,Washing_Hands,,Located_Indoors,Free_Living,
2021-11-03 10:54:58.112,2021-11-03 10:55:29.112,In_Position_Upright,Walking,,Located_Indoors,Free_Living,
2021-11-03 10:55:32.112,2021-11-03 10:55:40.112,In_Position_Upright,Standing_With_Movement,Using_Computer/Screen,Located_Indoors|Browsing_Computer,Free_Living,
2021-11-03 10:55:41.112,2021-11-03 10:57:53.112,In_Position_Upright,Standing_With_Movement,Packing/Unpacking_Something,Located_Indoors,Free_Living,
2021-11-03 10:57:54.112,2021-11-03 10:58:29.112,In_Position_Upright,Puttering_Around,Packing/Unpacking_Something,Located_Indoors,Free_Living,
2021-11-03 10:58:31.112,2021-11-03 10:58:42.112,In_Position_Upright,Puttering_Around,Packing/Unpacking_Something,Located_Indoors|Holding_Other_Object_Light,Free_Living,
2021-11-03 10:58:43.112,2021-11-03 10:58:56.112,In_Position_Upright,Puttering_Around,Packing/Unpacking_Something,Located_Indoors,Free_Living,
2021-11-03 10:58:58.112,2021-11-03 11:06:04.087,Posture_Video_Unavailable/Indecipherable,PA_Type_Video_Unavailable/Indecipherable,HLB_Video_Unavailable/Indecipherable,Located_Indoors|CP_Video_Unavailable/Indecipherable,Free_Living,
2021-11-03 11:06:06.087,2021-11-03 11:07:22.087,In_Position_Upright,Puttering_Around,Packing/Unpacking_Something,Located_Indoors,Free_Living,
2021-11-03 11:07:23.087,2021-11-03 11:10:06.087,In_Position_Upright,Puttering_Around,HLB_Other,Located_Indoors,Free_Living,
2021-11-03 11:10:06.087,2021-11-03 11:10:56.075,In_Position_Upright,Standing_With_Movement,Dressing/Undressing,Located_Indoors,Free_Living,
2021-11-03 11:10:57.075,2021-11-03 11:12:32.075,In_Position_Upright,Puttering_Around,,Located_Indoors,Free_Living,
2021-11-03 11:12:34.075,2021-11-03 11:14:02.075,In_Position_Upright,Walking,Walking_Pet,Located_Outdoors,Free_Living,
2021-11-03 11:14:03.075,2021-11-03 11:15:33.075,In_Position_Upright,Puttering_Around,,Located_Indoors,Free_Living,
2021-11-03 11:15:34.075,2021-11-03 11:16:15.062,In_Position_Upright,Brushing_Teeth,Grooming/Self_Care,Located_Indoors,Free_Living,
2021-11-03 11:16:16.062,2021-11-03 11:16:29.062,In_Position_Upright,Walking,In_Transit_Active,Located_Indoors,Free_Living,
2021-11-03 11:16:30.062,2021-11-03 11:16:58.062,In_Position_Upright,Walking,In_Transit_Active,Located_Indoors|Carrying_Bag_On_Shoulder/Back_Light,Free_Living,
2021-11-03 11:16:59.062,2021-11-03 11:47:01.000,In_Position_Upright,Walking,In_Transit_Active,Carrying_Bag_On_Shoulder/Back_Light|Located_Outdoors,Free_Living,
2021-11-03 11:47:01.000,2021-11-03 11:47:04.000,In_Position_Upright,Walking_Up_Stairs,In_Transit_Active,Carrying_Bag_On_Shoulder/Back_Light|Located_Outdoors,Free_Living,
2021-11-03 11:47:05.000,2021-11-03 11:47:15.000,In_Position_Upright,Walking_Up_Stairs,In_Transit_Active,Located_Indoors|Carrying_Bag_On_Shoulder/Back_Light,Free_Living,
2021-11-03 11:47:15.000,2021-11-03 11:47:23.000,In_Position_Upright,Walking,In_Transit_Active,Located_Indoors|Carrying_Bag_On_Shoulder/Back_Light,Free_Living,
2021-11-03 11:47:25.000,2021-11-03 11:48:23.987,In_Position_Upright,Puttering_Around,Meeting_Social_Gathering_In_Person,Located_Indoors|Carrying_Bag_On_Shoulder/Back_Light|In_Conversation,Free_Living,
2021-11-03 11:48:24.987,2021-11-03 12:36:53.875,In_Position_Sitting,Sitting_With_Movement,Meeting_Social_Gathering_In_Person,Located_Indoors|In_Conversation,Free_Living,
2021-11-03 12:36:54.875,2021-11-03 12:37:06.875,In_Position_Upright,Standing_With_Movement,Dressing/Undressing,Located_Indoors,Free_Living,
2021-11-03 12:37:07.875,2021-11-03 12:37:44.875,In_Position_Upright,Standing_With_Movement,Meeting_Social_Gathering_In_Person,Located_Indoors|In_Conversation|Carrying_Bag_On_Shoulder/Back_Light,Free_Living,
2021-11-03 12:37:48.875,2021-11-03 12:42:01.862,In_Position_Upright,Walking,In_Transit_Active,Carrying_Bag_On_Shoulder/Back_Light|Located_Outdoors,Free_Living,
2021-11-03 12:42:01.862,2021-11-03 12:45:50.850,Posture_Video_Unavailable/Indecipherable,PA_Type_Video_Unavailable/Indecipherable,In_Transit_Active,CP_Video_Unavailable/Indecipherable,Free_Living,
2021-11-03 12:45:52.850,2021-11-03 12:50:16.850,In_Position_Upright,Walking,In_Transit_Active,Located_Outdoors|Carrying_Bag_On_Shoulder/Back_Heavy,Free_Living,
2021-11-03 12:50:17.850,2021-11-03 12:50:54.837,In_Position_Upright,Walking,In_Transit_Active,Carrying_Bag_On_Shoulder/Back_Heavy|Located_Indoors,Free_Living,
2021-11-03 12:50:54.837,2021-11-03 12:51:12.837,In_Position_Upright,Standing_With_Movement,In_Transit_Active|Riding_Elevator_Up,Carrying_Bag_On_Shoulder/Back_Heavy|Located_Indoors,Free_Living,
2021-11-03 12:51:13.837,2021-11-03 12:51:44.837,In_Position_Upright,Walking,In_Transit_Active,Carrying_Bag_On_Shoulder/Back_Heavy|Located_Indoors,Free_Living,
2021-11-03 12:51:45.837,2021-11-03 12:52:13.837,In_Position_Upright,Walking,,Located_Indoors,Free_Living,
2021-11-03 12:52:13.837,2021-11-03 12:53:54.837,Posture_Video_Unavailable/Indecipherable,PA_Type_Video_Unavailable/Indecipherable,HLB_Video_Unavailable/Indecipherable,Located_Indoors,Free_Living,
2021-11-03 12:53:55.837,2021-11-03 12:53:59.837,In_Position_Upright,Walking,,Located_Indoors,Free_Living,
2021-11-03 12:53:59.837,2021-11-03 12:54:06.837,In_Position_Upright,Standing_With_Movement,Dressing/Undressing,Located_Indoors,Free_Living,
2021-11-03 12:54:07.837,2021-11-03 12:54:41.837,In_Position_Upright,Standing_With_Movement,Packing/Unpacking_Something,Located_Indoors,Free_Living,
2021-11-03 12:54:42.837,2021-11-03 12:55:10.837,In_Position_Upright,Puttering_Around,,Located_Indoors,Free_Living,
2021-11-03 12:55:12.837,2021-11-03 12:55:53.825,In_Position_Sitting,Sitting_With_Movement,Using_Computer/Screen|Eating/Dining,Located_Indoors|Holding_Solid_Food,Free_Living,
2021-11-03 12:55:54.825,2021-11-03 13:08:34.800,In_Position_Sitting,Sitting_With_Movement,Using_Computer/Screen|Eating/Dining,Located_Indoors|Holding_Solid_Food|Browsing_Computer,Free_Living,
2021-11-03 13:08:35.800,2021-11-03 13:14:50.787,In_Position_Sitting,Sitting_With_Movement,Using_Computer/Screen|Eating/Dining,Located_Indoors|Holding_Drink|Typing_Computer,Free_Living,
2021-11-03 13:14:52.787,2021-11-03 13:18:06.775,In_Position_Sitting,Sitting_With_Movement,Using_Computer/Screen,Located_Indoors|Browsing_Computer,Free_Living,
2021-11-03 13:18:07.775,2021-11-03 13:18:46.775,In_Position_Sitting,Sitting_With_Movement,HLB_Video_Unavailable/Indecipherable,Located_Indoors,Free_Living,
2021-11-03 13:18:46.775,2021-11-03 13:19:15.775,In_Position_Sitting,Sitting_With_Movement,Using_Computer/Screen,Located_Indoors|Typing_Computer,Free_Living,
2021-11-03 13:19:15.775,2021-11-03 13:21:40.775,In_Position_Sitting,Sitting_With_Movement,Using_Computer/Screen,Located_Indoors|Browsing_Computer,Free_Living,
2021-11-03 13:21:40.775,2021-11-03 13:22:50.762,In_Position_Sitting,Sitting_With_Movement,HLB_Video_Unavailable/Indecipherable,Located_Indoors,Free_Living,
2021-11-03 13:22:50.762,2021-11-03 13:23:16.762,In_Position_Sitting,Sitting_With_Movement,Using_Computer/Screen,Located_Indoors|Typing_Computer,Free_Living,
2021-11-03 13:23:16.762,2021-11-03 13:40:31.725,In_Position_Sitting,Sitting_With_Movement,Using_Computer/Screen,Located_Indoors|Browsing_Computer,Free_Living,
2021-11-03 13:40:31.725,2021-11-03 13:41:11.725,In_Position_Upright,Walking,,Located_Indoors,Free_Living,
2021-11-03 13:41:11.725,2021-11-03 13:47:21.712,In_Position_Sitting,Sitting_With_Movement,Using_Computer/Screen,Located_Indoors|Browsing_Computer,Free_Living,
2021-11-03 13:47:21.712,2021-11-03 14:00:54.675,In_Position_Sitting,PA_Type_Video_Unavailable/Indecipherable,HLB_Video_Unavailable/Indecipherable,Located_Indoors,Free_Living,
2021-11-03 14:00:54.675,2021-11-03 14:47:43.562,In_Position_Sitting,Sitting_With_Movement,Using_Computer/Screen,Located_Indoors|Browsing_Computer,Free_Living,
2021-11-03 14:47:43.562,2021-11-03 14:49:44.562,In_Position_Sitting,Sitting_With_Movement,,Located_Indoors,Free_Living,
2021-11-03 14:49:44.562,2021-11-03 15:01:58.525,In_Position_Sitting,Sitting_With_Movement,Using_Computer/Screen,Located_Indoors|Browsing_Computer,Free_Living,
2021-11-03 15:01:58.525,2021-11-03 15:03:37.525,In_Position_Sitting,Sitting_With_Movement,Using_Computer/Screen,Located_Indoors|Typing_Computer,Free_Living,
2021-11-03 15:03:37.525,2021-11-03 15:09:37.512,In_Position_Sitting,Sitting_With_Movement,Using_Computer/Screen,Located_Indoors|Browsing_Computer,Free_Living,
2021-11-03 15:09:37.512,2021-11-03 15:10:14.512,In_Position_Sitting,Sitting_With_Movement,,Located_Indoors,Free_Living,
2021-11-03 15:10:14.512,2021-11-03 15:10:23.512,In_Position_Sitting,Sitting_With_Movement,Using_Computer/Screen,Located_Indoors|Browsing_Computer,Free_Living,
2021-11-03 15:10:23.512,2021-11-03 15:10:40.512,In_Position_Sitting,Sitting_With_Movement,,Located_Indoors,Free_Living,
2021-11-03 15:10:40.512,2021-11-03 15:20:22.487,In_Position_Sitting,Sitting_With_Movement,Using_Computer/Screen,Located_Indoors|Browsing_Computer,Free_Living,
2021-11-03 15:20:22.487,2021-11-03 15:21:09.487,In_Position_Sitting,Sitting_With_Movement,,Located_Indoors,Free_Living,
2021-11-03 15:21:09.487,2021-11-03 15:21:37.487,In_Position_Sitting,Sitting_With_Movement,HLB_Other,Located_Indoors,Free_Living,
2021-11-03 15:21:37.487,2021-11-03 15:23:33.475,In_Position_Sitting,Sitting_With_Movement,,Located_Indoors,Free_Living,
2021-11-03 15:23:33.475,2021-11-03 15:24:42.475,In_Position_Sitting,Sitting_With_Movement,Using_Computer/Screen,Located_Indoors|Browsing_Computer,Free_Living,
2021-11-03 15:24:42.475,2021-11-03 15:37:53.450,In_Position_Sitting,Sitting_With_Movement,HLB_Video_Unavailable/Indecipherable,Located_Indoors,Free_Living,
2021-11-03 15:37:53.450,2021-11-03 15:38:59.437,In_Position_Sitting,Sitting_With_Movement,,Located_Indoors,Free_Living,
2021-11-03 15:39:00.437,2021-11-03 15:40:24.437,In_Position_Upright,Standing_With_Movement,Packing/Unpacking_Something,Located_Indoors,Free_Living,
2021-11-03 15:40:24.437,2021-11-03 15:40:40.437,In_Position_Upright,Walking,,Located_Indoors,Free_Living,
2021-11-03 15:40:40.437,2021-11-03 15:43:27.437,In_Position_Upright,PA_Type_Video_Unavailable/Indecipherable,HLB_Video_Unavailable/Indecipherable,Located_Indoors,Free_Living,
2021-11-03 15:43:27.437,2021-11-03 15:44:18.425,In_Position_Upright,Walking,Using_Computer/Screen,Located_Indoors|Texting/Browsing_Phone,Free_Living,
2021-11-03 15:44:20.425,2021-11-03 15:47:02.425,In_Position_Upright,Walking,,Located_Outdoors,Free_Living,
2021-11-03 15:47:02.425,2021-11-03 15:47:15.425,In_Position_Upright,Walking_Down_Stairs,,Located_Outdoors,Free_Living,
2021-11-03 15:47:15.425,2021-11-03 15:47:22.425,In_Position_Upright,Walking,,Located_Outdoors,Free_Living,
2021-11-03 15:47:22.425,2021-11-03 15:47:38.425,In_Position_Upright,Walking_Up_Stairs,,Located_Outdoors,Free_Living,
2021-11-03 15:47:38.425,2021-11-03 15:52:50.412,In_Position_Upright,Walking,,Located_Outdoors,Free_Living,
2021-11-03 15:52:50.412,2021-11-03 15:52:59.412,In_Position_Upright,Standing_With_Movement,Using_Computer/Screen,Located_Outdoors|Texting/Browsing_Phone,Free_Living,
2021-11-03 15:52:59.412,2021-11-03 15:53:20.412,In_Position_Upright,Walking,Using_Computer/Screen,Located_Outdoors|Texting/Browsing_Phone,Free_Living,
2021-11-03 15:53:20.412,2021-11-03 16:02:51.387,In_Position_Upright,PA_Type_Video_Unavailable/Indecipherable,HLB_Video_Unavailable/Indecipherable,Located_Outdoors,Free_Living,
2021-11-03 16:02:52.387,2021-11-03 16:03:46.387,In_Position_Upright,Walking,,Located_Outdoors,Free_Living,
2021-11-03 16:03:46.387,2021-11-03 16:04:02.387,In_Position_Upright,Walking,,Located_Indoors,Free_Living,
2021-11-03 16:04:02.387,2021-11-03 16:04:27.387,In_Position_Upright,Standing_With_Movement,Riding_Elevator_Up,Located_Indoors,Free_Living,
2021-11-03 16:04:27.387,2021-11-03 16:04:43.375,In_Position_Upright,Walking,,Located_Indoors,Free_Living,
2021-11-03 16:04:43.375,2021-11-03 16:05:49.375,In_Position_Upright,Standing_With_Movement,Packing/Unpacking_Something,Located_Indoors|In_Conversation,Free_Living,
2021-11-03 16:05:49.375,2021-11-03 16:06:31.375,In_Position_Upright,Walking,,Located_Indoors,Free_Living,
2021-11-03 16:06:31.375,2021-11-03 16:10:45.362,In_Position_Upright,Standing_With_Movement,,Located_Indoors|In_Conversation,Free_Living,
2021-11-03 16:10:45.362,2021-11-03 16:12:11.362,In_Position_Upright,Walking,,Located_Indoors,Free_Living,
2021-11-03 16:12:11.362,2021-11-03 16:12:40.362,In_Position_Upright,Standing_With_Movement,Riding_Escalator_Down|Using_Computer/Screen,Located_Indoors|Texting/Browsing_Phone,Free_Living,
2021-11-03 16:12:40.362,2021-11-03 16:12:53.362,In_Position_Upright,Walking,Using_Computer/Screen,Located_Indoors|Texting/Browsing_Phone,Free_Living,
2021-11-03 16:12:53.362,2021-11-03 16:13:03.362,In_Position_Upright,Walking,,Located_Indoors,Free_Living,
2021-11-03 16:13:03.362,2021-11-03 16:16:18.350,In_Position_Upright,Walking,,Located_Outdoors,Free_Living,
2021-11-03 16:16:18.350,2021-11-03 16:16:36.350,In_Position_Upright,Walking,,Located_Indoors,Free_Living,
2021-11-03 16:16:36.350,2021-11-03 16:23:18.337,In_Position_Sitting,Sitting_With_Movement,Using_Computer/Screen,Located_Indoors|Texting/Browsing_Phone,Free_Living,
2021-11-03 16:23:18.337,2021-11-03 16:23:35.337,In_Position_Upright,Walking,,Located_Indoors,Free_Living,
2021-11-03 16:23:35.337,2021-11-03 16:28:03.325,In_Position_Upright,Standing_With_Movement,Using_Computer/Screen,Located_Indoors|Texting/Browsing_Phone,Free_Living,
2021-11-03 16:28:03.325,2021-11-03 16:28:28.325,In_Position_Upright,Walking,,Located_Indoors,Free_Living,
2021-11-03 16:28:28.325,2021-11-03 16:28:40.325,In_Position_Upright,Standing_With_Movement,,Located_Indoors,Free_Living,
2021-11-03 16:28:40.325,2021-11-03 16:28:46.325,In_Position_Upright,Puttering_Around,,Located_Indoors,Free_Living,
2021-11-03 16:28:46.325,2021-11-03 16:29:12.325,In_Position_Upright,Standing_With_Movement,Using_Computer/Screen,Located_Indoors|Browsing_Computer,Free_Living,
2021-11-03 16:29:12.325,2021-11-03 16:29:57.325,In_Position_Sitting,Sitting_With_Movement,,Located_Indoors,Free_Living,
2021-11-03 16:29:57.325,2021-11-03 16:34:30.312,In_Position_Sitting,Sitting_With_Movement,Using_Computer/Screen,Located_Indoors|Browsing_Computer,Free_Living,
2021-11-03 16:34:30.312,2021-11-03 16:35:09.312,In_Position_Sitting,Sitting_With_Movement,,Located_Indoors|In_Conversation,Free_Living,
2021-11-03 16:35:09.312,2021-11-03 16:39:16.300,In_Position_Sitting,Sitting_With_Movement,Using_Computer/Screen,Located_Indoors|Browsing_Computer,Free_Living,
2021-11-03 16:39:16.300,2021-11-03 16:40:06.300,In_Position_Sitting,Sitting_With_Movement,,Located_Indoors,Free_Living,
2021-11-03 16:40:06.300,2021-11-03 17:01:28.250,In_Position_Sitting,Sitting_With_Movement,HLB_Other,Located_Indoors|In_Conversation,Free_Living,
2021-11-03 17:01:28.250,2021-11-03 17:01:55.250,In_Position_Sitting,Sitting_With_Movement,Using_Computer/Screen,Located_Indoors|In_Conversation|Texting/Browsing_Phone,Free_Living,
2021-11-03 17:01:55.250,2021-11-03 17:02:11.250,In_Position_Upright,Walking,,Located_Indoors,Free_Living,
2021-11-03 17:02:11.250,2021-11-03 17:02:20.250,In_Position_Sitting,Sitting_With_Movement,,Located_Indoors,Free_Living,
2021-11-03 17:02:20.250,2021-11-03 17:02:33.237,In_Position_Upright,Walking,,Located_Indoors,Free_Living,
2021-11-03 17:02:33.237,2021-11-03 17:05:48.237,In_Position_Sitting,Sitting_With_Movement,Using_Computer/Screen,Located_Indoors|Browsing_Computer,Free_Living,
2021-11-03 17:05:48.237,2021-11-03 17:05:57.237,In_Position_Upright,Standing_With_Movement,,Located_Indoors,Free_Living,
2021-11-03 17:05:57.237,2021-11-03 17:24:28.187,In_Position_Sitting,Sitting_With_Movement,Using_Computer/Screen,Located_Indoors|Typing_Computer,Free_Living,
2021-11-03 17:24:28.187,2021-11-03 17:26:09.187,In_Position_Sitting,Sitting_With_Movement,,Located_Indoors,Free_Living,
2021-11-03 17:26:09.187,2021-11-03 17:26:38.187,In_Position_Sitting,Sitting_With_Movement,Using_Computer/Screen,Located_Indoors|Typing_Computer,Free_Living,
2021-11-03 17:26:38.187,2021-11-03 17:27:40.187,In_Position_Sitting,Sitting_With_Movement,HLB_Video_Unavailable/Indecipherable,Located_Indoors,Free_Living,
2021-11-03 17:27:40.187,2021-11-03 17:29:17.175,In_Position_Sitting,Sitting_With_Movement,,Located_Indoors,Free_Living,
2021-11-03 17:29:17.175,2021-11-03 17:29:37.175,In_Position_Sitting,Sitting_With_Movement,Using_Computer/Screen,Located_Indoors|Typing_Computer,Free_Living,
2021-11-03 17:29:37.175,2021-11-03 17:31:12.175,In_Position_Sitting,Sitting_With_Movement,HLB_Video_Unavailable/Indecipherable,Located_Indoors,Free_Living,
2021-11-03 17:31:12.175,2021-11-03 17:31:51.175,In_Position_Sitting,Sitting_With_Movement,,Located_Indoors,Free_Living,
2021-11-03 17:31:51.175,2021-11-03 17:32:12.175,In_Position_Upright,Walking,,Located_Indoors,Free_Living,
2021-11-03 17:32:12.175,2021-11-03 17:36:57.162,In_Position_Sitting,Sitting_With_Movement,Using_Computer/Screen,Located_Indoors|Typing_Computer,Free_Living,
2021-11-03 17:36:57.162,2021-11-03 17:41:01.150,In_Position_Sitting,Sitting_With_Movement,,Located_Indoors,Free_Living,
2021-11-03 17:41:01.150,2021-11-03 17:41:28.150,In_Position_Sitting,Sitting_With_Movement,Using_Computer/Screen,Located_Indoors|Browsing_Computer,Free_Living,
2021-11-03 17:41:28.150,2021-11-03 17:42:54.150,In_Position_Sitting,Sitting_With_Movement,,Located_Indoors,Free_Living,
2021-11-03 17:42:54.150,2021-11-03 17:48:38.137,In_Position_Sitting,Sitting_With_Movement,HLB_Other,Located_Indoors|In_Conversation,Free_Living,
2021-11-03 17:48:38.137,2021-11-03 17:51:21.125,In_Position_Sitting,Sitting_With_Movement,Using_Computer/Screen,Located_Indoors|Browsing_Computer,Free_Living,
2021-11-03 17:51:21.125,2021-11-03 17:52:35.125,In_Position_Sitting,Sitting_With_Movement,,Located_Indoors,Free_Living,
2021-11-03 17:52:35.125,2021-11-03 17:53:02.125,In_Position_Sitting,Sitting_With_Movement,HLB_Video_Unavailable/Indecipherable,Located_Indoors,Free_Living,
2021-11-03 17:53:02.125,2021-11-03 17:53:36.125,In_Position_Sitting,Sitting_With_Movement,Using_Computer/Screen,Located_Indoors|Typing_Computer,Free_Living,
2021-11-03 17:53:36.125,2021-11-03 17:57:42.112,In_Position_Sitting,Sitting_With_Movement,Using_Computer/Screen,Located_Indoors|Browsing_Computer,Free_Living,
2021-11-03 17:57:42.112,2021-11-03 18:01:21.100,In_Position_Sitting,Sitting_With_Movement,Using_Computer/Screen,Located_Indoors|Typing_Computer,Free_Living,
2021-11-03 18:01:21.100,2021-11-03 18:04:03.100,In_Position_Sitting,Sitting_With_Movement,HLB_Video_Unavailable/Indecipherable,Located_Indoors,Free_Living,
2021-11-03 18:04:03.100,2021-11-03 18:06:57.087,In_Position_Sitting,Sitting_With_Movement,,Located_Indoors,Free_Living,
2021-11-03 18:06:57.087,2021-11-03 18:08:06.087,In_Position_Sitting,Sitting_With_Movement,Using_Computer/Screen,Located_Indoors|Browsing_Computer,Free_Living,
2021-11-03 18:08:06.087,2021-11-03 18:08:29.087,In_Position_Sitting,Sitting_With_Movement,Using_Computer/Screen,Located_Indoors|Texting/Browsing_Phone,Free_Living,
2021-11-03 18:08:29.087,2021-11-03 18:12:02.075,In_Position_Sitting,Sitting_With_Movement,HLB_Other,Located_Indoors|In_Conversation,Free_Living,
2021-11-03 18:12:02.075,2021-11-03 18:12:40.075,In_Position_Sitting,Sitting_With_Movement,Using_Computer/Screen,Located_Indoors|Browsing_Computer,Free_Living,
2021-11-03 18:12:40.075,2021-11-03 18:14:04.075,In_Position_Sitting,Sitting_With_Movement,,Located_Indoors,Free_Living,
2021-11-03 18:14:04.075,2021-11-03 18:14:22.075,In_Position_Sitting,Sitting_With_Movement,Using_Computer/Screen,Located_Indoors|Typing_Computer,Free_Living,
2021-11-03 18:14:22.075,2021-11-03 18:15:17.075,In_Position_Sitting,Sitting_With_Movement,HLB_Other,Located_Indoors|In_Conversation,Free_Living,
2021-11-03 18:15:17.075,2021-11-03 18:20:35.062,In_Position_Sitting,Sitting_With_Movement,HLB_Other,Located_Indoors|In_Conversation,Free_Living,
2021-11-03 18:20:35.062,2021-11-03 18:20:49.062,In_Position_Sitting,Sitting_With_Movement,Using_Computer/Screen,Located_Indoors|Typing_Computer,Free_Living,
2021-11-03 18:20:49.062,2021-11-03 18:32:04.025,In_Position_Sitting,Sitting_With_Movement,HLB_Other,Located_Indoors|In_Conversation,Free_Living,
2021-11-03 18:32:04.025,2021-11-03 18:32:18.025,In_Position_Sitting,Sitting_With_Movement,Using_Computer/Screen,Located_Indoors|Texting/Browsing_Phone,Free_Living,
2021-11-03 18:32:18.025,2021-11-03 18:33:44.025,In_Position_Sitting,Sitting_With_Movement,Using_Computer/Screen,Located_Indoors|Typing_Computer,Free_Living,
2021-11-03 18:33:44.025,2021-11-03 18:38:23.012,In_Position_Sitting,Sitting_With_Movement,Using_Computer/Screen,Located_Indoors|Browsing_Computer,Free_Living,
2021-11-03 18:38:23.012,2021-11-03 18:41:02.012,In_Position_Sitting,Sitting_With_Movement,Using_Computer/Screen,Located_Indoors|Typing_Computer,Free_Living,
2021-11-03 18:41:02.012,2021-11-03 18:41:51.012,In_Position_Sitting,Sitting_With_Movement,Using_Computer/Screen,Located_Indoors|Browsing_Computer,Free_Living,
2021-11-03 18:41:51.012,2021-11-03 18:46:13.000,In_Position_Sitting,Sitting_With_Movement,,Located_Indoors,Free_Living,
2021-11-03 18:46:13.000,2021-11-03 18:53:40.975,In_Position_Sitting,Sitting_With_Movement,Using_Computer/Screen,Located_Indoors|Browsing_Computer,Free_Living,
2021-11-03 18:53:40.975,2021-11-03 18:55:34.975,In_Position_Sitting,Sitting_With_Movement,HLB_Video_Unavailable/Indecipherable,Located_Indoors,Free_Living,
2021-11-03 18:55:34.975,2021-11-03 19:08:45.937,In_Position_Sitting,Sitting_With_Movement,,Located_Indoors,Free_Living,
2021-11-03 19:08:45.937,2021-11-03 19:45:58.850,In_Position_Sitting,Sitting_With_Movement,HLB_Other,Located_Indoors|In_Conversation,Free_Living,
2021-11-03 19:45:58.850,2021-11-03 19:47:04.850,In_Position_Sitting,Sitting_With_Movement,Using_Computer/Screen,Located_Indoors|Typing_Computer,Free_Living,
2021-11-03 19:47:04.850,2021-11-03 19:53:30.837,In_Position_Sitting,Sitting_With_Movement,,Located_Indoors,Free_Living,
2021-11-03 19:53:30.837,2021-11-03 19:53:53.837,In_Position_Upright,Walking,,Located_Indoors,Free_Living,
2021-11-03 19:53:53.837,2021-11-03 19:54:20.837,In_Position_Upright,Standing_With_Movement,Using_Computer/Screen,Located_Indoors|Browsing_Computer,Free_Living,
2021-11-03 19:54:20.837,2021-11-03 19:57:33.825,In_Position_Upright,Standing_With_Movement,Packing/Unpacking_Something,Located_Indoors|In_Conversation,Free_Living,
2021-11-03 19:57:33.825,2021-11-03 19:58:01.825,In_Position_Upright,Walking,,Located_Indoors,Free_Living,
2021-11-03 19:58:03.825,2021-11-03 19:58:19.825,Posture_Other,Standing_With_Movement,HLB_Other,Located_Outdoors,Free_Living,
2021-11-03 19:58:19.825,2021-11-03 19:58:23.825,In_Position_Upright,Walking,,Located_Outdoors,Free_Living,
2021-11-03 19:58:23.825,2021-11-03 20:00:19.825,In_Position_Upright,Walking,,Located_Outdoors,Free_Living,
2021-11-03 20:00:19.825,2021-11-03 20:00:44.825,In_Position_Upright,Walking,Using_Computer/Screen,Located_Outdoors|Texting/Browsing_Phone,Free_Living,
2021-11-03 20:00:44.825,2021-11-03 20:01:06.812,In_Position_Upright,Standing_With_Movement,Using_Computer/Screen,Located_Outdoors|Texting/Browsing_Phone,Free_Living,
2021-11-03 20:01:06.812,2021-11-03 20:05:22.812,In_Position_Upright,Standing_With_Movement,Using_Computer/Screen,Located_Outdoors|In_Conversation,Free_Living,
2021-11-03 20:05:22.812,2021-11-03 20:13:34.787,In_Position_Upright,Standing_With_Movement,HLB_Video_Unavailable/Indecipherable,Located_Outdoors,Free_Living,
2021-11-03 20:13:34.787,2021-11-03 20:13:52.787,In_Position_Upright,Walking_Down_Stairs,In_Transit_Passive_Train/Bus/Plane,Located_Outdoors,Free_Living,
2021-11-03 20:13:52.787,2021-11-03 20:13:57.787,In_Position_Upright,Walking,In_Transit_Passive_Train/Bus/Plane,Located_Outdoors,Free_Living,
2021-11-03 20:13:57.787,2021-11-03 20:28:03.750,Posture_Video_Unavailable/Indecipherable,PA_Type_Video_Unavailable/Indecipherable,HLB_Video_Unavailable/Indecipherable,Located_Outdoors,Free_Living,
2021-11-03 20:28:03.750,2021-11-03 20:30:31.750,In_Position_Upright,Walking,In_Transit_Active,Located_Outdoors,Free_Living,
2021-11-03 20:30:31.750,2021-11-03 20:30:42.750,In_Position_Upright,Walking_Up_Stairs,In_Transit_Active,Located_Outdoors,Free_Living,
2021-11-03 20:30:42.750,2021-11-03 20:30:52.750,In_Position_Upright,Walking,In_Transit_Active,Located_Indoors,Free_Living,
2021-11-03 20:30:52.750,2021-11-03 20:31:11.750,In_Position_Upright,Walking,,Located_Indoors,Free_Living,
2021-11-03 20:31:11.750,2021-11-03 20:31:43.750,In_Position_Upright,Washing_Hands,,Located_Indoors,Free_Living,
2021-11-03 20:31:43.750,2021-11-03 20:32:23.737,In_Position_Upright,Walking,,Located_Indoors,Free_Living,
2021-11-03 20:32:23.737,2021-11-03 20:32:45.737,In_Position_Upright,Puttering_Around,,Located_Indoors,Free_Living,
2021-11-03 20:32:45.737,2021-11-03 20:36:34.737,In_Position_Upright,PA_Type_Video_Unavailable/Indecipherable,HLB_Video_Unavailable/Indecipherable,Located_Indoors,Free_Living,
2021-11-03 20:36:34.737,2021-11-03 20:36:54.737,In_Position_Upright,Puttering_Around,Dressing/Undressing,Located_Indoors,Free_Living,
2021-11-03 20:36:54.737,2021-11-03 20:37:30.737,In_Position_Upright,Walking,,Located_Indoors,Free_Living,
2021-11-03 20:37:30.737,2021-11-03 20:38:38.725,Posture_Video_Unavailable/Indecipherable,PA_Type_Video_Unavailable/Indecipherable,HLB_Video_Unavailable/Indecipherable,Located_Indoors,Free_Living,
2021-11-03 20:38:38.725,2021-11-03 20:40:49.725,In_Position_Upright,Puttering_Around,Cooking/Prepping_Food,Located_Indoors,Free_Living,
2021-11-03 20:40:49.725,2021-11-03 20:57:33.687,In_Position_Sitting,Sitting_With_Movement,Eating/Dining,Located_Indoors,Free_Living,
2021-11-03 20:57:33.687,2021-11-03 21:01:25.675,In_Position_Upright,Puttering_Around,Cooking/Prepping_Food|Doing_Dishes,Located_Indoors,Free_Living,
2021-11-03 21:01:25.675,2021-11-03 21:06:55.662,In_Position_Upright,Puttering_Around,Cooking/Prepping_Food,Located_Indoors,Free_Living,
2021-11-03 21:06:55.662,2021-11-03 21:32:55.600,In_Position_Sitting,Sitting_With_Movement,,Located_Indoors,Free_Living,
2021-11-03 21:32:55.600,2021-11-03 21:33:08.600,In_Position_Upright,Walking,,Located_Indoors,Free_Living,
2021-11-03 21:33:08.600,2021-11-03 21:33:55.600,In_Position_Upright,Standing_With_Movement,,Located_Indoors,Free_Living,
2021-11-03 21:33:55.600,2021-11-03 21:35:48.587,In_Position_Upright,Puttering_Around,Doing_Common_Housework_Light,Located_Indoors,Free_Living,
2021-11-03 21:35:48.587,2021-11-03 21:38:51.587,In_Position_Upright,Standing_With_Movement,,Located_Indoors,Free_Living,
2021-11-03 21:38:51.587,2021-11-03 21:40:23.587,In_Position_Upright,Standing_With_Movement,,Located_Indoors,Free_Living,
2021-11-03 21:40:23.587,2021-11-03 21:40:33.575,In_Position_Upright,Walking,,Located_Indoors,Free_Living,
2021-11-03 21:40:33.575,2021-11-03 21:40:37.575,In_Position_Upright,Walking_Down_Stairs,,Located_Indoors,Free_Living,
2021-11-03 21:40:37.575,2021-11-03 21:40:45.575,In_Position_Upright,Walking_Down_Stairs,,Located_Outdoors,Free_Living,
2021-11-03 21:40:46.575,2021-11-03 21:45:04.575,In_Position_Upright,Walking,Walking_Pet,Located_Outdoors,Free_Living,
2021-11-03 21:45:04.575,2021-11-03 21:45:11.575,In_Position_Upright,Walking_Up_Stairs,Walking_Pet,Located_Outdoors,Free_Living,
2021-11-03 21:45:11.575,2021-11-03 21:45:17.575,In_Position_Upright,Walking_Up_Stairs,Walking_Pet,Located_Indoors,Free_Living,
2021-11-03 21:45:17.575,2021-11-03 21:45:42.575,In_Position_Upright,Walking,Walking_Pet,Located_Indoors,Free_Living,
2021-11-03 21:45:42.575,2021-11-03 21:46:05.562,In_Position_Upright,Walking,,Located_Indoors,Free_Living,
2021-11-03 21:46:05.562,2021-11-03 21:46:13.562,In_Position_Upright,Walking_Down_Stairs,,Located_Indoors,Free_Living,
2021-11-03 21:46:13.562,2021-11-03 21:46:27.562,In_Position_Upright,Walking,,Located_Indoors,Free_Living,
2021-11-03 21:46:27.562,2021-11-03 21:46:36.562,In_Position_Upright,Walking_Up_Stairs,,Located_Indoors,Free_Living,
2021-11-03 21:46:36.562,2021-11-03 21:46:43.562,In_Position_Upright,Walking,,Located_Indoors,Free_Living,
2021-11-03 21:46:43.562,2021-11-03 21:47:17.562,In_Position_Upright,Washing_Hands,,Located_Indoors,Free_Living,
2021-11-03 21:47:17.562,2021-11-03 21:48:23.562,In_Position_Upright,Walking,,Located_Indoors,Free_Living,
2021-11-03 21:48:23.562,2021-11-03 21:49:06.562,In_Position_Upright,Puttering_Around,Cooking/Prepping_Food,Located_Indoors,Free_Living,
2021-11-03 21:49:06.562,2021-11-03 21:50:28.562,In_Position_Upright,Standing_With_Movement,Cooking/Prepping_Food,Located_Indoors|Holding_Book/Reader,Free_Living,
2021-11-03 21:50:28.562,2021-11-03 22:09:27.512,In_Position_Upright,Puttering_Around,Cooking/Prepping_Food,Located_Indoors,Free_Living,
2021-11-03 22:09:27.512,2021-11-03 22:19:30.487,In_Position_Upright,Puttering_Around,Doing_Common_Housework_Light,Located_Indoors,Free_Living,
2021-11-03 22:19:31.487,2021-11-03 22:19:57.487,In_Position_Upright,Standing_With_Movement,,Located_Indoors,Free_Living,
2021-11-03 22:19:57.487,2021-11-03 22:20:05.487,In_Position_Upright,Walking,,Located_Indoors,Free_Living,
2021-11-03 22:20:07.487,2021-11-03 22:20:35.487,In_Position_Upright,Standing_With_Movement,,Located_Indoors,Free_Living,
2021-11-03 22:20:35.487,2021-11-03 22:20:47.487,In_Position_Upright,Puttering_Around,,Located_Indoors,Free_Living,
2021-11-03 22:20:47.487,2021-11-03 22:21:32.487,In_Position_Upright,Puttering_Around,,Located_Indoors,Free_Living,
2021-11-03 22:21:32.487,2021-11-03 22:21:45.487,In_Position_Upright,Standing_With_Movement,,Located_Indoors,Free_Living,
2021-11-03 22:21:45.487,2021-11-03 22:22:01.487,In_Position_Upright,Puttering_Around,,Located_Indoors,Free_Living,
2021-11-03 22:22:01.487,2021-11-03 22:22:49.475,In_Position_Upright,Standing_With_Movement,Doing_Dishes,Located_Indoors,Free_Living,
2021-11-03 22:22:49.475,2021-11-03 22:23:04.475,In_Position_Upright,Puttering_Around,,Located_Indoors,Free_Living,
2021-11-03 22:23:04.475,2021-11-03 22:23:20.475,In_Position_Upright,Standing_With_Movement,Using_Computer/Screen,Located_Indoors|Texting/Browsing_Phone,Free_Living,
2021-11-03 22:23:20.475,2021-11-03 22:23:49.475,In_Position_Upright,Walking,,Located_Indoors,Free_Living,
2021-11-03 22:23:49.475,2021-11-03 22:25:27.475,In_Position_Sitting,Sitting_With_Movement,Using_Computer/Screen,Located_Indoors|Texting/Browsing_Phone,Free_Living,
2021-11-03 22:25:27.475,2021-11-03 22:36:15.450,In_Position_Sitting,Sitting_With_Movement,Using_Computer/Screen|Meeting_Virtual,Browsing_Computer|In_Conversation|On_Video_Call/FaceTime|Located_Indoors,Free_Living,
2021-11-03 22:36:15.450,2021-11-03 22:36:37.450,In_Position_Sitting,Sitting_With_Movement,HLB_Video_Unavailable/Indecipherable,Located_Indoors,Free_Living,
2021-11-03 22:36:37.450,2021-11-03 22:41:21.437,In_Position_Sitting,Sitting_With_Movement,Using_Computer/Screen,Located_Indoors|Browsing_Computer,Free_Living,
2021-11-03 22:41:21.437,2021-11-03 22:42:34.437,In_Position_Sitting,Sitting_With_Movement,HLB_Video_Unavailable/Indecipherable,Located_Indoors,Free_Living,
2021-11-03 22:42:34.437,2021-11-03 22:42:45.437,In_Position_Upright,Walking,,Located_Indoors,Free_Living,
2021-11-03 22:42:45.437,2021-11-03 22:45:57.425,In_Position_Upright,Puttering_Around,Cooking/Prepping_Food,Located_Indoors,Free_Living,
2021-11-03 22:45:57.425,2021-11-03 22:50:57.412,In_Position_Sitting,Sitting_With_Movement,Eating/Dining,Located_Indoors,Free_Living,
2021-11-03 22:50:57.412,2021-11-03 22:51:38.412,In_Position_Upright,Walking,,Located_Indoors,Free_Living,
2021-11-03 22:51:38.412,2021-11-03 22:52:11.412,In_Position_Upright,Standing_With_Movement,HLB_Other,Located_Indoors,Free_Living,
2021-11-03 22:52:11.412,2021-11-03 22:52:27.412,In_Position_Upright,Puttering_Around,HLB_Other,Located_Indoors,Free_Living,
2021-11-03 22:52:27.412,2021-11-03 23:09:47.362,In_Position_Sitting,Sitting_With_Movement,Eating/Dining,Located_Indoors|In_Conversation,Free_Living,
2021-11-03 23:09:47.362,2021-11-03 23:10:49.362,In_Position_Upright,Puttering_Around,Doing_Common_Housework_Light,Located_Indoors,Free_Living,
2021-11-03 23:10:49.362,2021-11-03 23:11:12.362,In_Position_Upright,Standing_With_Movement,Doing_Dishes,Located_Indoors,Free_Living,
2021-11-03 23:11:12.362,2021-11-03 23:12:41.362,In_Position_Upright,Puttering_Around,,Located_Indoors,Free_Living,
2021-11-03 23:12:41.362,2021-11-03 23:13:43.362,In_Position_Upright,Standing_With_Movement,Doing_Dishes,Located_Indoors,Free_Living,
2021-11-03 23:13:43.362,2021-11-03 23:13:53.362,In_Position_Upright,Walking,,Located_Indoors,Free_Living,
2021-11-03 23:13:53.362,2021-11-03 23:14:03.362,In_Position_Sitting,Sitting_With_Movement,Using_Computer/Screen,Located_Indoors|Browsing_Computer,Free_Living,
2021-11-03 23:14:05.362,2021-11-03 23:17:54.350,In_Position_Sitting,Sitting_With_Movement,HLB_Video_Unavailable/Indecipherable,Located_Indoors,Free_Living,
2021-11-03 23:17:59.350,2021-11-03 23:18:21.350,In_Position_Sitting,Sitting_With_Movement,Using_Computer/Screen,Located_Indoors|Browsing_Computer,Free_Living,
2021-11-03 23:18:21.350,2021-11-03 23:31:36.312,In_Position_Sitting,Sitting_With_Movement,HLB_Video_Unavailable/Indecipherable,Located_Indoors,Free_Living,
2021-11-03 23:31:38.312,2021-11-03 23:36:13.300,In_Position_Sitting,Sitting_With_Movement,Using_Computer/Screen,Located_Indoors|Browsing_Computer,Free_Living,
2021-11-03 23:36:13.300,2021-11-03 23:36:36.300,In_Position_Upright,Walking,,Located_Indoors,Free_Living,
2021-11-03 23:36:36.300,2021-11-03 23:37:09.300,In_Position_Upright,Standing_With_Movement,Using_Computer/Screen,Located_Indoors,Free_Living,
2021-11-03 23:37:09.300,2021-11-03 23:38:20.300,In_Position_Sitting,Sitting_With_Movement,Watching_TV/Movies,Located_Indoors,Free_Living,
2021-11-03 23:38:20.300,2021-11-03 23:39:09.300,In_Position_Sitting,Sitting_With_Movement,Using_Computer/Screen,Located_Indoors|Browsing_Computer,Free_Living,
2021-11-03 23:39:09.300,2021-11-04 00:35:10.162,In_Position_Sitting,Sitting_With_Movement,HLB_Video_Unavailable/Indecipherable,Located_Indoors,Free_Living,
2021-11-04 00:35:11.162,2021-11-04 00:36:03.162,In_Position_Upright,Synchronizing_Sensors,HLB_Other,Located_Indoors,Free_Living,
2021-11-04 06:09:52.200,2021-11-04 06:10:09.200,In_Position_Upright,Standing_With_Movement,HLB_Other,Holding_Other_Object_Light,Free_Living,
2021-11-04 06:10:12.200,2021-11-04 06:10:34.187,In_Position_Upright,Synchronizing_Sensors,HLB_Other,CP_Other|Located_Indoors,Free_Living,
2021-11-04 06:10:34.187,2021-11-04 06:11:40.187,In_Position_Upright,Puttering_Around,Dressing/Undressing,CP_Other|Located_Indoors,Free_Living,
2021-11-04 06:11:44.187,2021-11-04 06:12:05.187,In_Position_Upright,Standing_With_Movement,Eating/Dining,Located_Indoors|Holding_Drink,Free_Living,
2021-11-04 06:12:06.187,2021-11-04 06:12:25.187,In_Position_Upright,Standing_With_Movement,Eating/Dining,Located_Indoors|Holding_Drink,Free_Living,
2021-11-04 06:12:25.187,2021-11-04 06:12:43.187,In_Position_Upright,Puttering_Around,HLB_Other,Located_Indoors,Free_Living,
2021-11-04 06:12:45.187,2021-11-04 06:12:57.187,In_Position_Sitting,Sitting_With_Movement,Dressing/Undressing,Located_Indoors,Free_Living,
2021-11-04 06:12:58.187,2021-11-04 06:14:03.187,In_Position_Upright,Standing_With_Movement,HLB_Other,Located_Indoors|Holding_Other_Object_Light,Free_Living,
2021-11-04 06:14:05.187,2021-11-04 06:14:27.187,In_Position_Upright,Walking,Walking_Pet,Located_Indoors|Holding_Other_Object_Light,Free_Living,
2021-11-04 06:14:31.187,2021-11-04 06:15:30.187,In_Position_Upright,Walking,Walking_Pet,Located_Outdoors,Free_Living,
2021-11-04 06:15:30.187,2021-11-04 06:15:38.187,In_Position_Upright,Standing_With_Movement,Walking_Pet,Located_Outdoors,Free_Living,
2021-11-04 06:15:38.187,2021-11-04 06:18:15.175,In_Position_Upright,Walking,Walking_Pet,Located_Outdoors|Holding_Other_Object_Light,Free_Living,
2021-11-04 06:18:15.175,2021-11-04 06:19:47.175,In_Position_Upright,Walking,Walking_Pet,Holding_Other_Object_Light|Located_Outdoors,Free_Living,
2021-11-04 06:19:49.175,2021-11-04 06:19:54.175,In_Position_Upright,Walking,Walking_Pet,Holding_Other_Object_Light|Located_Indoors,Free_Living,
2021-11-04 06:19:55.175,2021-11-04 06:20:07.175,In_Position_Upright,Standing_With_Movement,Walking_Pet,Holding_Other_Object_Light|Located_Indoors,Free_Living,
2021-11-04 06:20:07.175,2021-11-04 06:20:16.175,In_Position_Upright,Puttering_Around,Walking_Pet,Holding_Other_Object_Light|Located_Indoors,Free_Living,
2021-11-04 06:20:16.175,2021-11-04 06:20:53.175,In_Position_Upright,Puttering_Around,HLB_Other,Holding_Other_Object_Light|Located_Indoors,Free_Living,
2021-11-04 06:20:53.175,2021-11-04 06:21:01.175,In_Position_Upright,Walking_Down_Stairs,HLB_Other,Holding_Other_Object_Light|Located_Indoors,Free_Living,
2021-11-04 06:21:02.175,2021-11-04 06:21:14.175,In_Position_Upright,Puttering_Around,HLB_Other,Located_Indoors,Free_Living,
2021-11-04 06:21:15.175,2021-11-04 06:21:21.175,In_Position_Upright,Walking_Up_Stairs,HLB_Other,Located_Indoors,Free_Living,
2021-11-04 06:21:25.175,2021-11-04 06:21:52.175,In_Position_Upright,Puttering_Around,HLB_Other,Located_Indoors|Holding_Other_Object_Light,Free_Living,
2021-11-04 06:21:52.175,2021-11-04 06:22:06.175,In_Position_Upright,Puttering_Around,Dressing/Undressing,Located_Indoors,Free_Living,
2021-11-04 06:22:06.175,2021-11-04 06:22:29.175,In_Position_Upright,Puttering_Around,HLB_Other,Located_Indoors|Holding_Other_Object_Light,Free_Living,
2021-11-04 06:22:30.175,2021-11-04 06:22:52.175,In_Position_Upright,Puttering_Around,HLB_Other,Located_Indoors,Free_Living,
2021-11-04 06:22:52.175,2021-11-04 06:23:20.175,In_Position_Upright,Washing_Hands,Using_Computer/Screen,Located_Indoors|Browsing_Computer,Free_Living,
2021-11-04 06:23:20.175,2021-11-04 06:23:48.162,In_Position_Upright,Puttering_Around,HLB_Other,Located_Indoors,Free_Living,
2021-11-04 06:23:49.162,2021-11-04 06:24:40.162,In_Position_Upright,Standing_Still,HLB_Other,Located_Indoors,Free_Living,
2021-11-04 06:24:41.162,2021-11-04 06:27:10.162,In_Position_Upright,Puttering_Around,HLB_Other,Located_Indoors,Free_Living,
2021-11-04 06:27:10.162,2021-11-04 06:28:56.162,In_Position_Upright,Standing_With_Movement,Using_Computer/Screen,Located_Indoors|Browsing_Computer,Free_Living,
2021-11-04 06:28:56.162,2021-11-04 06:29:53.162,In_Position_Upright,Puttering_Around,Cooking/Prepping_Food,Located_Indoors|Holding_Other_Object_Light,Free_Living,
2021-11-04 06:29:58.162,2021-11-04 06:30:02.162,In_Position_Sitting,Sitting_With_Movement,Cooking/Prepping_Food,Located_Indoors,Free_Living,
2021-11-04 06:30:03.162,2021-11-04 06:30:32.150,In_Position_Upright,Puttering_Around,HLB_Other,Located_Indoors,Free_Living,
2021-11-04 06:30:34.150,2021-11-04 06:30:42.150,In_Position_Sitting,Sitting_With_Movement,Eating/Dining,Located_Indoors,Free_Living,
2021-11-04 06:30:44.150,2021-11-04 06:30:54.150,In_Position_Upright,Walking,HLB_Other,Located_Indoors,Free_Living,
2021-11-04 06:30:54.150,2021-11-04 06:31:00.150,Posture_Video_Unavailable/Indecipherable,PA_Type_Video_Unavailable/Indecipherable,HLB_Video_Unavailable/Indecipherable,Located_Indoors,Free_Living,
2021-11-04 06:31:00.150,2021-11-04 06:31:41.150,Posture_Video_Unavailable/Indecipherable,PA_Type_Video_Unavailable/Indecipherable,HLB_Other,Located_Indoors|Texting/Browsing_Phone,Free_Living,
2021-11-04 06:31:42.150,2021-11-04 06:31:52.150,In_Position_Upright,Walking,HLB_Other,Located_Indoors,Free_Living,
2021-11-04 06:31:54.150,2021-11-04 06:35:11.150,In_Position_Sitting,Sitting_With_Movement,Eating/Dining,Located_Indoors|Holding_Other_Object_Light,Free_Living,
2021-11-04 06:35:11.150,2021-11-04 06:35:50.150,In_Position_Sitting,Sitting_With_Movement,Eating/Dining,Located_Indoors|Holding_Drink,Free_Living,
2021-11-04 06:35:50.150,2021-11-04 06:42:01.137,In_Position_Sitting,Sitting_With_Movement,HLB_Other,Located_Indoors|Holding_Other_Object_Light,Free_Living,
2021-11-04 06:42:02.137,2021-11-04 06:43:57.125,In_Position_Sitting,Sitting_With_Movement,HLB_Other,Located_Indoors|Texting/Browsing_Phone,Free_Living,
2021-11-04 06:43:57.125,2021-11-04 06:44:31.125,In_Position_Sitting,Sitting_With_Movement,Playing_With_Pets,Located_Indoors|Texting/Browsing_Phone,Free_Living,
2021-11-04 06:44:33.125,2021-11-04 06:44:45.125,In_Position_Upright,Puttering_Around,HLB_Other,Located_Indoors,Free_Living,
2021-11-04 06:44:48.125,2021-11-04 07:03:26.100,In_Position_Sitting,Sitting_With_Movement,HLB_Other,Located_Indoors|Texting/Browsing_Phone|Legs_Crossed,Free_Living,
2021-11-04 07:03:26.100,2021-11-04 07:04:48.087,In_Position_Sitting,Sitting_With_Movement,HLB_Other,Located_Indoors,Free_Living,
2021-11-04 07:04:48.087,2021-11-04 07:19:50.062,In_Position_Sitting,Sitting_With_Movement,HLB_Other,Located_Indoors|Texting/Browsing_Phone,Free_Living,
2021-11-04 07:19:53.062,2021-11-04 07:20:12.062,In_Position_Sitting,Sitting_With_Movement,HLB_Other,Located_Indoors|Holding_Other_Object_Light,Free_Living,
2021-11-04 07:20:13.062,2021-11-04 07:20:20.062,In_Position_Upright,Standing_With_Movement,HLB_Other|Cleaning,Located_Indoors|Holding_Other_Object_Light,Free_Living,
2021-11-04 07:20:21.062,2021-11-04 07:20:51.062,In_Position_Upright,Puttering_Around,Doing_Dishes,Located_Indoors|Holding_Other_Object_Light,Free_Living,
2021-11-04 07:20:51.062,2021-11-04 07:21:09.062,In_Position_Upright,Standing_With_Movement,Doing_Dishes,Located_Indoors|Holding_Other_Object_Light,Free_Living,
2021-11-04 07:21:11.062,2021-11-04 07:21:40.062,In_Position_Upright,Puttering_Around,HLB_Other,Located_Indoors,Free_Living,
2021-11-04 07:21:40.062,2021-11-04 07:22:27.062,In_Position_Upright,Standing_With_Movement,HLB_Other,Located_Indoors,Free_Living,
2021-11-04 07:22:29.062,2021-11-04 07:23:11.062,In_Position_Sitting,Sitting_With_Movement,Using_Computer/Screen,Located_Indoors|Typing_Computer,Free_Living,
2021-11-04 07:23:12.062,2021-11-04 07:24:08.062,In_Position_Sitting,Sitting_With_Movement,Using_Computer/Screen,Located_Indoors|Browsing_Computer,Free_Living,
2021-11-04 07:24:12.062,2021-11-04 07:24:42.050,In_Position_Upright,Standing_With_Movement,Using_Computer/Screen,Located_Indoors|Browsing_Computer,Free_Living,
2021-11-04 07:24:45.050,2021-11-04 07:25:49.050,In_Position_Sitting,Sitting_With_Movement,Using_Computer/Screen,Located_Indoors|Typing_Computer,Free_Living,
2021-11-04 07:25:53.050,2021-11-04 07:26:43.050,In_Position_Upright,Standing_With_Movement,Using_Computer/Screen,Located_Indoors|Browsing_Computer,Free_Living,
2021-11-04 07:26:47.050,2021-11-04 07:27:03.050,In_Position_Sitting,Sitting_With_Movement,Using_Computer/Screen,Located_Indoors|Browsing_Computer,Free_Living,
2021-11-04 07:27:04.050,2021-11-04 07:27:41.050,In_Position_Sitting,Sitting_With_Movement,Using_Computer/Screen,Located_Indoors|Browsing_Computer,Free_Living,
2021-11-04 07:27:43.050,2021-11-04 07:27:50.050,In_Position_Upright,Walking,HLB_Other,Located_Indoors,Free_Living,
2021-11-04 07:27:50.050,2021-11-04 07:43:41.025,Posture_Video_Unavailable/Indecipherable,PA_Type_Video_Unavailable/Indecipherable,HLB_Video_Unavailable/Indecipherable,Located_Indoors,Free_Living,
2021-11-04 07:43:42.025,2021-11-04 07:48:14.012,Posture_Video_Unavailable/Indecipherable,PA_Type_Video_Unavailable/Indecipherable,HLB_Video_Unavailable/Indecipherable,CP_Video_Unavailable/Indecipherable,Free_Living,
2021-11-04 07:48:14.012,2021-11-04 07:48:48.012,In_Position_Upright,Puttering_Around,HLB_Other,Located_Indoors,Free_Living,
2021-11-04 07:48:49.012,2021-11-04 07:48:58.012,In_Position_Upright,Standing_With_Movement,HLB_Other,Located_Indoors|Holding_Other_Object_Light,Free_Living,
2021-11-04 07:48:59.012,2021-11-04 07:49:10.012,In_Position_Upright,Walking,HLB_Other,Located_Indoors|Holding_Other_Object_Light,Free_Living,
2021-11-04 07:49:10.012,2021-11-04 07:50:10.012,In_Position_Upright,Puttering_Around,HLB_Other,Located_Indoors,Free_Living,
2021-11-04 07:50:10.012,2021-11-04 07:53:50.000,In_Position_Upright,Standing_With_Movement,Cooking/Prepping_Food,Located_Indoors,Free_Living,
2021-11-04 07:53:50.000,2021-11-04 07:54:21.000,In_Position_Upright,Puttering_Around,Cooking/Prepping_Food,Located_Indoors,Free_Living,
2021-11-04 07:54:21.000,2021-11-04 07:54:30.000,In_Position_Upright,Walking,Cooking/Prepping_Food,Located_Indoors|Holding_Drink,Free_Living,
2021-11-04 07:54:32.000,2021-11-04 07:54:58.000,In_Position_Upright,Puttering_Around,HLB_Other,Located_Indoors,Free_Living,
2021-11-04 07:54:58.000,2021-11-04 07:55:11.000,Posture_Video_Unavailable/Indecipherable,PA_Type_Video_Unavailable/Indecipherable,HLB_Video_Unavailable/Indecipherable,Located_Indoors,Free_Living,
2021-11-04 07:55:12.000,2021-11-04 07:55:25.000,In_Position_Upright,Puttering_Around,HLB_Other,Located_Indoors,Free_Living,
2021-11-04 07:55:25.000,2021-11-04 07:55:46.000,In_Position_Upright,Puttering_Around,HLB_Other,Located_Indoors|Holding_Other_Object_Light,Free_Living,
2021-11-04 07:55:46.000,2021-11-04 07:57:01.000,In_Position_Upright,Standing_With_Movement,Doing_Dishes,Located_Indoors|Holding_Other_Object_Light,Free_Living,
2021-11-04 07:57:01.000,2021-11-04 07:57:15.000,In_Position_Upright,Puttering_Around,Doing_Dishes,Located_Indoors,Free_Living,
2021-11-04 07:57:15.000,2021-11-04 07:57:55.000,In_Position_Upright,Puttering_Around,Doing_Dishes,Located_Indoors|Holding_Other_Object_Light,Free_Living,
2021-11-04 07:57:57.000,2021-11-04 07:58:34.987,In_Position_Upright,Washing_Hands,HLB_Other,Located_Indoors,Free_Living,
2021-11-04 07:58:34.987,2021-11-04 08:00:03.987,In_Position_Upright,Standing_With_Movement,Doing_Dishes,Located_Indoors|Holding_Other_Object_Light,Free_Living,
2021-11-04 08:00:03.987,2021-11-04 08:00:31.987,In_Position_Upright,Puttering_Around,HLB_Other,Located_Indoors,Free_Living,
2021-11-04 08:00:32.987,2021-11-04 08:02:10.987,In_Position_Kneeling,Kneeling_With_Movement,Playing_With_Pets,Located_Indoors,Free_Living,
2021-11-04 08:02:13.987,2021-11-04 08:02:24.987,In_Position_Upright,Walking,HLB_Other,Located_Indoors,Free_Living,
2021-11-04 08:02:26.987,2021-11-04 08:06:41.975,In_Position_Sitting,Sitting_With_Movement,Meeting_Virtual|Using_Computer/Screen,Located_Indoors,Free_Living,
2021-11-04 08:06:43.975,2021-11-04 08:06:52.975,In_Position_Upright,Puttering_Around,Meeting_Virtual|Using_Computer/Screen,Located_Indoors,Free_Living,
2021-11-04 08:06:52.975,2021-11-04 08:07:03.975,In_Position_Upright,Puttering_Around,Meeting_Virtual|Using_Computer/Screen,Located_Indoors|Holding_Other_Object_Light,Free_Living,
2021-11-04 08:07:06.975,2021-11-04 08:11:31.962,In_Position_Sitting,Sitting_With_Movement,Meeting_Virtual|Using_Computer/Screen,Located_Indoors,Free_Living,
2021-11-04 08:11:31.962,2021-11-04 09:05:45.862,In_Position_Sitting,Sitting_With_Movement,Using_Computer/Screen|Meeting_Virtual,Located_Indoors|Browsing_Computer,Free_Living,
2021-11-04 09:05:45.862,2021-11-04 09:07:06.862,Posture_Video_Unavailable/Indecipherable,PA_Type_Video_Unavailable/Indecipherable,HLB_Video_Unavailable/Indecipherable,CP_Video_Unavailable/Indecipherable,Free_Living,
2021-11-04 09:07:07.862,2021-11-04 09:11:01.862,Posture_Video_Unavailable/Indecipherable,PA_Type_Video_Unavailable/Indecipherable,HLB_Video_Unavailable/Indecipherable,CP_Video_Unavailable/Indecipherable,Free_Living,
2021-11-04 09:11:03.862,2021-11-04 09:15:06.850,In_Position_Sitting,Sitting_With_Movement,Using_Computer/Screen,Located_Indoors,Free_Living,
2021-11-04 09:15:06.850,2021-11-04 09:17:11.850,In_Position_Sitting,Sitting_With_Movement,Using_Computer/Screen,Located_Indoors|Typing_Computer,Free_Living,
2021-11-04 09:17:11.850,2021-11-04 09:30:06.825,In_Position_Sitting,Sitting_With_Movement,Using_Computer/Screen,Located_Indoors,Free_Living,
2021-11-04 09:30:06.825,2021-11-04 09:47:46.787,In_Position_Sitting,Sitting_With_Movement,Using_Computer/Screen,Located_Indoors|Typing_Computer,Free_Living,
2021-11-04 09:47:46.787,2021-11-04 09:53:49.775,In_Position_Sitting,Sitting_With_Movement,Using_Computer/Screen,Located_Indoors,Free_Living,
2021-11-04 09:53:49.775,2021-11-04 10:02:13.762,In_Position_Sitting,Sitting_With_Movement,Using_Computer/Screen,Located_Indoors|Typing_Computer,Free_Living,
2021-11-04 10:02:13.762,2021-11-04 10:12:05.750,In_Position_Sitting,Sitting_With_Movement,Using_Computer/Screen,Located_Indoors|Typing_Computer,Free_Living,
2021-11-04 10:12:05.750,2021-11-04 10:12:54.737,In_Position_Sitting,Sitting_With_Movement,HLB_Video_Unavailable/Indecipherable,,Free_Living,
2021-11-04 10:12:54.737,2021-11-04 10:20:57.725,In_Position_Sitting,Sitting_With_Movement,Using_Computer/Screen,Located_Indoors|Browsing_Computer,Free_Living,
2021-11-04 10:20:57.725,2021-11-04 10:22:45.725,In_Position_Sitting,Sitting_With_Movement,Using_Computer/Screen,Located_Indoors|Typing_Computer,Free_Living,
2021-11-04 10:22:45.725,2021-11-04 10:24:08.725,In_Position_Sitting,Sitting_With_Movement,Using_Computer/Screen,Located_Indoors|Browsing_Computer,Free_Living,
2021-11-04 10:24:08.725,2021-11-04 10:30:19.712,In_Position_Sitting,Sitting_With_Movement,Using_Computer/Screen,Located_Indoors|Browsing_Computer,Free_Living,
2021-11-04 10:30:26.712,2021-11-04 10:30:38.712,In_Position_Upright,Walking,,Located_Indoors,Free_Living,
2021-11-04 10:30:39.712,2021-11-04 10:32:35.712,Posture_Video_Unavailable/Indecipherable,PA_Type_Video_Unavailable/Indecipherable,HLB_Video_Unavailable/Indecipherable,Located_Indoors,Free_Living,
2021-11-04 10:32:36.712,2021-11-04 10:32:43.712,In_Position_Upright,Walking,,Located_Indoors,Free_Living,
2021-11-04 10:32:44.712,2021-11-04 10:33:54.700,In_Position_Upright,Standing_With_Movement,Eating/Dining,Located_Indoors|Holding_Solid_Food,Free_Living,
2021-11-04 10:33:55.700,2021-11-04 10:34:03.700,In_Position_Upright,Walking,,Located_Indoors,Free_Living,
2021-11-04 10:34:05.700,2021-11-04 11:03:06.650,In_Position_Sitting,Sitting_With_Movement,Using_Computer/Screen,Located_Indoors|Browsing_Computer,Free_Living,
2021-11-04 11:03:07.650,2021-11-04 11:03:24.650,In_Position_Sitting,Sitting_With_Movement,Using_Computer/Screen,Located_Indoors|Browsing_Computer|Typing_Computer,Free_Living,
2021-11-04 11:03:25.650,2021-11-04 11:03:42.650,In_Position_Sitting,Sitting_With_Movement,Using_Computer/Screen,Located_Indoors|Browsing_Computer,Free_Living,
2021-11-04 11:03:43.650,2021-11-04 12:03:08.537,In_Position_Sitting,Sitting_With_Movement,Using_Computer/Screen|Meeting_Virtual,Located_Indoors,Free_Living,
2021-11-04 12:03:08.537,2021-11-04 12:04:07.537,In_Position_Sitting,Sitting_With_Movement,Using_Computer/Screen|Meeting_Virtual,Located_Indoors|Browsing_Computer,Free_Living,
2021-11-04 12:04:09.537,2021-11-04 12:04:19.537,In_Position_Upright,Walking_Slow,Using_Computer/Screen|Meeting_Virtual,Located_Indoors|Browsing_Computer,Free_Living,
2021-11-04 12:04:20.537,2021-11-04 12:05:07.537,In_Position_Upright,Puttering_Around,Using_Computer/Screen|Meeting_Virtual,Located_Indoors,Free_Living,
2021-11-04 12:05:10.537,2021-11-04 12:06:43.537,In_Position_Upright,Puttering_Around,Using_Computer/Screen|Meeting_Virtual|Cooking/Prepping_Food,Located_Indoors,Free_Living,
2021-11-04 12:06:45.537,2021-11-04 12:08:18.525,In_Position_Upright,Standing_With_Movement,Using_Computer/Screen|Meeting_Virtual|Eating/Dining,Located_Indoors|Holding_Solid_Food,Free_Living,
2021-11-04 12:08:19.525,2021-11-04 12:09:35.525,In_Position_Upright,Puttering_Around,Using_Computer/Screen|Meeting_Virtual|Cooking/Prepping_Food,Located_Indoors,Free_Living,
2021-11-04 12:09:38.525,2021-11-04 12:11:07.525,In_Position_Upright,Puttering_Around,Using_Computer/Screen|Meeting_Virtual|Cooking/Prepping_Food,Located_Indoors,Free_Living,
2021-11-04 12:11:10.525,2021-11-04 12:11:26.525,In_Position_Upright,Standing_With_Movement,Using_Computer/Screen|Meeting_Virtual,Located_Indoors,Free_Living,
2021-11-04 12:11:28.525,2021-11-04 12:11:33.525,In_Position_Upright,Walking,,Located_Indoors,Free_Living,
2021-11-04 12:11:35.525,2021-11-04 12:16:01.512,Posture_Video_Unavailable/Indecipherable,PA_Type_Video_Unavailable/Indecipherable,HLB_Video_Unavailable/Indecipherable,Located_Indoors,Free_Living,
2021-11-04 12:16:09.512,2021-11-04 12:18:45.512,In_Position_Upright,Standing_With_Movement,Using_Computer/Screen|Meeting_Virtual,Located_Indoors,Free_Living,
2021-11-04 12:18:45.512,2021-11-04 12:21:07.500,In_Position_Upright,Standing_With_Movement,Using_Computer/Screen|Meeting_Virtual|Eating/Dining,Located_Indoors|Holding_Solid_Food,Free_Living,
2021-11-04 12:21:09.500,2021-11-04 12:24:46.500,In_Position_Upright,Puttering_Around,Using_Computer/Screen|Meeting_Virtual,Located_Indoors,Free_Living,
2021-11-04 12:24:50.500,2021-11-04 12:30:56.487,In_Position_Sitting,Sitting_With_Movement,Using_Computer/Screen|Meeting_Virtual,Located_Indoors|Legs_Uncrossed,Free_Living,
2021-11-04 12:30:57.487,2021-11-04 12:31:29.487,In_Position_Upright,Puttering_Around,,Located_Indoors,Free_Living,
2021-11-04 12:31:32.487,2021-11-04 12:36:51.475,In_Position_Sitting,Sitting_With_Movement,Using_Computer/Screen|Meeting_Virtual,Located_Indoors|Legs_Crossed,Free_Living,
2021-11-04 12:36:54.475,2021-11-04 12:49:31.450,In_Position_Sitting,Sitting_With_Movement,Using_Computer/Screen|Meeting_Virtual,Located_Indoors|Legs_Uncrossed,Free_Living,
2021-11-04 12:49:32.450,2021-11-04 12:49:53.450,In_Position_Sitting,Sitting_With_Movement,Using_Computer/Screen|Meeting_Virtual,Located_Indoors|Legs_Uncrossed|Browsing_Computer,Free_Living,
2021-11-04 12:49:54.450,2021-11-04 12:59:51.437,In_Position_Sitting,Sitting_With_Movement,Using_Computer/Screen|Meeting_Virtual,Located_Indoors|Legs_Uncrossed|Browsing_Computer,Free_Living,
2021-11-04 12:59:52.437,2021-11-04 13:01:36.425,In_Position_Sitting,Sitting_With_Movement,Using_Computer/Screen|Meeting_Virtual,Located_Indoors|Legs_Uncrossed|Browsing_Computer|Typing_Computer,Free_Living,
2021-11-04 13:01:37.425,2021-11-04 13:09:16.412,In_Position_Sitting,Sitting_With_Movement,Using_Computer/Screen|Meeting_Virtual,Located_Indoors|Legs_Uncrossed|Browsing_Computer,Free_Living,
2021-11-04 13:09:17.412,2021-11-04 13:10:18.412,In_Position_Sitting,Sitting_With_Movement,Using_Computer/Screen|Meeting_Virtual,Located_Indoors|Legs_Uncrossed|Browsing_Computer|Typing_Computer,Free_Living,
2021-11-04 13:10:20.412,2021-11-04 13:23:55.387,In_Position_Sitting,Sitting_With_Movement,Using_Computer/Screen|Meeting_Virtual,Located_Indoors|Legs_Uncrossed|Browsing_Computer,Free_Living,
2021-11-04 13:23:57.387,2021-11-04 13:25:46.387,In_Position_Sitting,Sitting_With_Movement,Using_Computer/Screen|Meeting_Virtual,Located_Indoors|Legs_Uncrossed|Browsing_Computer|Typing_Computer,Free_Living,
2021-11-04 13:25:47.387,2021-11-04 14:32:53.262,In_Position_Sitting,Sitting_With_Movement,Using_Computer/Screen|Meeting_Virtual,Located_Indoors|Legs_Uncrossed|Browsing_Computer,Free_Living,
2021-11-04 14:32:54.262,2021-11-04 14:33:08.262,In_Position_Sitting,Sitting_With_Movement,Using_Computer/Screen,Located_Indoors|Legs_Uncrossed|Browsing_Computer,Free_Living,
2021-11-04 14:33:09.262,2021-11-04 14:33:21.262,In_Position_Sitting,Sitting_With_Movement,Using_Computer/Screen,Located_Indoors|Legs_Uncrossed|Browsing_Computer|Typing_Computer,Free_Living,
2021-11-04 14:33:23.262,2021-11-04 14:36:54.250,In_Position_Sitting,Sitting_With_Movement,Using_Computer/Screen,Located_Indoors|Legs_Uncrossed|Browsing_Computer,Free_Living,
2021-11-04 14:36:56.250,2021-11-04 14:37:08.250,In_Position_Upright,Puttering_Around,,Located_Indoors,Free_Living,
2021-11-04 14:37:08.250,2021-11-04 15:42:20.137,Posture_Video_Unavailable/Indecipherable,PA_Type_Video_Unavailable/Indecipherable,HLB_Video_Unavailable/Indecipherable,Located_Indoors,Free_Living,
2021-11-04 15:42:22.137,2021-11-04 15:50:51.112,In_Position_Sitting,Sitting_With_Movement,Using_Computer/Screen,Located_Indoors|Browsing_Computer|Typing_Computer,Free_Living,
2021-11-04 15:50:53.112,2021-11-04 16:01:32.100,In_Position_Sitting,Sitting_With_Movement,Using_Computer/Screen,Located_Indoors|Browsing_Computer,Free_Living,
2021-11-04 16:01:33.100,2021-11-04 17:04:21.975,In_Position_Sitting,Sitting_With_Movement,Using_Computer/Screen|Meeting_Virtual,Located_Indoors|Browsing_Computer,Free_Living,
2021-11-04 17:04:22.975,2021-11-04 17:04:36.975,In_Position_Sitting,Sitting_With_Movement,Using_Computer/Screen,Located_Indoors|Browsing_Computer,Free_Living,
2021-11-04 17:04:39.975,2021-11-04 17:50:06.900,In_Position_Sitting,Sitting_With_Movement,Using_Computer/Screen|Meeting_Virtual,Located_Indoors|Browsing_Computer,Free_Living,
2021-11-04 17:50:08.900,2021-11-04 17:52:01.887,In_Position_Sitting,Sitting_With_Movement,Using_Computer/Screen,Located_Indoors|Texting/Browsing_Phone,Free_Living,
2021-11-04 17:52:02.887,2021-11-04 18:09:26.862,In_Position_Sitting,Sitting_With_Movement,Using_Computer/Screen,Located_Indoors|Legs_Uncrossed|Browsing_Computer,Free_Living,
2021-11-04 18:09:26.862,2021-11-04 18:11:35.850,In_Position_Sitting,Sitting_With_Movement,Using_Computer/Screen,Located_Indoors|Legs_Uncrossed|Browsing_Computer|Typing_Computer,Free_Living,
2021-11-04 18:11:36.850,2021-11-04 18:18:43.837,In_Position_Sitting,Sitting_With_Movement,Using_Computer/Screen,Located_Indoors|Legs_Uncrossed|Browsing_Computer,Free_Living,
2021-11-04 18:18:47.837,2021-11-04 18:19:03.837,In_Position_Upright,Puttering_Around,,Located_Indoors,Free_Living,
2021-11-04 18:19:20.837,2021-11-04 18:20:16.837,In_Position_Upright,Standing_With_Movement,,Located_Indoors|Texting/Browsing_Phone,Free_Living,
2021-11-04 18:20:17.837,2021-11-04 18:20:22.837,In_Position_Upright,Walking,,Located_Indoors,Free_Living,
2021-11-04 18:20:26.837,2021-11-04 18:23:42.837,Posture_Video_Unavailable/Indecipherable,PA_Type_Video_Unavailable/Indecipherable,HLB_Video_Unavailable/Indecipherable,Located_Indoors,Free_Living,
2021-11-04 18:23:49.837,2021-11-04 18:25:25.825,In_Position_Kneeling,Kneeling_With_Movement,Playing_With_Pets,Located_Indoors,Free_Living,
2021-11-04 18:25:26.825,2021-11-04 18:25:35.825,In_Position_Upright,Walking,,Located_Indoors,Free_Living,
2021-11-04 18:25:39.825,2021-11-04 18:31:42.812,In_Position_Upright,Standing_With_Movement,,Located_Indoors|Holding_Book/Reader,Free_Living,
2021-11-04 18:31:43.812,2021-11-04 18:31:57.812,In_Position_Upright,Walking,,Located_Indoors,Free_Living,
2021-11-04 18:31:58.812,2021-11-04 18:32:14.812,In_Position_Kneeling,Kneeling_With_Movement,Playing_With_Pets,Located_Indoors,Free_Living,
2021-11-04 18:32:16.812,2021-11-04 18:32:48.812,In_Position_Upright,Puttering_Around,,Located_Indoors,Free_Living,
2021-11-04 18:32:51.812,2021-11-04 18:43:30.800,In_Position_Sitting,Sitting_With_Movement,Using_Computer/Screen,Located_Indoors|Legs_Uncrossed|Browsing_Computer,Free_Living,
2021-11-04 18:43:31.800,2021-11-04 18:44:00.800,In_Position_Upright,Puttering_Around,,Located_Indoors,Free_Living,
2021-11-04 18:44:01.800,2021-11-04 18:44:23.800,In_Position_Upright,Puttering_Around,Walking_Pet,Located_Indoors,Free_Living,
2021-11-04 18:44:26.800,2021-11-04 18:44:59.787,In_Position_Upright,Puttering_Around,Walking_Pet|Dressing/Undressing,Located_Indoors,Free_Living,
2021-11-04 18:45:01.787,2021-11-04 18:52:22.775,In_Position_Upright,Puttering_Around,Walking_Pet,Located_Indoors|In_Conversation,Free_Living,
2021-11-04 18:52:25.775,2021-11-04 18:52:38.775,In_Position_Upright,Puttering_Around,Walking_Pet,Located_Indoors,Free_Living,
2021-11-04 18:52:38.775,2021-11-04 18:52:58.775,In_Position_Upright,Walking_Down_Stairs,Walking_Pet,Located_Indoors,Free_Living,
2021-11-04 18:52:59.775,2021-11-04 19:08:36.750,In_Position_Upright,Walking,Walking_Pet,Located_Outdoors,Free_Living,
2021-11-04 19:08:37.750,2021-11-04 19:08:46.750,In_Position_Upright,Walking_Up_Stairs,Walking_Pet,Located_Indoors,Free_Living,
2021-11-04 19:08:47.750,2021-11-04 19:10:23.750,In_Position_Upright,Puttering_Around,,Located_Indoors,Free_Living,
2021-11-04 19:10:24.750,2021-11-04 19:11:03.750,In_Position_Upright,Washing_Hands,,Located_Indoors,Free_Living,
2021-11-04 19:11:12.750,2021-11-04 19:11:30.737,Posture_Video_Unavailable/Indecipherable,PA_Type_Video_Unavailable/Indecipherable,HLB_Video_Unavailable/Indecipherable,Located_Indoors,Free_Living,
2021-11-04 19:11:34.737,2021-11-04 19:21:01.725,In_Position_Upright,Puttering_Around,Cooking/Prepping_Food,Located_Indoors,Free_Living,
2021-11-04 19:21:02.725,2021-11-04 19:24:17.725,Posture_Video_Unavailable/Indecipherable,PA_Type_Video_Unavailable/Indecipherable,HLB_Video_Unavailable/Indecipherable,Located_Indoors,Free_Living,
2021-11-04 19:24:18.725,2021-11-04 19:26:51.712,In_Position_Upright,Puttering_Around,,Located_Indoors,Free_Living,
2021-11-04 19:26:55.712,2021-11-04 20:27:48.600,In_Position_Sitting,Cycling_Active_Pedaling_Stationary_Bike,Exercising_Gym_Stationary_Bicycle,Located_Indoors,Free_Living,
2021-11-04 20:27:52.600,2021-11-04 20:32:02.600,In_Position_Sitting,Sitting_With_Movement,Exercising_Gym_Stationary_Bicycle,Located_Indoors,Free_Living,
2021-11-04 20:32:15.600,2021-11-04 20:33:08.587,In_Position_Upright,Puttering_Around,,Located_Indoors,Free_Living,
2021-11-04 20:33:10.587,2021-11-04 20:37:22.587,In_Position_Upright,Puttering_Around,Cooking/Prepping_Food,Located_Indoors,Free_Living,
2021-11-04 20:37:37.587,2021-11-04 20:43:36.575,Posture_Video_Unavailable/Indecipherable,PA_Type_Video_Unavailable/Indecipherable,HLB_Video_Unavailable/Indecipherable,Located_Indoors,Free_Living,
2021-11-04 20:43:37.575,2021-11-04 20:45:04.575,In_Position_Upright,Puttering_Around,Dressing/Undressing,Located_Indoors,Free_Living,
2021-11-04 20:45:05.575,2021-11-04 20:46:16.562,In_Position_Sitting,Sitting_With_Movement,Dressing/Undressing,Located_Indoors,Free_Living,
2021-11-04 20:46:17.562,2021-11-04 20:47:30.562,In_Position_Upright,Puttering_Around,Dressing/Undressing,Located_Indoors,Free_Living,
2021-11-04 20:47:33.562,2021-11-04 20:54:00.550,In_Position_Upright,Puttering_Around,Cooking/Prepping_Food,Located_Indoors,Free_Living,
2021-11-04 20:54:01.550,2021-11-04 20:58:24.550,In_Position_Sitting,Sitting_With_Movement,Eating/Dining,Located_Indoors|Legs_Uncrossed,Free_Living,
2021-11-04 20:58:31.550,2021-11-04 20:59:21.537,In_Position_Sitting,Sitting_With_Movement,,Located_Indoors|Texting/Browsing_Phone|Legs_Crossed,Free_Living,
2021-11-04 20:59:23.537,2021-11-04 20:59:32.537,In_Position_Upright,Walking,,Located_Indoors,Free_Living,
2021-11-04 20:59:33.537,2021-11-04 21:00:13.537,In_Position_Sitting,Sitting_With_Movement,Using_Computer/Screen,Located_Indoors|Legs_Uncrossed|Browsing_Computer,Free_Living,
2021-11-04 21:00:14.537,2021-11-04 21:14:52.512,In_Position_Sitting,Sitting_With_Movement,Using_Computer/Screen|Meeting_Virtual,Located_Indoors|Legs_Uncrossed|In_Conversation,Free_Living,
2021-11-04 21:15:07.512,2021-11-04 21:21:11.500,Posture_Video_Unavailable/Indecipherable,PA_Type_Video_Unavailable/Indecipherable,HLB_Video_Unavailable/Indecipherable,Located_Indoors,Free_Living,
2021-11-04 21:21:15.500,2021-11-04 21:21:38.500,In_Position_Upright,Walking,,Located_Indoors,Free_Living,
2021-11-04 21:21:38.500,2021-11-04 21:21:52.500,In_Position_Upright,Puttering_Around,,Located_Indoors|In_Conversation,Free_Living,
2021-11-04 21:21:55.500,2021-11-04 21:25:18.500,In_Position_Upright,Puttering_Around,Cooking/Prepping_Food,Located_Indoors,Free_Living,
2021-11-04 21:25:20.500,2021-11-04 21:29:56.487,In_Position_Sitting,Sitting_With_Movement,Eating/Dining,Located_Indoors|In_Conversation,Free_Living,
2021-11-04 21:29:58.487,2021-11-04 21:30:22.487,In_Position_Upright,Puttering_Around,Eating/Dining,Located_Indoors|In_Conversation,Free_Living,
2021-11-04 21:30:25.487,2021-11-04 21:40:02.462,In_Position_Sitting,Sitting_With_Movement,Eating/Dining,Located_Indoors|In_Conversation,Free_Living,
2021-11-04 21:40:03.462,2021-11-04 21:40:14.462,In_Position_Upright,Puttering_Around,,Located_Indoors,Free_Living,
2021-11-04 21:40:16.462,2021-11-04 21:47:55.450,In_Position_Sitting,Sitting_With_Movement,Relaxing_Passive,Located_Indoors|Legs_Crossed|In_Conversation,Free_Living,
2021-11-04 21:47:56.450,2021-11-04 21:48:23.450,In_Position_Upright,Puttering_Around,,Located_Indoors,Free_Living,
2021-11-04 21:48:24.450,2021-11-04 21:49:21.450,Posture_Video_Unavailable/Indecipherable,PA_Type_Video_Unavailable/Indecipherable,HLB_Video_Unavailable/Indecipherable,Located_Indoors,Free_Living,
2021-11-04 21:49:22.450,2021-11-04 21:51:47.450,In_Position_Upright,Puttering_Around,Cleaning,Located_Indoors,Free_Living,
2021-11-04 21:51:48.450,2021-11-04 21:58:18.437,In_Position_Upright,Organizing_Shelf/Cabinet,Cleaning|Doing_Dishes,Located_Indoors,Free_Living,
2021-11-04 21:58:20.437,2021-11-04 22:00:56.425,In_Position_Upright,Puttering_Around,Cleaning,Located_Indoors,Free_Living,
2021-11-04 22:00:57.425,2021-11-04 22:03:46.425,In_Position_Upright,Puttering_Around,Cooking/Prepping_Food,Located_Indoors,Free_Living,
2021-11-04 22:03:47.425,2021-11-04 22:09:02.412,In_Position_Upright,Puttering_Around,Cleaning,Located_Indoors,Free_Living,
2021-11-04 22:09:09.412,2021-11-04 22:09:50.412,In_Position_Kneeling,Kneeling_With_Movement,Cleaning,Located_Indoors,Free_Living,
2021-11-04 22:09:53.412,2021-11-04 22:12:39.412,In_Position_Upright,Puttering_Around,,Located_Indoors,Free_Living,
2021-11-04 22:12:42.412,2021-11-04 22:15:38.400,In_Position_Sitting,Sitting_With_Movement,Relaxing_Passive,Located_Indoors|Legs_Crossed|In_Conversation|Holding_Drink,Free_Living,
2021-11-04 22:15:40.400,2021-11-04 22:16:12.400,In_Position_Sitting,Sitting_With_Movement,Relaxing_Passive,Located_Indoors|Legs_Crossed|In_Conversation,Free_Living,
2021-11-04 22:16:13.400,2021-11-04 22:18:39.400,In_Position_Upright,Puttering_Around,Doing_Common_Housework_Light,Located_Indoors,Free_Living,
2021-11-04 22:18:40.400,2021-11-04 22:20:17.387,In_Position_Sitting,Sitting_With_Movement,Relaxing_Passive,Located_Indoors|Legs_Crossed,Free_Living,
2021-11-04 22:20:17.387,2021-11-04 22:20:53.387,In_Position_Upright,Puttering_Around,HLB_Other,Located_Indoors,Free_Living,
2021-11-04 22:20:55.387,2021-11-04 22:26:19.387,In_Position_Sitting,Sitting_With_Movement,Relaxing_Passive,Located_Indoors|Legs_Crossed|In_Conversation,Free_Living,
2021-11-04 22:26:21.387,2021-11-04 22:27:43.375,In_Position_Upright,Puttering_Around,,Located_Indoors,Free_Living,
2021-11-04 22:27:45.375,2021-11-04 22:34:59.362,In_Position_Sitting,Sitting_With_Movement,Relaxing_Passive,Located_Indoors|Legs_Crossed|In_Conversation,Free_Living,
2021-11-04 22:35:01.362,2021-11-04 22:35:34.362,In_Position_Upright,Puttering_Around,,Located_Indoors,Free_Living,
2021-11-04 22:35:36.362,2021-11-04 22:44:54.350,In_Position_Sitting,Sitting_With_Movement,Playing_With_Pets,Located_Indoors|In_Conversation,Free_Living,
2021-11-04 22:44:56.350,2021-11-04 22:45:05.350,In_Position_Upright,Walking,Walking_Pet,Located_Indoors,Free_Living,
2021-11-04 22:45:06.350,2021-11-04 22:45:41.350,In_Position_Upright,Puttering_Around,Walking_Pet|Dressing/Undressing,Located_Indoors,Free_Living,
2021-11-04 22:45:44.350,2021-11-04 22:46:38.350,In_Position_Upright,Puttering_Around,Walking_Pet,Located_Indoors,Free_Living,
2021-11-04 22:46:38.350,2021-11-04 22:46:49.350,In_Position_Upright,Walking_Down_Stairs,Walking_Pet,Located_Indoors,Free_Living,
2021-11-04 22:46:49.350,2021-11-04 22:53:28.337,In_Position_Upright,Walking,Walking_Pet,Located_Outdoors,Free_Living,
2021-11-04 22:53:28.337,2021-11-04 22:53:36.337,In_Position_Upright,Walking_Up_Stairs,Walking_Pet,Located_Indoors,Free_Living,
2021-11-04 22:53:37.337,2021-11-04 22:53:56.325,In_Position_Upright,Puttering_Around,Walking_Pet,Located_Indoors,Free_Living,
2021-11-04 22:53:58.325,2021-11-04 22:54:31.325,In_Position_Upright,Puttering_Around,,Located_Indoors,Free_Living,
2021-11-04 22:54:32.325,2021-11-04 22:54:49.325,Posture_Video_Unavailable/Indecipherable,PA_Type_Video_Unavailable/Indecipherable,HLB_Video_Unavailable/Indecipherable,Located_Indoors,Free_Living,
2021-11-04 22:54:51.325,2021-11-04 22:55:27.325,In_Position_Upright,Washing_Hands,,Located_Indoors,Free_Living,
2021-11-04 22:55:30.325,2021-11-04 23:01:30.312,In_Position_Upright,Puttering_Around,Cleaning,Located_Indoors,Free_Living,
2021-11-04 23:01:31.312,2021-11-04 23:02:27.312,In_Position_Upright,Standing_With_Movement,Cleaning|Doing_Dishes,Located_Indoors,Free_Living,
2021-11-04 23:02:28.312,2021-11-04 23:03:41.312,In_Position_Upright,Puttering_Around,Cleaning,Located_Indoors,Free_Living,
2021-11-04 23:03:42.312,2021-11-04 23:06:42.312,In_Position_Upright,Puttering_Around,Cleaning|Doing_Dishes,Located_Indoors,Free_Living,
2021-11-04 23:06:43.312,2021-11-04 23:16:47.287,In_Position_Upright,Puttering_Around,Doing_Common_Housework_Light,Located_Indoors,Free_Living,
2021-11-04 23:16:48.287,2021-11-04 23:17:18.287,In_Position_Upright,Washing_Hands,Doing_Common_Housework_Light,Located_Indoors,Free_Living,
2021-11-04 23:17:18.287,2021-11-04 23:22:49.275,In_Position_Upright,Puttering_Around,Doing_Common_Housework_Light|Cleaning,Located_Indoors,Free_Living,
2021-11-04 23:22:50.275,2021-11-04 23:24:37.275,In_Position_Upright,Standing_With_Movement,Doing_Common_Housework_Light|Cleaning,Located_Indoors|Texting/Browsing_Phone,Free_Living,
2021-11-04 23:24:38.275,2021-11-04 23:27:12.275,In_Position_Upright,Puttering_Around,Doing_Common_Housework_Light|Cleaning,Located_Indoors,Free_Living,
2021-11-04 23:27:15.275,2021-11-04 23:49:15.225,In_Position_Sitting,Sitting_With_Movement,Using_Computer/Screen,Located_Indoors|Browsing_Computer,Free_Living,
2021-11-04 23:49:16.225,2021-11-04 23:50:40.225,In_Position_Sitting,Sitting_With_Movement,Using_Computer/Screen,Located_Indoors|Browsing_Computer|Typing_Computer,Free_Living,
2021-11-04 23:50:42.225,2021-11-05 00:18:08.175,In_Position_Sitting,Sitting_With_Movement,Using_Computer/Screen,Located_Indoors|Browsing_Computer,Free_Living,
2021-11-05 00:18:09.175,2021-11-05 00:20:36.175,In_Position_Sitting,Sitting_With_Movement,Using_Computer/Screen,Located_Indoors|Browsing_Computer|Typing_Computer,Free_Living,
2021-11-05 00:20:36.175,2021-11-05 00:26:49.162,In_Position_Sitting,Sitting_With_Movement,Using_Computer/Screen,Located_Indoors|Browsing_Computer,Free_Living,
2021-11-05 00:26:50.162,2021-11-05 00:27:51.162,In_Position_Sitting,Sitting_With_Movement,Using_Computer/Screen,Located_Indoors|Browsing_Computer|Typing_Computer,Free_Living,
2021-11-05 00:27:52.162,2021-11-05 00:37:36.137,In_Position_Sitting,Sitting_With_Movement,Using_Computer/Screen,Located_Indoors|Browsing_Computer,Free_Living,
2021-11-05 00:37:37.137,2021-11-05 00:43:41.125,In_Position_Sitting,Sitting_With_Movement,Using_Computer/Screen,Located_Indoors|Browsing_Computer|Typing_Computer,Free_Living,
2021-11-05 00:43:41.125,2021-11-05 00:47:14.125,In_Position_Sitting,Sitting_With_Movement,Using_Computer/Screen,Located_Indoors|Browsing_Computer|Typing_Computer,Free_Living,
2021-11-05 00:47:14.125,2021-11-05 00:54:06.112,In_Position_Sitting,Sitting_With_Movement,Using_Computer/Screen,Located_Indoors|Browsing_Computer|Typing_Computer,Free_Living,
2021-11-05 00:54:08.112,2021-11-05 00:56:32.100,In_Position_Sitting,Sitting_With_Movement,Using_Computer/Screen,Located_Indoors|Browsing_Computer|Typing_Computer,Free_Living,
2021-11-05 00:56:33.100,2021-11-05 00:57:45.100,In_Position_Sitting,Sitting_With_Movement,Using_Computer/Screen,Located_Indoors|Browsing_Computer,Free_Living,
2021-11-05 00:57:49.100,2021-11-05 01:04:28.087,In_Position_Sitting,Sitting_With_Movement,Using_Computer/Screen,Located_Indoors|Browsing_Computer|Typing_Computer,Free_Living,
2021-11-05 01:04:28.087,2021-11-05 01:04:56.087,In_Position_Sitting,Sitting_With_Movement,Using_Computer/Screen,Located_Indoors|Browsing_Computer,Free_Living,
2021-11-05 01:04:57.087,2021-11-05 01:06:14.087,In_Position_Sitting,Sitting_With_Movement,Using_Computer/Screen,Located_Indoors|Browsing_Computer|Typing_Computer,Free_Living,
2021-11-05 01:06:15.087,2021-11-05 01:09:36.075,In_Position_Sitting,Sitting_With_Movement,Using_Computer/Screen,Located_Indoors|Browsing_Computer,Free_Living,
2021-11-05 01:09:38.075,2021-11-05 01:14:37.075,Posture_Video_Unavailable/Indecipherable,PA_Type_Video_Unavailable/Indecipherable,HLB_Video_Unavailable/Indecipherable,Located_Indoors,Free_Living,
2021-11-05 01:14:41.075,2021-11-05 01:15:06.075,In_Position_Upright,Puttering_Around,,Located_Indoors,Free_Living,
2021-11-05 01:15:07.075,2021-11-05 01:15:24.062,In_Position_Upright,Synchronizing_Sensors,,Located_Indoors,Free_Living,
2021-11-05 01:15:24.062,2021-11-05 01:15:55.062,In_Position_Upright,Puttering_Around,,Located_Indoors,Free_Living,
2021-11-05 01:15:57.062,2021-11-05 01:16:09.062,Posture_Video_Unavailable/Indecipherable,PA_Type_Video_Unavailable/Indecipherable,HLB_Video_Unavailable/Indecipherable,Located_Indoors,Free_Living,
2021-11-05 06:36:29.262,2021-11-05 06:36:55.262,In_Position_Upright,Synchronizing_Sensors,HLB_Other,Located_Indoors,Free_Living,
2021-11-05 06:36:56.262,2021-11-05 06:37:40.262,In_Position_Upright,Puttering_Around,Dressing/Undressing|Walking_Pet,Located_Indoors,Free_Living,
2021-11-05 06:37:45.262,2021-11-05 06:39:17.262,In_Position_Upright,Puttering_Around,Walking_Pet,Located_Indoors|Holding_Other_Object_Light,Free_Living,
2021-11-05 06:39:21.262,2021-11-05 06:46:36.262,In_Position_Upright,Walking,Walking_Pet,Holding_Other_Object_Light|Located_Outdoors,Free_Living,
2021-11-05 06:46:36.262,2021-11-05 06:47:01.262,In_Position_Upright,Puttering_Around,Walking_Pet,Holding_Other_Object_Light|Located_Indoors,Free_Living,
2021-11-05 06:47:01.262,2021-11-05 06:47:31.262,In_Position_Upright,Puttering_Around,HLB_Other,Holding_Other_Object_Light|Located_Indoors,Free_Living,
2021-11-05 06:47:31.262,2021-11-05 06:47:37.262,In_Position_Upright,Walking_Down_Stairs,HLB_Other,Holding_Other_Object_Light|Located_Indoors,Free_Living,
2021-11-05 06:47:37.262,2021-11-05 06:47:49.262,In_Position_Upright,Puttering_Around,HLB_Other,Holding_Other_Object_Light|Located_Indoors,Free_Living,
2021-11-05 06:47:49.262,2021-11-05 06:47:56.262,In_Position_Upright,Walking_Up_Stairs,HLB_Other,Holding_Other_Object_Light|Located_Indoors,Free_Living,
2021-11-05 06:48:04.262,2021-11-05 06:48:40.262,In_Position_Upright,Washing_Hands,HLB_Other,Located_Indoors,Free_Living,
2021-11-05 06:48:46.262,2021-11-05 06:53:17.262,In_Position_Sitting,Sitting_With_Movement,Using_Computer/Screen,Located_Indoors|Browsing_Computer,Free_Living,
2021-11-05 06:53:20.262,2021-11-05 06:54:16.262,In_Position_Upright,Puttering_Around,HLB_Other,Located_Indoors,Free_Living,
2021-11-05 06:54:18.262,2021-11-05 06:54:24.262,In_Position_Kneeling,Kneeling_With_Movement,Playing_With_Pets,Located_Indoors,Free_Living,
2021-11-05 06:54:25.262,2021-11-05 06:55:05.262,In_Position_Upright,Puttering_Around,Cooking/Prepping_Food,Located_Indoors,Free_Living,
2021-11-05 06:55:06.262,2021-11-05 06:59:08.262,In_Position_Upright,Puttering_Around,Doing_Dishes,Located_Indoors,Free_Living,
2021-11-05 06:59:11.262,2021-11-05 07:04:51.275,In_Position_Upright,Puttering_Around,Cooking/Prepping_Food,Located_Indoors,Free_Living,
2021-11-05 07:05:02.275,2021-11-05 07:11:16.275,In_Position_Sitting,Sitting_With_Movement,Eating/Dining,Located_Indoors|Legs_Uncrossed,Free_Living,
2021-11-05 07:11:18.275,2021-11-05 07:29:04.275,In_Position_Sitting,Sitting_With_Movement,Relaxing_Passive,Located_Indoors|Legs_Uncrossed|Holding_Book/Reader,Free_Living,
2021-11-05 07:29:14.275,2021-11-05 07:29:58.275,In_Position_Sitting,Sitting_With_Movement,Playing_With_Pets,Located_Indoors|Legs_Uncrossed,Free_Living,
2021-11-05 07:30:00.275,2021-11-05 07:30:09.275,In_Position_Upright,Puttering_Around,HLB_Other,Located_Indoors,Free_Living,
2021-11-05 07:30:12.275,2021-11-05 07:34:11.275,In_Position_Sitting,Sitting_With_Movement,HLB_Other,Located_Indoors|Legs_Crossed,Free_Living,
2021-11-05 07:34:12.275,2021-11-05 07:34:36.275,In_Position_Upright,Puttering_Around,HLB_Other,Located_Indoors,Free_Living,
2021-11-05 07:34:37.275,2021-11-05 07:35:10.275,In_Position_Upright,Standing_With_Movement,HLB_Other,Located_Indoors|Texting/Browsing_Phone|Holding_Other_Object_Light,Free_Living,
2021-11-05 07:35:13.275,2021-11-05 07:36:00.275,In_Position_Upright,Puttering_Around,Doing_Dishes,Located_Indoors,Free_Living,
2021-11-05 07:36:15.275,2021-11-05 07:39:58.275,In_Position_Upright,Puttering_Around,Cooking/Prepping_Food,Located_Indoors,Free_Living,
2021-11-05 07:39:58.275,2021-11-05 07:40:12.275,Posture_Other,PA_Type_Other,Cleaning,Located_Indoors|Holding_Other_Object_Light,Free_Living,
2021-11-05 07:40:14.275,2021-11-05 07:40:52.275,In_Position_Upright,Puttering_Around,Cleaning,Located_Indoors|Holding_Other_Object_Light,Free_Living,
2021-11-05 07:40:55.275,2021-11-05 07:42:07.275,In_Position_Upright,Standing_With_Movement,Doing_Dishes,Located_Indoors,Free_Living,
2021-11-05 07:42:23.275,2021-11-05 07:42:58.275,In_Position_Upright,Puttering_Around,HLB_Other,Located_Indoors,Free_Living,
2021-11-05 07:43:09.275,2021-11-05 08:00:14.275,Posture_Video_Unavailable/Indecipherable,PA_Type_Video_Unavailable/Indecipherable,HLB_Video_Unavailable/Indecipherable,CP_Video_Unavailable/Indecipherable,Free_Living,
2021-11-05 08:00:24.275,2021-11-05 08:00:54.275,In_Position_Upright,Standing_With_Movement,HLB_Other,Located_Indoors,Free_Living,
2021-11-05 08:00:55.275,2021-11-05 08:01:33.275,In_Position_Upright,Puttering_Around,HLB_Other,Located_Indoors,Free_Living,
2021-11-05 08:01:33.275,2021-11-05 08:01:44.275,In_Position_Upright,Puttering_Around,HLB_Other,Located_Indoors|Holding_Other_Object_Light,Free_Living,
2021-11-05 08:01:47.275,2021-11-05 08:19:43.287,In_Position_Sitting,Sitting_With_Movement,Using_Computer/Screen,Located_Indoors|Legs_Uncrossed,Free_Living,
2021-11-05 08:19:45.287,2021-11-05 08:23:06.287,In_Position_Sitting,Sitting_With_Movement,Using_Computer/Screen,Located_Indoors|Legs_Crossed,Free_Living,
2021-11-05 08:23:09.287,2021-11-05 08:23:20.287,In_Position_Upright,Puttering_Around,HLB_Other,Located_Indoors,Free_Living,
2021-11-05 08:23:22.287,2021-11-05 08:23:45.287,Posture_Video_Unavailable/Indecipherable,Putting_Clothes_Away,Doing_Laundry|Playing_With_Pets,Located_Indoors,Free_Living,
2021-11-05 08:23:48.287,2021-11-05 08:24:29.287,In_Position_Upright,Puttering_Around,Doing_Laundry,Located_Indoors,Free_Living,
2021-11-05 08:24:35.287,2021-11-05 08:53:58.287,In_Position_Sitting,Sitting_With_Movement,Meeting_Virtual|Using_Computer/Screen,Located_Indoors,Free_Living,
2021-11-05 08:53:59.287,2021-11-05 08:56:24.287,In_Position_Sitting,Sitting_With_Movement,Meeting_Virtual|Using_Computer/Screen,Located_Indoors|Typing_Computer,Free_Living,
2021-11-05 08:56:26.287,2021-11-05 09:07:29.287,In_Position_Sitting,Sitting_With_Movement,Meeting_Virtual|Using_Computer/Screen,Located_Indoors,Free_Living,
2021-11-05 09:10:09.287,2021-11-05 09:23:23.287,In_Position_Sitting,Sitting_With_Movement,Using_Computer/Screen,Located_Indoors,Free_Living,
2021-11-05 09:23:24.287,2021-11-05 09:24:12.287,In_Position_Sitting,Sitting_With_Movement,Using_Computer/Screen,Located_Indoors|On_Phone_Call,Free_Living,
2021-11-05 09:24:19.287,2021-11-05 09:24:34.287,In_Position_Upright,Walking,HLB_Other,Located_Indoors,Free_Living,
2021-11-05 09:24:38.287,2021-11-05 09:57:43.300,In_Position_Sitting,Sitting_With_Movement,,Located_Indoors|On_Phone_Call,Free_Living,
2021-11-05 09:59:16.300,2021-11-05 10:00:09.300,In_Position_Upright,Puttering_Around,Cooking/Prepping_Food,Located_Indoors,Free_Living,
2021-11-05 10:00:14.300,2021-11-05 10:16:14.300,In_Position_Sitting,Sitting_With_Movement,Using_Computer/Screen,Located_Indoors|Legs_Crossed,Free_Living,
2021-11-05 10:16:15.300,2021-11-05 10:23:02.300,In_Position_Sitting,Sitting_With_Movement,HLB_Video_Unavailable/Indecipherable|Using_Computer/Screen,Located_Indoors,Free_Living,
2021-11-05 10:23:02.300,2021-11-05 10:24:48.300,In_Position_Sitting,Sitting_With_Movement,Using_Computer/Screen,Located_Indoors,Free_Living,
2021-11-05 10:24:57.300,2021-11-05 10:25:25.300,In_Position_Upright,Puttering_Around,HLB_Other,Located_Indoors,Free_Living,
2021-11-05 10:25:29.300,2021-11-05 10:25:43.300,In_Position_Upright,Puttering_Around,Dressing/Undressing,Located_Indoors,Free_Living,
2021-11-05 10:25:44.300,2021-11-05 10:26:12.300,In_Position_Upright,Standing_With_Movement,Walking_Pet,Located_Indoors,Free_Living,
2021-11-05 10:26:14.300,2021-11-05 10:29:07.300,In_Position_Upright,Walking,Walking_Pet,Located_Outdoors,Free_Living,
2021-11-05 10:29:12.300,2021-11-05 10:29:41.300,In_Position_Upright,Puttering_Around,Dressing/Undressing,Located_Indoors,Free_Living,
2021-11-05 10:29:44.300,2021-11-05 10:30:10.300,In_Position_Upright,Washing_Hands,HLB_Other,Located_Indoors,Free_Living,
2021-11-05 10:30:11.300,2021-11-05 10:32:03.300,In_Position_Upright,Puttering_Around,Cooking/Prepping_Food,Located_Indoors,Free_Living,
2021-11-05 10:32:06.300,2021-11-05 11:01:30.312,In_Position_Sitting,Sitting_With_Movement,Using_Computer/Screen|Meeting_Virtual,Located_Indoors,Free_Living,
2021-11-05 11:01:32.312,2021-11-05 11:08:45.312,In_Position_Sitting,Sitting_With_Movement,Using_Computer/Screen,Located_Indoors,Free_Living,
2021-11-05 11:08:45.312,2021-11-05 11:10:36.312,In_Position_Sitting,Sitting_With_Movement,Using_Computer/Screen,Located_Indoors|Typing_Computer,Free_Living,
2021-11-05 11:10:36.312,2021-11-05 11:36:33.312,In_Position_Sitting,Sitting_With_Movement,Using_Computer/Screen,Located_Indoors,Free_Living,
2021-11-05 11:36:34.312,2021-11-05 11:37:09.312,In_Position_Upright,Puttering_Around,HLB_Other,Located_Indoors,Free_Living,
2021-11-05 11:37:20.312,2021-11-05 11:39:23.312,Posture_Video_Unavailable/Indecipherable,PA_Type_Video_Unavailable/Indecipherable,HLB_Video_Unavailable/Indecipherable,CP_Video_Unavailable/Indecipherable,Free_Living,
2021-11-05 11:39:34.312,2021-11-05 11:40:08.312,In_Position_Upright,Puttering_Around,,Located_Indoors,Free_Living,
2021-11-05 11:40:13.312,2021-11-05 11:43:58.312,In_Position_Sitting,Sitting_With_Movement,Using_Computer/Screen,Located_Indoors,Free_Living,
2021-11-05 11:44:01.312,2021-11-05 11:44:45.312,In_Position_Upright,Puttering_Around,Cooking/Prepping_Food,Located_Indoors,Free_Living,
2021-11-05 11:44:49.312,2021-11-05 11:50:23.312,In_Position_Sitting,Sitting_With_Movement,Using_Computer/Screen,Located_Indoors,Free_Living,
2021-11-05 11:50:27.312,2021-11-05 11:50:50.312,In_Position_Upright,Puttering_Around,Cooking/Prepping_Food,Located_Indoors,Free_Living,
2021-11-05 11:50:53.312,2021-11-05 11:54:41.312,In_Position_Sitting,Sitting_With_Movement,Eating/Dining|Using_Computer/Screen,Located_Indoors,Free_Living,
2021-11-05 11:54:41.312,2021-11-05 12:01:14.312,In_Position_Sitting,Sitting_With_Movement,Using_Computer/Screen,Located_Indoors,Free_Living,
2021-11-05 12:01:14.312,2021-11-05 12:54:00.325,In_Position_Sitting,Sitting_With_Movement,Using_Computer/Screen|Meeting_Virtual,Located_Indoors,Free_Living,
2021-11-05 12:54:00.325,2021-11-05 13:03:17.325,In_Position_Sitting,Sitting_With_Movement,Using_Computer/Screen,Located_Indoors,Free_Living,
2021-11-05 13:03:17.325,2021-11-05 13:27:47.337,In_Position_Sitting,Sitting_With_Movement,Meeting_Virtual,Located_Indoors,Free_Living,
2021-11-05 13:27:47.337,2021-11-05 13:35:13.337,In_Position_Sitting,Sitting_With_Movement,Using_Computer/Screen,Located_Indoors,Free_Living,
2021-11-05 13:35:13.337,2021-11-05 13:36:46.337,In_Position_Sitting,Sitting_With_Movement,Using_Computer/Screen,Located_Indoors|Typing_Computer,Free_Living,
2021-11-05 13:36:46.337,2021-11-05 13:41:13.337,In_Position_Sitting,Sitting_With_Movement,Using_Computer/Screen,Located_Indoors|Typing_Computer,Free_Living,
2021-11-05 13:41:13.337,2021-11-05 13:49:16.337,In_Position_Sitting,Sitting_With_Movement,Using_Computer/Screen,Located_Indoors|Typing_Computer,Free_Living,
2021-11-05 13:49:47.337,2021-11-05 13:50:27.337,In_Position_Upright,Puttering_Around,HLB_Other,Located_Indoors,Free_Living,
2021-11-05 13:50:31.337,2021-11-05 13:53:01.337,In_Position_Upright,Standing_With_Movement,HLB_Other,Located_Indoors|In_Conversation,Free_Living,
2021-11-05 13:54:46.337,2021-11-05 13:56:46.337,In_Position_Upright,Puttering_Around,HLB_Other,Located_Indoors,Free_Living,
2021-11-05 13:56:49.337,2021-11-05 14:08:48.337,In_Position_Sitting,Sitting_With_Movement,Using_Computer/Screen,Located_Indoors|Legs_Uncrossed,Free_Living,
2021-11-05 14:08:52.337,2021-11-05 14:09:05.337,In_Position_Upright,Walking,HLB_Other,Located_Indoors,Free_Living,
2021-11-05 14:09:07.337,2021-11-05 14:11:28.337,In_Position_Upright,Standing_With_Movement,HLB_Other,Located_Indoors|In_Conversation,Free_Living,
2021-11-05 14:11:29.337,2021-11-05 14:12:14.337,In_Position_Upright,Puttering_Around,Cooking/Prepping_Food,Located_Indoors,Free_Living,
2021-11-05 14:12:17.337,2021-11-05 14:15:37.337,In_Position_Kneeling,Kneeling_With_Movement,Playing_With_Pets,Located_Indoors,Free_Living,
2021-11-05 14:15:39.337,2021-11-05 14:15:56.337,In_Position_Upright,Puttering_Around,HLB_Other,Located_Indoors,Free_Living,
2021-11-05 14:16:00.337,2021-11-05 14:17:42.337,In_Position_Sitting,Sitting_With_Movement,Using_Computer/Screen,Located_Indoors,Free_Living,
2021-11-05 14:17:43.337,2021-11-05 14:21:27.337,In_Position_Sitting,Sitting_With_Movement,Using_Computer/Screen,Located_Indoors|Typing_Computer,Free_Living,
2021-11-05 14:21:27.337,2021-11-05 14:36:35.337,In_Position_Sitting,Sitting_With_Movement,Using_Computer/Screen,Located_Indoors,Free_Living,
2021-11-05 14:36:40.337,2021-11-05 14:36:48.337,In_Position_Upright,Standing_With_Movement,HLB_Other,Located_Indoors|Holding_Other_Object_Light,Free_Living,
2021-11-05 14:36:51.337,2021-11-05 14:37:09.337,In_Position_Upright,Puttering_Around,HLB_Other,Located_Indoors,Free_Living,
2021-11-05 14:37:10.337,2021-11-05 14:38:57.337,In_Position_Upright,Standing_With_Movement,Doing_Laundry,Located_Indoors,Free_Living,
2021-11-05 14:38:57.337,2021-11-05 14:39:16.337,In_Position_Upright,Puttering_Around,Doing_Laundry,Located_Indoors|Holding_Other_Object_Light,Free_Living,
2021-11-05 14:39:16.337,2021-11-05 14:40:44.350,In_Position_Upright,Folding_Clothes,Doing_Laundry,Located_Indoors,Free_Living,
2021-11-05 14:48:03.350,2021-11-05 14:49:05.350,In_Position_Upright,Puttering_Around,HLB_Other|Packing/Unpacking_Something,Located_Indoors,Free_Living,
2021-11-05 14:49:07.350,2021-11-05 14:49:26.350,In_Position_Sitting,Sitting_With_Movement,HLB_Other|Packing/Unpacking_Something,Located_Indoors,Free_Living,
2021-11-05 14:49:32.350,2021-11-05 14:50:03.350,In_Position_Upright,Standing_With_Movement,HLB_Other|Packing/Unpacking_Something,Located_Indoors,Free_Living,
2021-11-05 14:50:05.350,2021-11-05 14:55:38.350,In_Position_Upright,Puttering_Around,HLB_Other,Located_Indoors|Carrying_Bag_On_Shoulder/Back_Light,Free_Living,
2021-11-05 14:55:39.350,2021-11-05 14:56:21.350,In_Position_Upright,Washing_Hands,HLB_Other,Located_Indoors,Free_Living,
2021-11-05 14:56:24.350,2021-11-05 14:56:52.350,In_Position_Upright,Puttering_Around,Cleaning,Located_Indoors,Free_Living,
2021-11-05 14:56:56.350,2021-11-05 14:57:03.350,In_Position_Upright,Puttering_Around,Dressing/Undressing,Located_Indoors,Free_Living,
2021-11-05 14:57:04.350,2021-11-05 14:58:42.350,In_Position_Upright,Puttering_Around,HLB_Other,Located_Indoors,Free_Living,
2021-11-05 14:58:43.350,2021-11-05 14:59:53.350,In_Position_Upright,Puttering_Around,Eating/Dining,Located_Indoors,Free_Living,
2021-11-05 14:59:54.350,2021-11-05 15:03:13.350,In_Position_Upright,Puttering_Around,Eating/Dining|HLB_Other,Located_Indoors,Free_Living,
2021-11-05 15:03:16.350,2021-11-05 15:03:37.350,In_Position_Upright,Puttering_Around,HLB_Other,Located_Indoors,Free_Living,
2021-11-05 15:03:37.350,2021-11-05 15:04:37.350,In_Position_Upright,Brushing_Teeth,Grooming/Self_Care,Located_Indoors,Free_Living,
2021-11-05 15:04:38.350,2021-11-05 15:04:54.350,In_Position_Upright,Puttering_Around,HLB_Other,Located_Indoors,Free_Living,
2021-11-05 15:06:21.350,2021-11-05 15:10:43.350,In_Position_Upright,Puttering_Around,HLB_Other,Located_Indoors,Free_Living,
2021-11-05 15:11:00.350,2021-11-05 15:12:58.350,In_Position_Upright,Walking,Walking_Pet,Located_Outdoors|Holding_Other_Object_Light,Free_Living,
2021-11-05 15:12:58.350,2021-11-05 15:13:21.350,In_Position_Upright,Standing_With_Movement,Walking_Pet,Located_Outdoors|Holding_Other_Object_Light,Free_Living,
2021-11-05 15:13:21.350,2021-11-05 15:13:26.350,Posture_Video_Unavailable/Indecipherable,Standing_With_Movement,Walking_Pet,Located_Outdoors|Holding_Other_Object_Light,Free_Living,
2021-11-05 15:13:26.350,2021-11-05 15:15:30.350,In_Position_Upright,Walking,Walking_Pet,Located_Outdoors|Holding_Other_Object_Light,Free_Living,
2021-11-05 15:15:48.350,2021-11-05 15:16:03.350,In_Position_Upright,Puttering_Around,Walking_Pet,Holding_Other_Object_Light|Located_Indoors,Free_Living,
2021-11-05 15:16:04.350,2021-11-05 15:16:24.350,In_Position_Upright,Puttering_Around,HLB_Other,Holding_Other_Object_Light|Located_Indoors,Free_Living,
2021-11-05 15:16:24.350,2021-11-05 15:16:40.350,In_Position_Upright,Puttering_Around,HLB_Other,Located_Indoors,Free_Living,
2021-11-05 15:16:41.350,2021-11-05 15:17:00.350,In_Position_Upright,Washing_Hands,HLB_Other,Located_Indoors,Free_Living,
2021-11-05 15:17:04.350,2021-11-05 15:17:41.350,In_Position_Upright,Standing_With_Movement,HLB_Other,Located_Indoors|Texting/Browsing_Phone,Free_Living,
2021-11-05 15:17:43.350,2021-11-05 15:18:38.350,In_Position_Upright,Puttering_Around,HLB_Other,Located_Indoors,Free_Living,
2021-11-05 15:18:38.350,2021-11-05 15:19:18.350,In_Position_Upright,Standing_With_Movement,Packing/Unpacking_Something,Located_Indoors,Free_Living,
2021-11-05 15:19:19.350,2021-11-05 15:20:54.350,In_Position_Upright,Puttering_Around,HLB_Other,Located_Indoors|Carrying_Bag_On_Shoulder/Back_Light,Free_Living,
2021-11-05 15:20:54.350,2021-11-05 15:21:48.350,In_Position_Upright,Standing_With_Movement,Grooming/Self_Care,Located_Indoors|Carrying_Bag_On_Shoulder/Back_Light,Free_Living,
2021-11-05 15:21:50.350,2021-11-05 15:22:14.350,In_Position_Upright,Walking,In_Transit_Active,Located_Indoors|Carrying_Bag_On_Shoulder/Back_Light,Free_Living,
2021-11-05 15:22:16.350,2021-11-05 15:22:47.350,In_Position_Upright,Walking,In_Transit_Active,Located_Outdoors|Carrying_Bag_On_Shoulder/Back_Light,Free_Living,
2021-11-05 15:23:00.350,2021-11-05 15:34:54.350,In_Position_Sitting,Sitting_With_Movement,In_Transit_Driving_Car,Located_Outdoors,Free_Living,
2021-11-05 15:34:57.350,2021-11-05 15:35:14.350,In_Position_Upright,Puttering_Around,In_Transit_Active,Located_Outdoors,Free_Living,
2021-11-05 15:35:15.350,2021-11-05 15:35:42.350,Posture_Other,PA_Type_Other,In_Transit_Active|Packing/Unpacking_Something,Located_Outdoors,Free_Living,
2021-11-05 15:35:43.350,2021-11-05 15:38:00.350,In_Position_Upright,Walking,In_Transit_Active,Located_Outdoors|Carrying_Bag_On_Shoulder/Back_Light,Free_Living,
2021-11-05 15:38:00.350,2021-11-05 15:38:30.350,In_Position_Upright,Standing_With_Movement,In_Transit_Active,Located_Outdoors|Carrying_Bag_On_Shoulder/Back_Light,Free_Living,
2021-11-05 15:38:30.350,2021-11-05 15:40:24.350,In_Position_Upright,Walking,In_Transit_Active,Located_Outdoors|Carrying_Bag_On_Shoulder/Back_Light,Free_Living,
2021-11-05 15:40:24.350,2021-11-05 15:40:32.350,In_Position_Upright,Walking_Up_Stairs,In_Transit_Active,Located_Outdoors|Carrying_Bag_On_Shoulder/Back_Light,Free_Living,
2021-11-05 15:40:32.350,2021-11-05 15:40:50.350,In_Position_Upright,Walking,In_Transit_Active,Located_Outdoors|Carrying_Bag_On_Shoulder/Back_Light,Free_Living,
2021-11-05 15:40:50.350,2021-11-05 15:41:08.350,In_Position_Upright,Walking,In_Transit_Active,Located_Outdoors|Carrying_Bag_On_Shoulder/Back_Light,Free_Living,
2021-11-05 15:41:09.350,2021-11-05 15:41:31.350,In_Position_Upright,Walking,In_Transit_Active,Carrying_Bag_On_Shoulder/Back_Light|Located_Indoors,Free_Living,
2021-11-05 15:41:31.350,2021-11-05 15:41:47.350,In_Position_Upright,Puttering_Around,In_Transit_Active,Carrying_Bag_On_Shoulder/Back_Light|Located_Indoors,Free_Living,
2021-11-05 15:41:47.350,2021-11-05 15:42:13.350,In_Position_Upright,Puttering_Around,In_Transit_Active|Riding_Elevator_Up,Carrying_Bag_On_Shoulder/Back_Light|Located_Indoors,Free_Living,
2021-11-05 15:42:13.350,2021-11-05 15:42:45.350,In_Position_Upright,Puttering_Around,In_Transit_Active,Carrying_Bag_On_Shoulder/Back_Light|Located_Indoors,Free_Living,
2021-11-05 15:44:59.350,2021-11-05 22:11:21.412,Posture_Video_Unavailable/Indecipherable,PA_Type_Video_Unavailable/Indecipherable,HLB_Video_Unavailable/Indecipherable,,Free_Living,
2021-11-05 22:11:25.412,2021-11-05 22:11:30.412,In_Position_Upright,Standing_With_Movement,,Carrying_Bag_On_Shoulder/Back_Light|Located_Indoors,Free_Living,
2021-11-05 22:11:31.412,2021-11-05 22:11:44.412,In_Position_Upright,Walking,,Carrying_Bag_On_Shoulder/Back_Light|Located_Indoors,Free_Living,
2021-11-05 22:11:44.412,2021-11-05 22:12:05.412,In_Position_Upright,Standing_With_Movement,,Carrying_Bag_On_Shoulder/Back_Light|Located_Indoors,Free_Living,
2021-11-05 22:12:06.412,2021-11-05 22:12:36.412,In_Position_Upright,Walking,,Carrying_Bag_On_Shoulder/Back_Light|Located_Indoors,Free_Living,
2021-11-05 22:12:37.412,2021-11-05 22:12:58.412,In_Position_Upright,Standing_With_Movement,Riding_Elevator_Down,Carrying_Bag_On_Shoulder/Back_Light|Located_Indoors,Free_Living,
2021-11-05 22:12:58.412,2021-11-05 22:13:16.412,In_Position_Upright,Walking,In_Transit_Active,Carrying_Bag_On_Shoulder/Back_Light|Located_Indoors,Free_Living,
2021-11-05 22:13:17.412,2021-11-05 22:18:01.425,In_Position_Upright,Walking,In_Transit_Active,Carrying_Bag_On_Shoulder/Back_Light|Located_Outdoors,Free_Living,
2021-11-05 22:18:02.425,2021-11-05 22:18:16.425,In_Position_Sitting,Sitting_With_Movement,In_Transit_Driving_Car,Located_Outdoors,Free_Living,
2021-11-05 22:18:17.425,2021-11-05 22:18:37.425,Posture_Video_Unavailable/Indecipherable,PA_Type_Video_Unavailable/Indecipherable,HLB_Video_Unavailable/Indecipherable,Located_Outdoors,Free_Living,
2021-11-05 22:18:37.425,2021-11-05 22:24:13.425,In_Position_Sitting,Sitting_With_Movement,In_Transit_Driving_Car,Located_Outdoors,Free_Living,
2021-11-05 22:24:18.425,2021-11-05 22:28:28.425,In_Position_Sitting,Sitting_With_Movement,In_Transit_Driving_Car,Located_Outdoors,Free_Living,
2021-11-05 22:28:49.425,2021-11-05 22:29:18.425,In_Position_Upright,Walking,In_Transit_Active,Located_Outdoors,Free_Living,
2021-11-05 22:29:22.425,2021-11-05 22:29:37.425,In_Position_Upright,Walking,In_Transit_Active,Located_Indoors,Free_Living,
2021-11-05 22:29:37.425,2021-11-05 22:29:51.425,In_Position_Upright,Puttering_Around,HLB_Other,Located_Indoors,Free_Living,
2021-11-05 22:29:58.425,2021-11-05 22:30:05.425,In_Position_Upright,Puttering_Around,Walking_Pet,Located_Indoors,Free_Living,
2021-11-05 22:30:05.425,2021-11-05 22:31:51.425,In_Position_Upright,Puttering_Around,Walking_Pet,Located_Indoors|Holding_Other_Object_Light,Free_Living,
2021-11-05 22:31:55.425,2021-11-05 22:36:13.425,In_Position_Upright,Puttering_Around,Walking_Pet,Holding_Other_Object_Light|Located_Outdoors,Free_Living,
2021-11-05 22:36:17.425,2021-11-05 22:36:55.425,In_Position_Upright,Puttering_Around,Walking_Pet,Holding_Other_Object_Light|Located_Indoors,Free_Living,
2021-11-05 22:36:55.425,2021-11-05 22:37:28.425,In_Position_Upright,Puttering_Around,HLB_Other,Holding_Other_Object_Light|Located_Indoors,Free_Living,
2021-11-05 22:37:28.425,2021-11-05 22:38:17.425,In_Position_Upright,Puttering_Around,HLB_Other,Located_Indoors,Free_Living,
2021-11-05 22:38:17.425,2021-11-05 22:38:51.425,In_Position_Upright,Washing_Hands,HLB_Other,Located_Indoors,Free_Living,
2021-11-05 22:38:51.425,2021-11-05 22:39:20.425,In_Position_Upright,Puttering_Around,HLB_Other,Located_Indoors,Free_Living,
2021-11-05 22:39:21.425,2021-11-05 22:39:43.425,In_Position_Upright,Standing_With_Movement,Packing/Unpacking_Something,Located_Indoors,Free_Living,
2021-11-05 22:39:43.425,2021-11-05 22:40:48.425,In_Position_Upright,Standing_With_Movement,HLB_Other,Located_Indoors|Texting/Browsing_Phone,Free_Living,
2021-11-05 22:40:48.425,2021-11-05 22:41:04.425,In_Position_Upright,Puttering_Around,HLB_Other,Located_Indoors,Free_Living,
2021-11-05 22:41:04.425,2021-11-05 22:41:28.425,In_Position_Upright,Puttering_Around,Eating/Dining,Located_Indoors|Holding_Solid_Food,Free_Living,
2021-11-05 22:41:28.425,2021-11-05 22:42:32.425,In_Position_Upright,Puttering_Around,Cooking/Prepping_Food,Located_Indoors,Free_Living,
2021-11-05 22:42:32.425,2021-11-05 22:42:40.425,In_Position_Upright,Puttering_Around,Eating/Dining,Located_Indoors|Holding_Drink,Free_Living,
2021-11-05 22:42:41.425,2021-11-05 22:43:04.425,In_Position_Upright,Standing_With_Movement,HLB_Other,Located_Indoors,Free_Living,
2021-11-05 22:43:06.425,2021-11-05 22:44:23.425,In_Position_Sitting,Sitting_With_Movement,HLB_Video_Unavailable/Indecipherable,Located_Indoors,Free_Living,
2021-11-05 22:44:33.425,2021-11-05 22:47:55.425,In_Position_Sitting,Sitting_With_Movement,Watching_TV/Movies,Located_Indoors,Free_Living,
2021-11-05 22:47:57.425,2021-11-05 22:48:25.425,In_Position_Upright,Puttering_Around,HLB_Other,Located_Indoors,Free_Living,
2021-11-05 22:48:27.425,2021-11-05 22:54:04.425,In_Position_Sitting,Sitting_With_Movement,HLB_Other,Located_Indoors,Free_Living,
2021-11-05 22:54:08.425,2021-11-05 22:55:11.425,In_Position_Upright,Puttering_Around,HLB_Other,Located_Indoors,Free_Living,
2021-11-05 22:56:26.425,2021-11-05 22:57:51.425,In_Position_Upright,Puttering_Around,Cooking/Prepping_Food,Located_Indoors,Free_Living,
2021-11-05 22:57:53.425,2021-11-05 23:04:48.425,In_Position_Sitting,Sitting_With_Movement,Eating/Dining|Watching_TV/Movies,Located_Indoors,Free_Living,
2021-11-05 23:04:51.425,2021-11-05 23:05:12.425,In_Position_Upright,Standing_With_Movement,Eating/Dining|Watching_TV/Movies,Located_Indoors,Free_Living,
2021-11-05 23:05:16.425,2021-11-05 23:12:02.425,In_Position_Sitting,Sitting_With_Movement,Eating/Dining|Watching_TV/Movies,Located_Indoors,Free_Living,
2021-11-05 23:12:06.425,2021-11-05 23:12:42.425,In_Position_Upright,Puttering_Around,HLB_Other,Located_Indoors,Free_Living,
2021-11-05 23:12:47.425,2021-11-05 23:17:08.425,In_Position_Sitting,Sitting_With_Movement,Watching_TV/Movies,Located_Indoors,Free_Living,
2021-11-05 23:17:14.425,2021-11-05 23:19:04.425,In_Position_Upright,Standing_With_Movement,Using_Computer/Screen,Located_Indoors,Free_Living,
2021-11-05 23:19:13.425,2021-11-05 23:26:04.425,Lying_On_Right_Side,Lying_Still,Watching_TV/Movies,Located_Indoors,Free_Living,
2021-11-05 23:26:08.425,2021-11-05 23:26:37.425,In_Position_Upright,Standing_With_Movement,Watching_TV/Movies,Located_Indoors,Free_Living,
2021-11-05 23:26:39.425,2021-11-05 23:29:30.425,In_Position_Upright,Puttering_Around,HLB_Other,Located_Indoors,Free_Living,
2021-11-05 23:29:31.425,2021-11-05 23:32:30.425,In_Position_Upright,Puttering_Around,Cooking/Prepping_Food|Cleaning,Located_Indoors,Free_Living,
2021-11-05 23:32:31.425,2021-11-05 23:32:40.425,In_Position_Upright,Washing_Hands,Cooking/Prepping_Food|Cleaning,Located_Indoors,Free_Living,
2021-11-05 23:33:58.437,2021-11-05 23:53:21.437,In_Position_Sitting,Sitting_With_Movement,Using_Computer/Screen|Meeting_Virtual,Located_Indoors,Free_Living,
2021-11-05 23:58:20.437,2021-11-05 23:58:44.437,In_Position_Upright,Synchronizing_Sensors,HLB_Other,Located_Indoors,Free_Living,
2021-11-06 08:21:31.450,2021-11-06 08:21:49.450,In_Position_Upright,Puttering_Around,HLB_Other,Located_Indoors,Free_Living,
2021-11-06 08:21:49.450,2021-11-06 08:22:41.450,In_Position_Upright,Puttering_Around,HLB_Other,Located_Indoors,Free_Living,
2021-11-06 08:22:41.450,2021-11-06 08:22:54.450,In_Position_Upright,Puttering_Around,Walking_Pet,Located_Indoors,Free_Living,
2021-11-06 08:22:56.450,2021-11-06 08:23:05.450,In_Position_Kneeling,Kneeling_With_Movement,Walking_Pet,Located_Indoors,Free_Living,
2021-11-06 08:23:07.450,2021-11-06 08:23:39.450,In_Position_Upright,Puttering_Around,Walking_Pet,Located_Indoors,Free_Living,
2021-11-06 08:23:41.450,2021-11-06 08:27:41.450,In_Position_Upright,Walking,Walking_Pet,Located_Outdoors|Holding_Other_Object_Light,Free_Living,
2021-11-06 08:27:43.450,2021-11-06 08:28:10.450,In_Position_Upright,Standing_With_Movement,Walking_Pet,Located_Outdoors|Holding_Other_Object_Light,Free_Living,
2021-11-06 08:28:12.450,2021-11-06 08:29:28.450,In_Position_Upright,Walking,Walking_Pet,Located_Outdoors|Holding_Other_Object_Light,Free_Living,
2021-11-06 08:29:29.450,2021-11-06 08:30:11.437,In_Position_Upright,Puttering_Around,Walking_Pet,Holding_Other_Object_Light|Located_Indoors,Free_Living,
2021-11-06 08:30:11.437,2021-11-06 08:30:41.437,In_Position_Upright,Puttering_Around,HLB_Other,Holding_Other_Object_Light|Located_Indoors,Free_Living,
2021-11-06 08:30:41.437,2021-11-06 08:30:56.437,In_Position_Upright,Puttering_Around,HLB_Other,Located_Indoors,Free_Living,
2021-11-06 08:30:57.437,2021-11-06 08:31:29.437,In_Position_Upright,Washing_Hands,HLB_Other,Located_Indoors,Free_Living,
2021-11-06 08:31:30.437,2021-11-06 08:31:45.437,In_Position_Upright,Puttering_Around,,Located_Indoors,Free_Living,
2021-11-06 08:31:45.437,2021-11-06 08:31:54.437,In_Position_Upright,Standing_With_Movement,Dressing/Undressing,Located_Indoors,Free_Living,
2021-11-06 08:31:55.437,2021-11-06 08:32:29.437,In_Position_Upright,Puttering_Around,,Located_Indoors,Free_Living,
2021-11-06 08:32:29.437,2021-11-06 08:33:21.437,In_Position_Upright,Puttering_Around,Cooking/Prepping_Food,Located_Indoors,Free_Living,
2021-11-06 08:33:35.437,2021-11-06 08:36:12.437,In_Position_Upright,Puttering_Around,Doing_Common_Housework_Light,Located_Indoors,Free_Living,
2021-11-06 08:36:12.437,2021-11-06 08:37:03.437,In_Position_Upright,Standing_With_Movement,,Located_Indoors,Free_Living,
2021-11-06 08:37:03.437,2021-11-06 08:38:23.437,In_Position_Upright,Standing_With_Movement,Cooking/Prepping_Food,Located_Indoors,Free_Living,
2021-11-06 08:38:26.437,2021-11-06 08:40:14.425,In_Position_Upright,Standing_With_Movement,Doing_Dishes,Located_Indoors,Free_Living,
2021-11-06 08:40:28.425,2021-11-06 08:40:43.425,In_Position_Upright,Standing_With_Movement,Cooking/Prepping_Food,Located_Indoors,Free_Living,
2021-11-06 08:40:44.425,2021-11-06 08:41:26.425,In_Position_Upright,Puttering_Around,Cooking/Prepping_Food,Located_Indoors,Free_Living,
2021-11-06 08:41:29.425,2021-11-06 08:43:17.425,In_Position_Upright,Standing_With_Movement,Eating/Dining,Located_Indoors|Holding_Other_Object_Light,Free_Living,
2021-11-06 08:43:20.425,2021-11-06 08:43:44.425,In_Position_Upright,Standing_With_Movement,Doing_Common_Housework_Light,Located_Indoors,Free_Living,
2021-11-06 08:43:46.425,2021-11-06 08:43:59.425,In_Position_Upright,Puttering_Around,Doing_Common_Housework_Light,Located_Indoors|Holding_Other_Object_Light,Free_Living,
2021-11-06 08:44:02.425,2021-11-06 08:45:20.425,In_Position_Upright,Standing_With_Movement,Doing_Common_Housework_Light,Located_Indoors|Texting/Browsing_Phone,Free_Living,
2021-11-06 08:45:23.425,2021-11-06 08:45:33.425,In_Position_Upright,Puttering_Around,HLB_Other,Located_Indoors|Texting/Browsing_Phone|Holding_Drink,Free_Living,
2021-11-06 08:45:43.425,2021-11-06 08:46:47.425,In_Position_Sitting,Sitting_With_Movement,HLB_Other,Located_Indoors|Texting/Browsing_Phone,Free_Living,
2021-11-06 08:46:58.425,2021-11-06 08:48:28.425,In_Position_Sitting,Sitting_With_Movement,Using_Computer/Screen,Located_Indoors|Legs_Uncrossed,Free_Living,
2021-11-06 08:48:28.425,2021-11-06 08:53:36.412,In_Position_Sitting,Sitting_With_Movement,Using_Computer/Screen,Located_Indoors|Legs_Uncrossed|Typing_Computer,Free_Living,
2021-11-06 08:53:55.412,2021-11-06 08:55:19.412,In_Position_Sitting,Sitting_With_Movement,Using_Computer/Screen,Located_Indoors|Legs_Uncrossed,Free_Living,
2021-11-06 08:55:20.412,2021-11-06 08:57:46.412,In_Position_Sitting,Sitting_With_Movement,Using_Computer/Screen,Located_Indoors|Legs_Uncrossed|Typing_Computer,Free_Living,
2021-11-06 08:57:47.412,2021-11-06 09:00:27.400,In_Position_Sitting,Sitting_With_Movement,Using_Computer/Screen,Located_Indoors|Legs_Uncrossed,Free_Living,
2021-11-06 09:00:49.400,2021-11-06 09:20:24.375,In_Position_Sitting,Sitting_With_Movement,Using_Computer/Screen,Located_Indoors|Legs_Uncrossed,Free_Living,
2021-11-06 09:20:29.375,2021-11-06 09:20:53.375,In_Position_Sitting,Sitting_With_Movement,Using_Computer/Screen|Playing_With_Pets,Located_Indoors,Free_Living,
2021-11-06 09:20:55.375,2021-11-06 09:21:22.375,In_Position_Upright,Puttering_Around,,Located_Indoors,Free_Living,
2021-11-06 09:21:23.375,2021-11-06 09:22:00.375,In_Position_Upright,Puttering_Around,Cooking/Prepping_Food,Located_Indoors,Free_Living,
2021-11-06 09:22:18.375,2021-11-06 09:24:02.375,In_Position_Upright,Standing_With_Movement,Cooking/Prepping_Food,Located_Indoors|Holding_Other_Object_Light|Texting/Browsing_Phone,Free_Living,
2021-11-06 09:24:07.375,2021-11-06 09:24:47.375,In_Position_Upright,Standing_With_Movement,,Texting/Browsing_Phone,Free_Living,
2021-11-06 09:24:51.375,2021-11-06 09:25:46.375,In_Position_Upright,Standing_With_Movement,HLB_Other,Located_Indoors|Holding_Other_Object_Light|Texting/Browsing_Phone,Free_Living,
2021-11-06 09:26:01.375,2021-11-06 09:31:35.362,In_Position_Upright,Putting_Clothes_Away,Doing_Laundry,Located_Indoors,Free_Living,
2021-11-06 09:31:37.362,2021-11-06 09:31:48.362,In_Position_Upright,Walking,,Located_Indoors,Free_Living,
2021-11-06 09:31:49.362,2021-11-06 09:31:58.362,In_Position_Upright,Standing_With_Movement,,Located_Indoors,Free_Living,
2021-11-06 09:31:58.362,2021-11-06 09:32:07.362,In_Position_Upright,Puttering_Around,,Located_Indoors,Free_Living,
2021-11-06 09:32:09.362,2021-11-06 09:32:45.362,In_Position_Upright,Standing_With_Movement,Cooking/Prepping_Food,Located_Indoors,Free_Living,
2021-11-06 09:32:48.362,2021-11-06 09:33:05.362,In_Position_Upright,Puttering_Around,Doing_Laundry|HLB_Other,Located_Indoors|Holding_Drink,Free_Living,
2021-11-06 09:33:07.362,2021-11-06 09:34:13.362,In_Position_Upright,Putting_Clothes_Away,Doing_Laundry,Located_Indoors,Free_Living,
2021-11-06 09:34:13.362,2021-11-06 09:34:25.362,In_Position_Upright,Puttering_Around,HLB_Other,Located_Indoors|Holding_Drink|Holding_Other_Object_Light,Free_Living,
2021-11-06 09:34:35.362,2021-11-06 09:41:10.350,In_Position_Upright,Puttering_Around,Doing_Common_Housework_Light,Located_Indoors,Free_Living,
2021-11-06 09:41:12.350,2021-11-06 09:41:38.350,In_Position_Upright,Puttering_Around,Doing_Laundry,Located_Indoors|Holding_Other_Object_Heavy,Free_Living,
2021-11-06 09:41:38.350,2021-11-06 09:42:46.350,In_Position_Upright,Loading/Unloading_Washing_Machine/Dryer,Doing_Laundry,Located_Indoors,Free_Living,
2021-11-06 09:42:48.350,2021-11-06 09:42:52.350,In_Position_Upright,Walking,Doing_Common_Housework,Located_Indoors,Free_Living,
2021-11-06 09:42:53.350,2021-11-06 09:43:00.350,In_Position_Upright,Walking_Up_Stairs,Doing_Common_Housework,Located_Indoors,Free_Living,
2021-11-06 09:43:07.350,2021-11-06 09:43:16.350,In_Position_Upright,Walking_Down_Stairs,,Located_Indoors,Free_Living,
2021-11-06 09:43:20.350,2021-11-06 09:43:57.350,In_Position_Upright,Standing_With_Movement,HLB_Video_Unavailable/Indecipherable,Located_Indoors,Free_Living,
2021-11-06 09:43:58.350,2021-11-06 09:44:16.350,In_Position_Upright,Standing_With_Movement,HLB_Video_Unavailable/Indecipherable,Located_Indoors,Free_Living,
2021-11-06 09:44:17.350,2021-11-06 09:44:20.350,In_Position_Upright,Walking,,Located_Indoors,Free_Living,
2021-11-06 09:44:20.350,2021-11-06 09:44:27.350,In_Position_Upright,Walking_Up_Stairs,,Located_Indoors,Free_Living,
2021-11-06 09:44:42.350,2021-11-06 09:44:53.350,In_Position_Upright,Washing_Hands,HLB_Other,Located_Indoors,Free_Living,
2021-11-06 09:44:56.350,2021-11-06 09:45:27.350,In_Position_Upright,Puttering_Around,,Located_Indoors,Free_Living,
2021-11-06 09:45:29.350,2021-11-06 09:46:35.337,In_Position_Upright,Standing_With_Movement,HLB_Other,Located_Indoors|Texting/Browsing_Phone,Free_Living,
2021-11-06 09:46:36.337,2021-11-06 09:47:10.337,In_Position_Upright,Puttering_Around,,Located_Indoors,Free_Living,
2021-11-06 09:47:10.337,2021-11-06 09:47:27.337,In_Position_Upright,Standing_With_Movement,Packing/Unpacking_Something,Located_Indoors,Free_Living,
2021-11-06 09:47:44.337,2021-11-06 09:56:17.325,In_Position_Upright,Puttering_Around,Doing_Common_Housework_Light,Located_Indoors,Free_Living,
2021-11-06 09:56:33.325,2021-11-06 09:57:44.325,In_Position_Sitting,Sitting_With_Movement,Packing/Unpacking_Something,Located_Indoors,Free_Living,
2021-11-06 09:57:47.325,2021-11-06 09:57:58.325,In_Position_Upright,Walking,,Located_Indoors,Free_Living,
2021-11-06 09:58:00.325,2021-11-06 09:58:42.325,In_Position_Upright,Standing_With_Movement,Cooking/Prepping_Food,Located_Indoors,Free_Living,
2021-11-06 09:58:44.325,2021-11-06 10:02:32.325,In_Position_Upright,Puttering_Around,Cooking/Prepping_Food,Located_Indoors,Free_Living,
2021-11-06 10:02:37.325,2021-11-06 10:03:23.325,In_Position_Sitting,Sitting_With_Movement,HLB_Other,Located_Indoors|Texting/Browsing_Phone|Legs_Crossed,Free_Living,
2021-11-06 10:03:23.325,2021-11-06 10:04:55.325,In_Position_Sitting,Sitting_With_Movement,HLB_Other,Located_Indoors|Legs_Crossed,Free_Living,
2021-11-06 10:04:56.325,2021-11-06 10:20:12.300,In_Position_Sitting,Sitting_With_Movement,Relaxing_Passive,Located_Indoors|Legs_Crossed,Free_Living,
2021-11-06 10:20:26.300,2021-11-06 10:26:46.287,In_Position_Reclining/Slouching,Sitting_With_Movement,Relaxing_Passive,Located_Indoors,Free_Living,
2021-11-06 10:26:57.287,2021-11-06 10:27:33.287,In_Position_Upright,Standing_With_Movement,,Located_Indoors,Free_Living,
2021-11-06 10:27:35.287,2021-11-06 10:27:56.287,In_Position_Upright,Puttering_Around,,Located_Indoors,Free_Living,
2021-11-06 10:27:58.287,2021-11-06 10:28:19.287,In_Position_Upright,Standing_With_Movement,Packing/Unpacking_Something,Located_Indoors,Free_Living,
2021-11-06 10:28:22.287,2021-11-06 10:28:50.287,In_Position_Upright,Puttering_Around,,Located_Indoors,Free_Living,
2021-11-06 10:28:52.287,2021-11-06 10:29:28.287,In_Position_Upright,Standing_With_Movement,HLB_Other,Located_Indoors|Holding_Other_Object_Light,Free_Living,
2021-11-06 10:29:31.287,2021-11-06 10:29:39.287,In_Position_Upright,Walking,,Located_Indoors,Free_Living,
2021-11-06 10:29:40.287,2021-11-06 10:30:01.287,In_Position_Upright,Standing_With_Movement,Packing/Unpacking_Something,Located_Indoors,Free_Living,
2021-11-06 10:30:02.287,2021-11-06 10:30:10.287,In_Position_Upright,Walking,Packing/Unpacking_Something,Located_Indoors,Free_Living,
2021-11-06 10:30:11.287,2021-11-06 10:32:06.287,In_Position_Upright,Standing_With_Movement,Packing/Unpacking_Something,Located_Indoors,Free_Living,
2021-11-06 10:32:09.287,2021-11-06 10:32:51.287,In_Position_Upright,Puttering_Around,Doing_Common_Housework_Light,Located_Indoors,Free_Living,
2021-11-06 10:32:52.287,2021-11-06 10:32:59.287,Posture_Other,PA_Type_Other,Doing_Common_Housework_Light|Cleaning,Located_Indoors,Free_Living,
2021-11-06 10:33:05.287,2021-11-06 10:33:14.287,In_Position_Upright,Walking,,Located_Indoors,Free_Living,
2021-11-06 10:33:21.287,2021-11-06 10:33:53.275,Posture_Other,Standing_With_Movement,,Located_Indoors|Handwriting,Free_Living,
2021-11-06 10:33:54.275,2021-11-06 10:34:16.275,In_Position_Upright,Puttering_Around,,Located_Indoors,Free_Living,
2021-11-06 10:34:18.275,2021-11-06 10:34:50.275,In_Position_Upright,Puttering_Around,Doing_Common_Housework_Light,Located_Indoors,Free_Living,
2021-11-06 10:34:51.275,2021-11-06 10:35:34.275,In_Position_Upright,Puttering_Around,,Located_Indoors,Free_Living,
2021-11-06 10:35:37.275,2021-11-06 10:36:03.275,In_Position_Upright,Folding_Clothes,Doing_Laundry,Located_Indoors,Free_Living,
2021-11-06 10:36:17.275,2021-11-06 10:38:56.275,Posture_Video_Unavailable/Indecipherable,PA_Type_Video_Unavailable/Indecipherable,HLB_Video_Unavailable/Indecipherable,,Free_Living,
2021-11-06 10:38:56.275,2021-11-06 10:40:16.275,In_Position_Upright,Loading/Unloading_Washing_Machine/Dryer,Doing_Laundry,Located_Indoors,Free_Living,
2021-11-06 10:40:34.275,2021-11-06 10:41:07.275,In_Position_Upright,Washing_Hands,HLB_Other,Located_Indoors,Free_Living,
2021-11-06 10:41:09.275,2021-11-06 10:41:18.275,In_Position_Upright,Standing_With_Movement,Cleaning,Located_Indoors,Free_Living,
2021-11-06 10:41:19.275,2021-11-06 10:41:37.275,In_Position_Upright,Puttering_Around,Cleaning,Located_Indoors,Free_Living,
2021-11-06 10:41:37.275,2021-11-06 10:41:58.275,In_Position_Upright,Standing_With_Movement,,Located_Indoors,Free_Living,
2021-11-06 10:42:01.275,2021-11-06 10:44:45.262,In_Position_Upright,Puttering_Around,Doing_Common_Housework,Located_Indoors,Free_Living,
2021-11-06 10:44:49.262,2021-11-06 10:46:40.262,In_Position_Upright,Standing_With_Movement,HLB_Other,Located_Indoors|Handwriting,Free_Living,
2021-11-06 10:46:42.262,2021-11-06 10:48:03.262,In_Position_Upright,Puttering_Around,Cooking/Prepping_Food,Located_Indoors,Free_Living,
2021-11-06 10:48:05.262,2021-11-06 11:00:00.250,In_Position_Upright,Puttering_Around,Doing_Common_Housework_Light,Located_Indoors,Free_Living,
2021-11-06 11:00:02.250,2021-11-06 11:02:07.237,In_Position_Upright,Puttering_Around,Doing_Common_Housework,Located_Indoors,Free_Living,
2021-11-06 11:02:12.237,2021-11-06 11:03:55.237,In_Position_Upright,Puttering_Around,Doing_Common_Housework_Light|Cleaning,Located_Indoors,Free_Living,
2021-11-06 11:03:55.237,2021-11-06 11:04:15.237,In_Position_Upright,Puttering_Around,Doing_Common_Housework_Light|Cleaning,Located_Indoors|Holding_Other_Object_Light,Free_Living,
2021-11-06 11:04:15.237,2021-11-06 11:07:44.237,In_Position_Upright,Sweeping,Doing_Common_Housework_Light|Cleaning,Located_Indoors|Holding_Other_Object_Light,Free_Living,
2021-11-06 11:07:45.237,2021-11-06 11:08:07.237,In_Position_Upright,Standing_Still,,Located_Indoors,Free_Living,
2021-11-06 11:08:13.237,2021-11-06 11:12:11.225,In_Position_Upright,Sweeping,Doing_Common_Housework_Light|Cleaning,Located_Indoors|Holding_Other_Object_Light,Free_Living,
2021-11-06 11:12:24.225,2021-11-06 11:13:24.225,In_Position_Upright,Puttering_Around,Doing_Common_Housework_Light|Cleaning,Located_Indoors,Free_Living,
2021-11-06 11:13:37.225,2021-11-06 11:16:59.225,In_Position_Upright,Puttering_Around,Doing_Common_Housework_Light|Cleaning|Doing_Dishes,Located_Indoors,Free_Living,
2021-11-06 11:17:00.225,2021-11-06 11:18:23.225,In_Position_Upright,Puttering_Around,,Located_Indoors,Free_Living,
2021-11-06 11:18:25.225,2021-11-06 11:18:32.225,In_Position_Upright,Walking,,Located_Indoors|Holding_Other_Object_Light,Free_Living,
2021-11-06 11:18:33.225,2021-11-06 11:18:38.225,In_Position_Upright,Walking_Down_Stairs,,Located_Indoors|Holding_Other_Object_Light,Free_Living,
2021-11-06 11:18:39.225,2021-11-06 11:19:23.225,In_Position_Upright,Puttering_Around,,Located_Indoors|Holding_Other_Object_Light,Free_Living,
2021-11-06 11:19:24.225,2021-11-06 11:19:31.225,In_Position_Upright,Walking_Up_Stairs,,Located_Indoors|Holding_Other_Object_Light,Free_Living,
2021-11-06 11:19:33.225,2021-11-06 11:19:49.225,In_Position_Upright,Puttering_Around,,,Free_Living,
2021-11-06 11:19:50.225,2021-11-06 11:20:11.225,In_Position_Kneeling,Kneeling_With_Movement,Doing_Home_Repair_Light,,Free_Living,
2021-11-06 11:20:29.225,2021-11-06 11:37:44.200,In_Position_Upright,Vacuuming,Doing_Common_Housework_Light|Cleaning,Located_Indoors,Free_Living,
2021-11-06 11:37:56.200,2021-11-06 11:38:11.200,In_Position_Upright,Puttering_Around,Doing_Home_Repair_Light,,Free_Living,
2021-11-06 11:38:12.200,2021-11-06 11:38:45.200,In_Position_Upright,Puttering_Around,,,Free_Living,
2021-11-06 11:38:46.200,2021-11-06 11:38:53.200,In_Position_Upright,Walking_Down_Stairs,,,Free_Living,
2021-11-06 11:38:54.200,2021-11-06 11:40:04.200,In_Position_Upright,Puttering_Around,,,Free_Living,
2021-11-06 11:40:21.187,2021-11-06 11:41:04.187,In_Position_Upright,Washing_Hands,HLB_Other,Located_Indoors,Free_Living,
2021-11-06 11:41:05.187,2021-11-06 11:44:16.187,In_Position_Upright,Puttering_Around,Cooking/Prepping_Food,Located_Indoors,Free_Living,
2021-11-06 11:44:17.187,2021-11-06 11:44:22.187,In_Position_Upright,Standing_With_Movement,Cooking/Prepping_Food,Located_Indoors,Free_Living,
2021-11-06 11:44:25.187,2021-11-06 11:44:58.187,In_Position_Upright,Standing_With_Movement,,Located_Indoors,Free_Living,
2021-11-06 11:45:10.187,2021-11-06 11:45:36.187,In_Position_Upright,Standing_With_Movement,Cooking/Prepping_Food,Located_Indoors,Free_Living,
2021-11-06 11:45:36.187,2021-11-06 11:46:46.187,In_Position_Upright,Puttering_Around,,Located_Indoors,Free_Living,
2021-11-06 11:46:51.187,2021-11-06 11:50:53.175,In_Position_Upright,Watering_Plants,Gardening,Located_Indoors,Free_Living,
2021-11-06 11:50:54.175,2021-11-06 11:51:30.175,In_Position_Upright,Puttering_Around,,Located_Indoors,Free_Living,
2021-11-06 11:51:31.175,2021-11-06 11:51:40.175,Posture_Too_Complex,Folding_Clothes,Doing_Laundry,Located_Indoors|Holding_Other_Object_Light,Free_Living,
2021-11-06 11:51:41.175,2021-11-06 11:51:53.175,In_Position_Upright,Puttering_Around,Doing_Laundry,Located_Indoors|Holding_Other_Object_Light,Free_Living,
2021-11-06 11:51:53.175,2021-11-06 11:52:00.175,In_Position_Upright,Walking_Down_Stairs,Doing_Laundry,Located_Indoors|Holding_Other_Object_Light,Free_Living,
2021-11-06 11:52:03.175,2021-11-06 11:54:27.175,In_Position_Upright,Loading/Unloading_Washing_Machine/Dryer,Doing_Laundry,Located_Indoors,Free_Living,
2021-11-06 11:54:30.175,2021-11-06 11:54:39.175,In_Position_Upright,Walking_Up_Stairs,Doing_Laundry,Located_Indoors|Holding_Other_Object_Light,Free_Living,
2021-11-06 11:54:40.175,2021-11-06 11:55:16.175,In_Position_Upright,Puttering_Around,,Located_Indoors|Holding_Other_Object_Light,Free_Living,
2021-11-06 11:55:18.175,2021-11-06 11:57:01.175,In_Position_Upright,Standing_With_Movement,Eating/Dining,Located_Indoors|Holding_Other_Object_Light,Free_Living,
2021-11-06 11:57:17.175,2021-11-06 12:07:00.162,In_Position_Upright,Standing_With_Movement,HLB_Other,Located_Indoors,Free_Living,
2021-11-06 12:07:01.162,2021-11-06 12:07:08.162,In_Position_Upright,Standing_With_Movement,,Located_Indoors,Free_Living,
2021-11-06 12:07:20.162,2021-11-06 12:12:10.150,Posture_Video_Unavailable/Indecipherable,PA_Type_Video_Unavailable/Indecipherable,HLB_Video_Unavailable/Indecipherable,Located_Indoors,Free_Living,
2021-11-06 12:12:30.150,2021-11-06 12:17:45.150,In_Position_Upright,Folding_Clothes,Doing_Laundry,Located_Indoors,Free_Living,
2021-11-06 12:17:46.150,2021-11-06 12:18:09.137,In_Position_Upright,Putting_Clothes_Away,Doing_Laundry,Located_Indoors,Free_Living,
2021-11-06 12:18:11.137,2021-11-06 12:18:36.137,In_Position_Upright,Puttering_Around,,Located_Indoors,Free_Living,
2021-11-06 12:18:42.137,2021-11-06 12:19:07.137,In_Position_Sitting,Sitting_With_Movement,Using_Computer/Screen,Located_Indoors|Legs_Uncrossed,Free_Living,
2021-11-06 12:19:36.137,2021-11-06 12:21:55.137,In_Position_Upright,Standing_With_Movement,HLB_Video_Unavailable/Indecipherable|Packing/Unpacking_Something,Located_Indoors,Free_Living,
2021-11-06 12:21:56.137,2021-11-06 12:22:18.137,In_Position_Upright,Puttering_Around,,Located_Indoors,Free_Living,
2021-11-06 12:22:21.137,2021-11-06 12:28:00.125,In_Position_Sitting,Sitting_With_Movement,Using_Computer/Screen,Located_Indoors|Legs_Uncrossed,Free_Living,
2021-11-06 12:28:00.125,2021-11-06 12:58:32.087,In_Position_Sitting,Sitting_With_Movement,Using_Computer/Screen,Located_Indoors|Legs_Uncrossed|Typing_Computer,Free_Living,
2021-11-06 12:58:46.087,2021-11-06 12:59:08.087,In_Position_Upright,Puttering_Around,,Located_Indoors,Free_Living,
2021-11-06 12:59:10.087,2021-11-06 12:59:17.087,In_Position_Upright,Walking,Doing_Laundry,Located_Indoors|Holding_Other_Object_Light,Free_Living,
2021-11-06 12:59:22.087,2021-11-06 12:59:28.087,In_Position_Upright,Walking_Down_Stairs,Doing_Laundry,Located_Indoors|Holding_Other_Object_Light,Free_Living,
2021-11-06 12:59:31.087,2021-11-06 13:00:13.087,Posture_Too_Complex,Loading/Unloading_Washing_Machine/Dryer,Doing_Laundry,Located_Indoors|Holding_Other_Object_Light,Free_Living,
2021-11-06 13:00:20.087,2021-11-06 13:00:27.087,In_Position_Upright,Walking_Up_Stairs,Doing_Laundry,Located_Indoors|Holding_Other_Object_Light,Free_Living,
2021-11-06 13:01:05.087,2021-11-06 13:02:18.087,Posture_Video_Unavailable/Indecipherable,PA_Type_Video_Unavailable/Indecipherable,HLB_Video_Unavailable/Indecipherable,Located_Indoors|CP_Video_Unavailable/Indecipherable,Free_Living,
2021-11-06 13:02:36.087,2021-11-06 13:03:56.087,In_Position_Upright,Folding_Clothes,Doing_Laundry,Located_Indoors,Free_Living,
2021-11-06 13:03:56.087,2021-11-06 13:05:26.087,In_Position_Upright,Putting_Clothes_Away,Doing_Laundry,Located_Indoors,Free_Living,
2021-11-06 13:06:15.075,2021-11-06 13:06:46.075,In_Position_Upright,Standing_With_Movement,Doing_Dishes,Located_Indoors,Free_Living,
2021-11-06 13:07:13.075,2021-11-06 13:09:52.075,In_Position_Upright,Organizing_Shelf/Cabinet,Doing_Dishes,Located_Indoors,Free_Living,
2021-11-06 13:10:04.075,2021-11-06 13:10:52.075,In_Position_Upright,Puttering_Around,Cooking/Prepping_Food,Located_Indoors,Free_Living,
2021-11-06 13:10:54.075,2021-11-06 13:11:59.075,In_Position_Upright,Standing_With_Movement,,Located_Indoors|Texting/Browsing_Phone,Free_Living,
2021-11-06 13:12:01.075,2021-11-06 13:12:14.075,In_Position_Upright,Standing_With_Movement,,Located_Indoors|On_Phone_Call,Free_Living,
2021-11-06 13:12:31.075,2021-11-06 13:12:49.075,In_Position_Sitting,Sitting_With_Movement,HLB_Other,Located_Indoors|On_Phone_Call,Free_Living,
2021-11-06 13:12:50.075,2021-11-06 13:16:26.062,In_Position_Sitting,Sitting_With_Movement,HLB_Other,Located_Indoors|Texting/Browsing_Phone,Free_Living,
2021-11-06 13:16:26.062,2021-11-06 14:02:14.012,In_Position_Sitting,Sitting_With_Movement,Using_Computer/Screen,Located_Indoors,Free_Living,
2021-11-06 14:02:14.012,2021-11-06 14:03:22.000,In_Position_Sitting,Sitting_With_Movement,Using_Computer/Screen,Located_Indoors,Free_Living,
2021-11-06 14:03:22.000,2021-11-06 14:06:56.000,In_Position_Sitting,Sitting_With_Movement,Using_Computer/Screen,Located_Indoors|Typing_Computer,Free_Living,
2021-11-06 14:06:56.000,2021-11-06 14:15:38.987,In_Position_Sitting,Sitting_With_Movement,Using_Computer/Screen,Located_Indoors,Free_Living,
2021-11-06 14:16:01.987,2021-11-06 14:19:56.987,Posture_Video_Unavailable/Indecipherable,PA_Type_Video_Unavailable/Indecipherable,HLB_Video_Unavailable/Indecipherable,CP_Video_Unavailable/Indecipherable,Free_Living,
2021-11-06 14:20:36.987,2021-11-06 14:45:33.950,In_Position_Sitting,Sitting_With_Movement,Using_Computer/Screen,Located_Indoors,Free_Living,
2021-11-06 14:45:33.950,2021-11-06 14:46:30.950,In_Position_Sitting,Sitting_With_Movement,Using_Computer/Screen,Located_Indoors|Typing_Computer,Free_Living,
2021-11-06 14:46:30.950,2021-11-06 14:55:31.937,In_Position_Sitting,Sitting_With_Movement,Using_Computer/Screen,Located_Indoors|Typing_Computer,Free_Living,
2021-11-06 14:55:37.937,2021-11-06 15:08:33.925,In_Position_Sitting,Sitting_With_Movement,Using_Computer/Screen,Located_Indoors,Free_Living,
2021-11-06 15:09:03.925,2021-11-06 15:10:44.912,In_Position_Upright,Puttering_Around,Cooking/Prepping_Food,Located_Indoors,Free_Living,
2021-11-06 15:10:57.912,2021-11-06 15:17:31.912,Posture_Video_Unavailable/Indecipherable,PA_Type_Video_Unavailable/Indecipherable,HLB_Video_Unavailable/Indecipherable,Located_Indoors,Free_Living,
2021-11-06 15:17:31.912,2021-11-06 15:19:35.900,In_Position_Upright,Folding_Clothes,Doing_Laundry,Located_Indoors,Free_Living,
2021-11-06 15:19:35.900,2021-11-06 15:21:46.900,In_Position_Upright,Putting_Clothes_Away,Doing_Laundry,Located_Indoors,Free_Living,
2021-11-06 15:21:47.900,2021-11-06 15:24:27.900,In_Position_Upright,Puttering_Around,HLB_Video_Unavailable/Indecipherable,Holding_Other_Object_Light,Free_Living,
2021-11-06 15:24:32.900,2021-11-06 15:25:28.900,In_Position_Sitting,Sitting_With_Movement,Using_Computer/Screen,,Free_Living,
2021-11-06 15:25:30.900,2021-11-06 15:26:22.900,Posture_Video_Unavailable/Indecipherable,PA_Type_Video_Unavailable/Indecipherable,HLB_Video_Unavailable/Indecipherable,CP_Video_Unavailable/Indecipherable,Free_Living,
2021-11-06 15:26:22.900,2021-11-06 15:57:19.850,Posture_Video_Unavailable/Indecipherable,PA_Type_Video_Unavailable/Indecipherable,HLB_Video_Unavailable/Indecipherable,Located_Indoors,Free_Living,
2021-11-06 15:57:19.850,2021-11-06 16:00:40.850,In_Position_Sitting,Sitting_With_Movement,Using_Computer/Screen,Located_Indoors|Texting/Browsing_Phone,Free_Living,
2021-11-06 16:00:52.850,2021-11-06 16:05:40.850,In_Position_Sitting,Sitting_With_Movement,Using_Computer/Screen,Located_Indoors,Free_Living,
2021-11-06 16:06:02.850,2021-11-06 16:18:14.825,Posture_Video_Unavailable/Indecipherable,PA_Type_Video_Unavailable/Indecipherable,HLB_Video_Unavailable/Indecipherable,Located_Indoors,Free_Living,
2021-11-06 16:18:23.825,2021-11-06 16:26:29.812,In_Position_Sitting,Sitting_With_Movement,Using_Computer/Screen,Located_Indoors|Browsing_Computer|Typing_Computer,Free_Living,
2021-11-06 16:26:43.812,2021-11-06 16:29:11.812,Posture_Video_Unavailable/Indecipherable,PA_Type_Video_Unavailable/Indecipherable,HLB_Video_Unavailable/Indecipherable,,Free_Living,
2021-11-06 16:29:25.812,2021-11-06 16:29:57.812,In_Position_Upright,Standing_With_Movement,,Located_Indoors,Free_Living,
2021-11-06 16:29:59.812,2021-11-06 16:30:16.812,In_Position_Upright,Walking,,Located_Indoors,Free_Living,
2021-11-06 16:30:21.812,2021-11-06 17:03:25.775,In_Position_Sitting,Sitting_With_Movement,Using_Computer/Screen,Located_Indoors,Free_Living,
2021-11-06 17:03:25.775,2021-11-06 17:58:17.700,In_Position_Sitting,Sitting_With_Movement,Using_Computer/Screen|Meeting_Virtual,Located_Indoors,Free_Living,
2021-11-06 17:58:24.700,2021-11-06 18:00:01.700,In_Position_Upright,Puttering_Around,HLB_Other,Located_Indoors|On_Phone_Call,Free_Living,
2021-11-06 18:00:03.700,2021-11-06 18:00:57.687,In_Position_Upright,Puttering_Around,,Located_Indoors,Free_Living,
2021-11-06 18:00:59.687,2021-11-06 18:02:27.687,In_Position_Upright,Standing_With_Movement,,Located_Indoors,Free_Living,
2021-11-06 18:02:41.687,2021-11-06 18:03:30.687,In_Position_Upright,Standing_With_Movement,Walking_Pet,Located_Indoors,Free_Living,
2021-11-06 18:03:32.687,2021-11-06 18:04:14.687,In_Position_Upright,Puttering_Around,Walking_Pet,Located_Indoors,Free_Living,
2021-11-06 18:04:17.687,2021-11-06 18:04:37.687,In_Position_Kneeling,Kneeling_With_Movement,Walking_Pet,Located_Indoors,Free_Living,
2021-11-06 18:04:40.687,2021-11-06 18:06:22.687,In_Position_Upright,Puttering_Around,Walking_Pet,Located_Indoors,Free_Living,
2021-11-06 18:06:24.687,2021-11-06 18:06:54.687,In_Position_Upright,Standing_With_Movement,Walking_Pet|Dressing/Undressing,Located_Indoors,Free_Living,
2021-11-06 18:06:59.687,2021-11-06 18:07:20.687,In_Position_Upright,Standing_With_Movement,Walking_Pet,Located_Indoors,Free_Living,
2021-11-06 18:07:23.687,2021-11-06 18:09:58.687,In_Position_Upright,Standing_With_Movement,Walking_Pet|HLB_Other,Located_Indoors,Free_Living,
2021-11-06 18:10:08.675,2021-11-06 18:13:03.675,In_Position_Upright,Standing_With_Movement,Walking_Pet|HLB_Other,Located_Indoors,Free_Living,
2021-11-06 18:13:22.675,2021-11-06 18:16:55.675,In_Position_Upright,Puttering_Around,HLB_Other,Located_Indoors|On_Phone_Call,Free_Living,
2021-11-06 18:16:59.675,2021-11-06 18:31:09.650,In_Position_Upright,Standing_With_Movement,HLB_Other,Located_Indoors|On_Phone_Call,Free_Living,
2021-11-06 18:31:28.650,2021-11-06 18:32:00.650,In_Position_Upright,Puttering_Around,Walking_Pet,Located_Indoors,Free_Living,
2021-11-06 18:32:10.650,2021-11-06 18:38:31.650,In_Position_Upright,Walking,Walking_Pet,Located_Outdoors,Free_Living,
2021-11-06 18:38:34.637,2021-11-06 18:38:37.637,In_Position_Upright,Walking_Up_Stairs,Walking_Pet,Located_Indoors,Free_Living,
2021-11-06 18:38:39.637,2021-11-06 18:39:04.637,In_Position_Upright,Puttering_Around,,Located_Indoors,Free_Living,
2021-11-06 18:39:05.637,2021-11-06 18:39:10.637,In_Position_Upright,Walking_Down_Stairs,,Located_Indoors,Free_Living,
2021-11-06 18:39:11.637,2021-11-06 18:39:19.637,In_Position_Upright,Puttering_Around,Doing_Common_Housework,Located_Indoors,Free_Living,
2021-11-06 18:39:20.637,2021-11-06 18:39:27.637,In_Position_Upright,Walking_Up_Stairs,Doing_Common_Housework,Located_Indoors,Free_Living,
2021-11-06 18:39:33.637,2021-11-06 18:39:51.637,In_Position_Upright,Washing_Hands,HLB_Other,Located_Indoors,Free_Living,
2021-11-06 18:39:54.637,2021-11-06 18:40:07.637,In_Position_Upright,Standing_With_Movement,,Holding_Other_Object_Light,Free_Living,
2021-11-06 18:40:07.637,2021-11-06 18:40:18.637,In_Position_Upright,Puttering_Around,,Located_Indoors,Free_Living,
2021-11-06 18:40:19.637,2021-11-06 18:40:39.637,In_Position_Upright,Puttering_Around,,Located_Indoors|Holding_Other_Object_Light,Free_Living,
2021-11-06 18:40:41.637,2021-11-06 18:42:18.637,Posture_Video_Unavailable/Indecipherable,PA_Type_Video_Unavailable/Indecipherable,HLB_Video_Unavailable/Indecipherable,CP_Video_Unavailable/Indecipherable,Free_Living,
2021-11-06 18:42:23.637,2021-11-06 18:43:01.637,In_Position_Sitting,Sitting_With_Movement,Using_Computer/Screen,Legs_Crossed|Located_Indoors,Free_Living,
2021-11-06 18:43:06.637,2021-11-06 18:43:55.637,In_Position_Upright,Puttering_Around,,Located_Indoors,Free_Living,
2021-11-06 18:43:58.637,2021-11-06 18:45:09.637,In_Position_Sitting,Sitting_With_Movement,Using_Computer/Screen,Located_Indoors|Texting/Browsing_Phone,Free_Living,
2021-11-06 18:45:10.637,2021-11-06 18:49:30.625,In_Position_Sitting,Sitting_With_Movement,Using_Computer/Screen,Located_Indoors,Free_Living,
2021-11-06 18:49:51.625,2021-11-06 18:50:06.625,In_Position_Upright,Standing_With_Movement,Playing_With_Pets,Located_Indoors,Free_Living,
2021-11-06 18:50:49.625,2021-11-06 18:52:20.625,In_Position_Sitting,Sitting_With_Movement,Using_Computer/Screen,Located_Indoors|Legs_Crossed|Texting/Browsing_Phone,Free_Living,
2021-11-06 18:52:21.625,2021-11-06 18:53:22.625,In_Position_Upright,Puttering_Around,HLB_Other,Located_Indoors,Free_Living,
2021-11-06 18:53:33.625,2021-11-06 19:01:17.612,Posture_Video_Unavailable/Indecipherable,PA_Type_Video_Unavailable/Indecipherable,,Located_Indoors,Free_Living,
2021-11-06 19:01:41.612,2021-11-06 19:01:50.612,In_Position_Sitting,Sitting_With_Movement,Using_Computer/Screen,Located_Indoors,Free_Living,
2021-11-06 19:01:52.612,2021-11-06 19:02:14.612,In_Position_Upright,Walking,,Located_Indoors,Free_Living,
2021-11-06 19:02:15.612,2021-11-06 19:02:37.612,In_Position_Upright,Standing_With_Movement,Dressing/Undressing,Located_Indoors,Free_Living,
2021-11-06 19:02:39.612,2021-11-06 19:03:43.612,In_Position_Upright,Puttering_Around,,Located_Indoors,Free_Living,
2021-11-06 19:03:47.612,2021-11-06 19:05:06.612,In_Position_Upright,Puttering_Around,HLB_Other,Located_Indoors|Texting/Browsing_Phone,Free_Living,
2021-11-06 19:05:28.612,2021-11-06 19:08:36.600,In_Position_Upright,Walking,In_Transit_Active,Located_Outdoors,Free_Living,
2021-11-06 19:08:39.600,2021-11-06 19:17:07.587,In_Position_Upright,Walking,In_Transit_Active,Located_Outdoors,Free_Living,
2021-11-06 19:17:08.587,2021-11-06 19:18:51.587,Posture_Video_Unavailable/Indecipherable,PA_Type_Video_Unavailable/Indecipherable,HLB_Video_Unavailable/Indecipherable,CP_Video_Unavailable/Indecipherable,Free_Living,
2021-11-06 19:19:00.587,2021-11-06 19:26:36.575,In_Position_Upright,Walking,In_Transit_Active,Located_Outdoors|Holding_Other_Object_Light,Free_Living,
2021-11-06 19:27:00.575,2021-11-06 19:27:34.575,In_Position_Upright,Washing_Hands,HLB_Other,Located_Outdoors,Free_Living,
2021-11-06 19:27:35.575,2021-11-06 19:28:12.575,In_Position_Upright,Puttering_Around,,Located_Indoors,Free_Living,
2021-11-06 19:28:27.575,2021-11-06 19:34:36.575,In_Position_Upright,Puttering_Around,Cooking/Prepping_Food,Located_Indoors,Free_Living,
2021-11-06 19:34:36.575,2021-11-06 19:34:41.575,In_Position_Upright,Puttering_Around,Cooking/Prepping_Food,Located_Indoors|Texting/Browsing_Phone,Free_Living,
2021-11-06 19:34:41.575,2021-11-06 19:36:11.562,In_Position_Upright,Puttering_Around,Cooking/Prepping_Food,Located_Indoors|Texting/Browsing_Phone,Free_Living,
2021-11-06 19:36:15.562,2021-11-06 19:39:28.562,In_Position_Upright,Standing_With_Movement,Cooking/Prepping_Food,Located_Indoors|Texting/Browsing_Phone,Free_Living,
2021-11-06 19:39:41.562,2021-11-06 20:24:07.500,In_Position_Sitting,Sitting_With_Movement,Eating/Dining|Watching_TV/Movies,Located_Indoors,Free_Living,
2021-11-06 20:24:11.500,2021-11-06 20:28:02.500,In_Position_Upright,Puttering_Around,Cleaning,Located_Indoors,Free_Living,
2021-11-06 20:28:03.500,2021-11-06 20:33:02.487,In_Position_Upright,Puttering_Around,Cooking/Prepping_Food,Located_Indoors,Free_Living,
2021-11-06 20:33:02.487,2021-11-06 20:33:42.487,In_Position_Upright,Standing_With_Movement,Eating/Dining|Watching_TV/Movies,Located_Indoors|Holding_Drink,Free_Living,
2021-11-06 20:33:49.487,2021-11-06 20:33:56.487,In_Position_Upright,Standing_With_Movement,Doing_Dishes,Located_Indoors,Free_Living,
2021-11-06 20:33:57.487,2021-11-06 20:34:37.487,In_Position_Upright,Puttering_Around,,Located_Indoors,Free_Living,
2021-11-06 20:34:50.487,2021-11-06 20:35:30.487,In_Position_Sitting,Sitting_With_Movement,Watching_TV/Movies,Located_Indoors,Free_Living,
2021-11-06 20:35:49.487,2021-11-06 20:41:35.487,In_Position_Sitting,Sitting_With_Movement,Watching_TV/Movies,Located_Indoors|Legs_Crossed,Free_Living,
2021-11-06 20:41:52.487,2021-11-06 21:02:19.450,In_Position_Sitting,Sitting_With_Movement,Watching_TV/Movies,Located_Indoors,Free_Living,
2021-11-06 21:02:26.450,2021-11-06 21:11:38.437,In_Position_Sitting,Sitting_With_Movement,Watching_TV/Movies,Located_Indoors|Legs_Crossed|Texting/Browsing_Phone,Free_Living,
2021-11-06 21:11:54.437,2021-11-07 00:44:31.162,In_Position_Sitting,Sitting_With_Movement,Using_Computer/Screen,Located_Indoors,Free_Living,
2021-11-07 00:44:34.162,2021-11-07 00:45:32.162,In_Position_Upright,Puttering_Around,,Located_Indoors,Free_Living,
2021-11-07 00:45:36.162,2021-11-07 00:46:05.162,In_Position_Upright,Standing_With_Movement,Doing_Dishes,Located_Indoors,Free_Living,
2021-11-07 00:46:18.162,2021-11-07 00:46:39.162,In_Position_Upright,Synchronizing_Sensors,HLB_Other,Located_Indoors,Free_Living,
2021-11-07 07:44:08.212,2021-11-07 07:44:38.200,In_Position_Upright,Synchronizing_Sensors,,Located_Indoors,Free_Living,
2021-11-07 07:44:39.200,2021-11-07 07:45:18.200,In_Position_Upright,Puttering_Around,HLB_Other,Located_Indoors,Free_Living,
2021-11-07 07:45:19.200,2021-11-07 07:45:49.200,In_Position_Upright,Standing_With_Movement,Eating/Dining,Located_Indoors|Holding_Drink,Free_Living,
2021-11-07 07:45:50.200,2021-11-07 07:46:09.200,In_Position_Upright,Puttering_Around,,Located_Indoors,Free_Living,
2021-11-07 07:46:10.200,2021-11-07 07:49:32.200,In_Position_Upright,Standing_With_Movement,,Located_Indoors|Texting/Browsing_Phone,Free_Living,
2021-11-07 07:49:38.200,2021-11-07 07:50:36.187,In_Position_Upright,Puttering_Around,Walking_Pet,Located_Indoors,Free_Living,
2021-11-07 07:50:37.187,2021-11-07 07:50:46.187,In_Position_Upright,Puttering_Around,Dressing/Undressing|Walking_Pet,Located_Indoors,Free_Living,
2021-11-07 07:50:47.187,2021-11-07 07:51:07.187,In_Position_Upright,Standing_With_Movement,Walking_Pet,Located_Indoors,Free_Living,
2021-11-07 07:51:09.187,2021-11-07 07:52:23.187,In_Position_Upright,Standing_With_Movement,Walking_Pet,Located_Indoors|Texting/Browsing_Phone,Free_Living,
2021-11-07 07:52:24.187,2021-11-07 07:53:49.187,In_Position_Upright,Puttering_Around,Walking_Pet,Located_Indoors,Free_Living,
2021-11-07 07:53:49.187,2021-11-07 07:54:01.187,In_Position_Upright,Walking,Walking_Pet,Located_Indoors,Free_Living,
2021-11-07 07:54:02.187,2021-11-07 07:54:14.187,In_Position_Upright,Walking_Down_Stairs,Walking_Pet,Located_Indoors,Free_Living,
2021-11-07 07:54:15.187,2021-11-07 08:00:26.175,In_Position_Upright,Walking,Walking_Pet,Located_Outdoors,Free_Living,
2021-11-07 08:00:27.175,2021-11-07 08:00:35.175,In_Position_Upright,Walking_Up_Stairs,Walking_Pet,Located_Outdoors,Free_Living,
2021-11-07 08:00:36.175,2021-11-07 08:00:57.162,In_Position_Upright,Puttering_Around,Walking_Pet,Located_Indoors,Free_Living,
2021-11-07 08:00:58.162,2021-11-07 08:01:41.162,In_Position_Upright,Puttering_Around,Doing_Common_Housework_Light,Located_Indoors,Free_Living,
2021-11-07 08:01:41.162,2021-11-07 08:01:50.162,In_Position_Upright,Walking_Down_Stairs,Doing_Common_Housework_Light,Located_Indoors,Free_Living,
2021-11-07 08:01:50.162,2021-11-07 08:01:57.162,In_Position_Upright,Puttering_Around,Doing_Common_Housework,Located_Indoors,Free_Living,
2021-11-07 08:01:57.162,2021-11-07 08:02:08.162,In_Position_Upright,Walking_Up_Stairs,Doing_Common_Housework_Light,Located_Indoors,Free_Living,
2021-11-07 08:02:09.162,2021-11-07 08:02:16.162,In_Position_Upright,Puttering_Around,,Located_Indoors,Free_Living,
2021-11-07 08:02:17.162,2021-11-07 08:02:34.162,In_Position_Upright,Washing_Hands,,Located_Indoors,Free_Living,
2021-11-07 08:02:35.162,2021-11-07 08:03:43.162,In_Position_Upright,Puttering_Around,,Located_Indoors,Free_Living,
2021-11-07 08:03:45.162,2021-11-07 08:12:12.137,In_Position_Upright,Puttering_Around,Cooking/Prepping_Food,Located_Indoors,Free_Living,
2021-11-07 08:12:14.137,2021-11-07 08:28:53.100,In_Position_Sitting,Sitting_With_Movement,Eating/Dining,Located_Indoors|Holding_Solid_Food|Holding_Drink,Free_Living,
2021-11-07 08:28:57.100,2021-11-07 08:29:15.100,In_Position_Upright,Puttering_Around,,Located_Indoors,Free_Living,
2021-11-07 08:29:17.100,2021-11-07 08:35:37.087,In_Position_Sitting,Sitting_With_Movement,Relaxing_Passive,Located_Indoors|Texting/Browsing_Phone,Free_Living,
2021-11-07 08:35:38.087,2021-11-07 08:35:58.087,In_Position_Upright,Walking,,Located_Indoors,Free_Living,
2021-11-07 08:35:58.087,2021-11-07 08:40:03.075,Lying_On_Back,Lying_With_Movement,Relaxing_Passive,Located_Indoors|Texting/Browsing_Phone,Free_Living,
2021-11-07 08:40:05.075,2021-11-07 08:51:10.050,Lying_On_Back,Lying_With_Movement,Relaxing_Passive,Located_Indoors,Free_Living,
2021-11-07 08:51:11.050,2021-11-07 08:52:33.050,In_Position_Upright,Puttering_Around,Cooking/Prepping_Food,Located_Indoors,Free_Living,
2021-11-07 08:52:34.050,2021-11-07 08:53:17.050,In_Position_Upright,Puttering_Around,Doing_Dishes,Located_Indoors,Free_Living,
2021-11-07 08:53:18.050,2021-11-07 08:53:44.050,In_Position_Upright,Standing_With_Movement,Cleaning,Located_Indoors,Free_Living,
2021-11-07 08:53:46.050,2021-11-07 08:54:33.050,In_Position_Upright,Puttering_Around,,Located_Indoors,Free_Living,
2021-11-07 08:54:34.050,2021-11-07 08:54:38.050,In_Position_Upright,Brushing/Combing/Tying_Hair,Grooming/Self_Care,Located_Indoors,Free_Living,
2021-11-07 08:54:38.050,2021-11-07 08:58:18.037,In_Position_Upright,Puttering_Around,Cooking/Prepping_Food,Located_Indoors,Free_Living,
2021-11-07 08:58:19.037,2021-11-07 08:58:30.037,In_Position_Upright,Puttering_Around,Cooking/Prepping_Food,Located_Indoors|Holding_Drink,Free_Living,
2021-11-07 08:58:32.037,2021-11-07 08:59:53.037,In_Position_Upright,Puttering_Around,Doing_Common_Housework_Light,Located_Indoors,Free_Living,
2021-11-07 08:59:59.037,2021-11-07 09:00:05.037,In_Position_Upright,Walking_Down_Stairs,Doing_Common_Housework_Light,Located_Indoors|Holding_Other_Object_Light,Free_Living,
2021-11-07 09:00:06.037,2021-11-07 09:00:12.037,In_Position_Upright,Walking,Doing_Common_Housework_Light,Located_Indoors|Holding_Other_Object_Light,Free_Living,
2021-11-07 09:00:13.037,2021-11-07 09:00:17.037,In_Position_Upright,Walking,Doing_Common_Housework_Light,Located_Indoors,Free_Living,
2021-11-07 09:00:18.037,2021-11-07 09:00:25.037,In_Position_Upright,Walking_Up_Stairs,Doing_Common_Housework_Light,Located_Indoors,Free_Living,
2021-11-07 09:00:26.037,2021-11-07 09:00:40.037,In_Position_Upright,Walking,Doing_Common_Housework_Light,Located_Indoors,Free_Living,
2021-11-07 09:00:40.037,2021-11-07 09:00:47.037,In_Position_Upright,Walking,Doing_Common_Housework_Light,Located_Indoors|Holding_Other_Object_Light,Free_Living,
2021-11-07 09:00:48.037,2021-11-07 09:00:53.037,In_Position_Upright,Walking_Down_Stairs,Doing_Common_Housework_Light,Located_Indoors|Holding_Other_Object_Light,Free_Living,
2021-11-07 09:00:54.037,2021-11-07 09:01:14.025,In_Position_Upright,Puttering_Around,Doing_Common_Housework_Light,Located_Indoors|Holding_Other_Object_Light,Free_Living,
2021-11-07 09:01:14.025,2021-11-07 09:01:24.025,In_Position_Upright,Walking_Up_Stairs,Doing_Common_Housework_Light,Located_Indoors|Holding_Other_Object_Light,Free_Living,
2021-11-07 09:01:24.025,2021-11-07 09:01:35.025,In_Position_Upright,Walking,Doing_Common_Housework_Light,Located_Indoors|Holding_Other_Object_Light,Free_Living,
2021-11-07 09:01:36.025,2021-11-07 09:04:12.025,In_Position_Upright,Puttering_Around,Doing_Common_Housework_Light,Located_Indoors,Free_Living,
2021-11-07 09:04:13.025,2021-11-07 09:04:40.025,In_Position_Upright,Puttering_Around,Doing_Common_Housework_Light,Located_Indoors|Holding_Drink,Free_Living,
2021-11-07 09:04:45.025,2021-11-07 09:05:51.025,Posture_Video_Unavailable/Indecipherable,PA_Type_Video_Unavailable/Indecipherable,HLB_Video_Unavailable/Indecipherable,Located_Indoors,Free_Living,
2021-11-07 09:05:52.025,2021-11-07 09:06:45.012,In_Position_Upright,Puttering_Around,,Located_Indoors,Free_Living,
2021-11-07 09:06:47.012,2021-11-07 09:06:58.012,In_Position_Upright,Puttering_Around,Dressing/Undressing,Located_Indoors,Free_Living,
2021-11-07 09:06:58.012,2021-11-07 09:07:42.012,In_Position_Upright,Puttering_Around,,Located_Indoors,Free_Living,
2021-11-07 09:07:42.012,2021-11-07 09:07:49.012,In_Position_Upright,Walking_Down_Stairs,,Located_Indoors,Free_Living,
2021-11-07 09:07:51.012,2021-11-07 09:08:23.012,In_Position_Upright,Walking,In_Transit_Active,Located_Outdoors,Free_Living,
2021-11-07 09:08:27.012,2021-11-07 09:15:36.000,In_Position_Sitting,Sitting_With_Movement,In_Transit_Driving_Car,Located_Outdoors,Free_Living,
2021-11-07 09:15:38.000,2021-11-07 09:23:14.975,Posture_Video_Unavailable/Indecipherable,PA_Type_Video_Unavailable/Indecipherable,HLB_Video_Unavailable/Indecipherable,CP_Video_Unavailable/Indecipherable,Free_Living,
2021-11-07 09:23:17.975,2021-11-07 09:23:28.975,In_Position_Upright,Puttering_Around,Shopping_Grocery,Located_Indoors,Free_Living,
2021-11-07 09:23:30.975,2021-11-07 09:33:50.950,Posture_Video_Unavailable/Indecipherable,PA_Type_Video_Unavailable/Indecipherable,Shopping_Grocery,Located_Indoors,Free_Living,
2021-11-07 09:33:53.950,2021-11-07 09:34:06.950,In_Position_Upright,Puttering_Around,Shopping_Grocery,Located_Indoors,Free_Living,
2021-11-07 09:34:08.950,2021-11-07 09:51:42.912,Posture_Video_Unavailable/Indecipherable,PA_Type_Video_Unavailable/Indecipherable,Shopping_Grocery,CP_Video_Unavailable/Indecipherable,Free_Living,
2021-11-07 09:51:44.912,2021-11-07 09:52:06.912,In_Position_Upright,Walking,Shopping_Grocery,CP_Other|Located_Outdoors,Free_Living,
2021-11-07 09:52:09.912,2021-11-07 09:53:22.912,In_Position_Upright,Puttering_Around,Loading/Unloading_Vehicle,Located_Outdoors,Free_Living,
2021-11-07 09:53:23.912,2021-11-07 09:53:58.912,In_Position_Upright,Walking,HLB_Other,Located_Outdoors,Free_Living,
2021-11-07 09:54:02.912,2021-11-07 09:57:19.900,In_Position_Sitting,Sitting_With_Movement,In_Transit_Driving_Car,Located_Outdoors,Free_Living,
2021-11-07 09:57:20.900,2021-11-07 09:57:44.900,In_Position_Upright,Puttering_Around,Loading/Unloading_Vehicle,Located_Outdoors|Carrying_Grocery_Bags_Light,Free_Living,
2021-11-07 09:57:58.900,2021-11-07 09:58:13.900,In_Position_Upright,Puttering_Around,Loading/Unloading_Vehicle,Located_Indoors,Free_Living,
2021-11-07 09:58:14.900,2021-11-07 09:58:26.900,In_Position_Upright,Puttering_Around,Loading/Unloading_Vehicle,Carrying_Grocery_Bags_Light|Located_Outdoors,Free_Living,
2021-11-07 09:58:26.900,2021-11-07 09:58:32.900,In_Position_Upright,Puttering_Around,Loading/Unloading_Vehicle,Located_Indoors,Free_Living,
2021-11-07 09:58:33.900,2021-11-07 09:58:42.900,In_Position_Upright,Puttering_Around,Loading/Unloading_Vehicle,Located_Outdoors,Free_Living,
2021-11-07 09:58:43.900,2021-11-07 09:58:54.900,In_Position_Upright,Puttering_Around,Loading/Unloading_Vehicle,Located_Outdoors|Carrying_Grocery_Bags_Light|Holding_Other_Object_Light,Free_Living,
2021-11-07 09:58:54.900,2021-11-07 09:59:01.900,In_Position_Upright,Puttering_Around,Loading/Unloading_Vehicle,Located_Indoors|Carrying_Grocery_Bags_Light|Holding_Other_Object_Light,Free_Living,
2021-11-07 09:59:01.900,2021-11-07 09:59:05.900,In_Position_Upright,Puttering_Around,Loading/Unloading_Vehicle,Located_Indoors,Free_Living,
2021-11-07 09:59:06.900,2021-11-07 09:59:14.900,In_Position_Upright,Puttering_Around,Loading/Unloading_Vehicle,Located_Outdoors,Free_Living,
2021-11-07 09:59:15.900,2021-11-07 09:59:39.900,In_Position_Upright,Puttering_Around,Loading/Unloading_Vehicle,Located_Outdoors|Carrying_Grocery_Bags_Light,Free_Living,
2021-11-07 09:59:42.900,2021-11-07 09:59:48.900,In_Position_Upright,Puttering_Around,Loading/Unloading_Vehicle,Carrying_Grocery_Bags_Light|Located_Indoors,Free_Living,
2021-11-07 09:59:49.900,2021-11-07 09:59:52.900,In_Position_Upright,Puttering_Around,Loading/Unloading_Vehicle,Located_Indoors,Free_Living,
2021-11-07 09:59:52.900,2021-11-07 10:00:23.900,In_Position_Upright,Puttering_Around,Loading/Unloading_Vehicle,Located_Outdoors,Free_Living,
2021-11-07 10:00:24.900,2021-11-07 10:00:56.900,In_Position_Sitting,Sitting_With_Movement,In_Transit_Driving_Car,Located_Outdoors,Free_Living,
2021-11-07 10:00:57.900,2021-11-07 10:01:56.887,In_Position_Upright,Walking,,Located_Outdoors,Free_Living,
2021-11-07 10:01:56.887,2021-11-07 10:02:04.887,In_Position_Upright,Walking_Up_Stairs,,Located_Indoors,Free_Living,
2021-11-07 10:02:05.887,2021-11-07 10:02:40.887,In_Position_Upright,Puttering_Around,HLB_Other,Located_Indoors,Free_Living,
2021-11-07 10:02:41.887,2021-11-07 10:02:52.887,In_Position_Upright,Walking_Down_Stairs,HLB_Other,Located_Indoors,Free_Living,
2021-11-07 10:02:53.887,2021-11-07 10:03:04.887,In_Position_Upright,Walking_Up_Stairs,HLB_Other,Located_Indoors|Carrying_Grocery_Bags_Light,Free_Living,
2021-11-07 10:03:05.887,2021-11-07 10:03:13.887,In_Position_Upright,Puttering_Around,HLB_Other,Located_Indoors,Free_Living,
2021-11-07 10:03:13.887,2021-11-07 10:03:26.887,In_Position_Upright,Walking_Down_Stairs,HLB_Other,Located_Indoors,Free_Living,
2021-11-07 10:03:28.887,2021-11-07 10:03:40.887,In_Position_Upright,Walking_Up_Stairs,HLB_Other,Located_Indoors|Carrying_Grocery_Bags_Light,Free_Living,
2021-11-07 10:03:41.887,2021-11-07 10:03:51.887,In_Position_Upright,Puttering_Around,HLB_Other,Located_Indoors,Free_Living,
2021-11-07 10:03:51.887,2021-11-07 10:03:59.887,In_Position_Upright,Walking_Down_Stairs,HLB_Other,Located_Indoors,Free_Living,
2021-11-07 10:04:01.887,2021-11-07 10:04:13.887,In_Position_Upright,Walking_Up_Stairs,HLB_Other,Located_Indoors|Carrying_Grocery_Bags_Light,Free_Living,
2021-11-07 10:04:14.887,2021-11-07 10:04:23.887,In_Position_Upright,Puttering_Around,HLB_Other,Located_Indoors,Free_Living,
2021-11-07 10:04:24.887,2021-11-07 10:04:31.887,In_Position_Upright,Walking_Down_Stairs,HLB_Other,Located_Indoors,Free_Living,
2021-11-07 10:04:33.887,2021-11-07 10:04:46.887,In_Position_Upright,Walking_Up_Stairs,HLB_Other,Located_Indoors|Carrying_Grocery_Bags_Light,Free_Living,
2021-11-07 10:04:47.887,2021-11-07 10:05:16.887,In_Position_Upright,Puttering_Around,,Located_Indoors,Free_Living,
2021-11-07 10:05:25.887,2021-11-07 10:06:02.887,In_Position_Upright,Washing_Hands,,Located_Indoors,Free_Living,
2021-11-07 10:06:03.887,2021-11-07 10:06:58.875,In_Position_Upright,Puttering_Around,,Located_Indoors,Free_Living,
2021-11-07 10:06:59.875,2021-11-07 10:07:33.875,In_Position_Upright,Puttering_Around,,Located_Indoors|Texting/Browsing_Phone,Free_Living,
2021-11-07 10:07:34.875,2021-11-07 10:09:25.875,In_Position_Upright,Puttering_Around,Doing_Common_Housework_Light,Located_Indoors,Free_Living,
2021-11-07 10:09:26.875,2021-11-07 10:31:43.825,In_Position_Upright,Puttering_Around,Doing_Common_Housework_Light|Packing/Unpacking_Something,Located_Indoors,Free_Living,
2021-11-07 10:31:45.825,2021-11-07 10:33:10.825,In_Position_Upright,Organizing_Shelf/Cabinet,Doing_Common_Housework_Light|Packing/Unpacking_Something,Located_Indoors,Free_Living,
2021-11-07 10:33:12.825,2021-11-07 10:33:46.825,In_Position_Upright,Puttering_Around,Doing_Common_Housework_Light,Located_Indoors,Free_Living,
2021-11-07 10:33:46.825,2021-11-07 10:36:00.812,In_Position_Upright,Organizing_Shelf/Cabinet,Doing_Common_Housework_Light,Located_Indoors,Free_Living,
2021-11-07 10:36:02.812,2021-11-07 10:36:20.812,In_Position_Upright,Organizing_Shelf/Cabinet,Doing_Common_Housework_Light,Located_Indoors,Free_Living,
2021-11-07 10:36:21.812,2021-11-07 10:38:49.812,In_Position_Upright,Puttering_Around,Doing_Common_Housework_Light,Located_Indoors,Free_Living,
2021-11-07 10:38:50.812,2021-11-07 10:39:44.800,In_Position_Upright,Puttering_Around,Cooking/Prepping_Food|Eating/Dining,Located_Indoors,Free_Living,
2021-11-07 10:39:46.800,2021-11-07 10:42:31.800,In_Position_Upright,Standing_With_Movement,Cleaning,Located_Indoors,Free_Living,
2021-11-07 10:42:34.800,2021-11-07 10:54:40.775,In_Position_Upright,Puttering_Around,Doing_Common_Housework_Light,Located_Indoors,Free_Living,
2021-11-07 10:54:42.775,2021-11-07 10:57:46.762,In_Position_Upright,Standing_With_Movement,Doing_Common_Housework_Light,Located_Indoors|Texting/Browsing_Phone,Free_Living,
2021-11-07 10:57:46.762,2021-11-07 10:57:58.762,In_Position_Upright,Walking,,Located_Indoors,Free_Living,
2021-11-07 10:57:58.762,2021-11-07 11:06:33.750,Posture_Video_Unavailable/Indecipherable,PA_Type_Video_Unavailable/Indecipherable,HLB_Video_Unavailable/Indecipherable,CP_Video_Unavailable/Indecipherable,Free_Living,
2021-11-07 11:06:49.750,2021-11-07 11:07:07.737,In_Position_Upright,Puttering_Around,HLB_Video_Unavailable/Indecipherable,Located_Indoors,Free_Living,
2021-11-07 11:07:08.737,2021-11-07 11:08:26.737,In_Position_Upright,Puttering_Around,HLB_Video_Unavailable/Indecipherable|Cooking/Prepping_Food,Located_Indoors|Holding_Drink,Free_Living,
2021-11-07 11:08:35.737,2021-11-07 11:57:15.625,In_Position_Sitting,Cycling_Active_Pedaling_Stationary_Bike,Exercising_Gym_Stationary_Bicycle,Located_Indoors,Free_Living,
2021-11-07 11:57:17.625,2021-11-07 11:57:40.625,In_Position_Upright,Walking,,Located_Indoors|Holding_Drink,Free_Living,
2021-11-07 11:57:42.625,2021-11-07 11:57:50.625,In_Position_Upright,Standing_With_Movement,,Located_Indoors|Holding_Drink,Free_Living,
2021-11-07 11:57:52.625,2021-11-07 11:59:22.625,In_Position_Upright,Puttering_Around,,Located_Indoors,Free_Living,
2021-11-07 11:59:24.625,2021-11-07 12:23:27.575,Posture_Video_Unavailable/Indecipherable,PA_Type_Video_Unavailable/Indecipherable,HLB_Video_Unavailable/Indecipherable,Located_Indoors,Free_Living,
2021-11-07 12:23:29.575,2021-11-07 12:25:33.562,In_Position_Upright,Puttering_Around,Eating/Dining,Located_Indoors,Free_Living,
2021-11-07 12:25:35.562,2021-11-07 12:36:42.537,In_Position_Upright,Puttering_Around,Doing_Common_Housework_Light,Located_Indoors,Free_Living,
2021-11-07 12:36:43.537,2021-11-07 12:37:04.537,In_Position_Upright,Puttering_Around,Cooking/Prepping_Food,Located_Indoors,Free_Living,
2021-11-07 12:37:05.537,2021-11-07 12:39:47.537,In_Position_Upright,Puttering_Around,Doing_Common_Housework_Light,Located_Indoors,Free_Living,
2021-11-07 12:39:48.537,2021-11-07 12:40:21.525,In_Position_Upright,Walking,,Located_Indoors,Free_Living,
2021-11-07 12:40:22.525,2021-11-07 12:40:28.525,In_Position_Upright,Walking_Up_Stairs,,Located_Indoors,Free_Living,
2021-11-07 12:40:36.525,2021-11-07 12:40:45.525,In_Position_Upright,Walking_Down_Stairs,,Located_Indoors,Free_Living,
2021-11-07 12:40:45.525,2021-11-07 12:40:56.525,In_Position_Upright,Walking,,Located_Indoors|Holding_Other_Object_Light,Free_Living,
2021-11-07 12:40:58.525,2021-11-07 12:41:47.525,In_Position_Upright,Puttering_Around,,Located_Indoors,Free_Living,
2021-11-07 12:41:48.525,2021-11-07 12:42:06.525,In_Position_Upright,Washing_Hands,,Located_Indoors,Free_Living,
2021-11-07 12:42:08.525,2021-11-07 12:42:17.525,In_Position_Upright,Puttering_Around,,Located_Indoors,Free_Living,
2021-11-07 12:42:18.525,2021-11-07 12:44:42.525,In_Position_Upright,Puttering_Around,Cooking/Prepping_Food,Located_Indoors,Free_Living,
2021-11-07 12:44:43.525,2021-11-07 12:45:34.512,In_Position_Upright,Puttering_Around,Doing_Common_Housework_Light,Located_Indoors,Free_Living,
2021-11-07 12:45:35.512,2021-11-07 12:58:40.487,In_Position_Sitting,Sitting_With_Movement,Eating/Dining|Watching_TV/Movies,Located_Indoors|Holding_Solid_Food,Free_Living,
2021-11-07 12:58:42.487,2021-11-07 12:59:20.487,In_Position_Upright,Puttering_Around,Cleaning,Located_Indoors,Free_Living,
2021-11-07 12:59:21.487,2021-11-07 13:05:39.475,In_Position_Upright,Puttering_Around,Cooking/Prepping_Food,Located_Indoors,Free_Living,
2021-11-07 13:05:42.475,2021-11-07 13:09:58.462,Lying_On_Back,Lying_With_Movement,Relaxing_Passive|Watching_TV/Movies,Located_Indoors,Free_Living,
2021-11-07 13:09:59.462,2021-11-07 13:10:29.462,In_Position_Upright,Puttering_Around,Relaxing_Passive|Playing_With_Pets,Located_Indoors,Free_Living,
2021-11-07 13:10:31.462,2021-11-07 13:10:50.462,Lying_On_Back,Lying_With_Movement,Relaxing_Passive|Playing_With_Pets,Located_Indoors,Free_Living,
2021-11-07 13:10:51.462,2021-11-07 13:31:01.412,Lying_On_Back,Lying_With_Movement,Relaxing_Passive|Watching_TV/Movies,Located_Indoors,Free_Living,
2021-11-07 13:31:04.412,2021-11-07 13:32:39.412,In_Position_Upright,Walking,,Located_Indoors,Free_Living,
2021-11-07 13:32:41.412,2021-11-07 13:33:17.412,In_Position_Sitting,Sitting_With_Movement,Using_Computer/Screen,Located_Indoors,Free_Living,
2021-11-07 13:33:18.412,2021-11-07 13:33:53.412,In_Position_Upright,Walking,HLB_Other,Located_Indoors,Free_Living,
2021-11-07 13:33:54.412,2021-11-07 13:36:57.400,In_Position_Sitting,Sitting_With_Movement,HLB_Video_Unavailable/Indecipherable,Located_Indoors,Free_Living,
2021-11-07 13:36:57.400,2021-11-07 13:37:16.400,In_Position_Sitting,Sitting_With_Movement,Using_Computer/Screen,Located_Indoors|Browsing_Computer|Legs_Uncrossed,Free_Living,
2021-11-07 13:37:16.400,2021-11-07 13:40:21.387,Posture_Video_Unavailable/Indecipherable,PA_Type_Video_Unavailable/Indecipherable,HLB_Video_Unavailable/Indecipherable,CP_Video_Unavailable/Indecipherable|Located_Indoors,Free_Living,
2021-11-07 13:40:23.387,2021-11-07 14:06:13.337,In_Position_Sitting,Sitting_With_Movement,Using_Computer/Screen,Located_Indoors|Browsing_Computer|Legs_Uncrossed,Free_Living,
2021-11-07 14:06:15.337,2021-11-07 14:10:01.325,Posture_Video_Unavailable/Indecipherable,PA_Type_Video_Unavailable/Indecipherable,HLB_Video_Unavailable/Indecipherable,Located_Indoors|CP_Video_Unavailable/Indecipherable,Free_Living,
2021-11-07 14:10:04.325,2021-11-07 14:10:28.325,In_Position_Upright,Puttering_Around,,Located_Indoors|Texting/Browsing_Phone,Free_Living,
2021-11-07 14:10:29.325,2021-11-07 14:13:47.312,In_Position_Reclining/Slouching,Sitting_With_Movement,,Located_Indoors|Texting/Browsing_Phone,Free_Living,
2021-11-07 14:13:51.312,2021-11-07 14:15:05.312,In_Position_Sitting,Sitting_With_Movement,Using_Computer/Screen,Located_Indoors|Browsing_Computer,Free_Living,
2021-11-07 14:15:06.312,2021-11-07 14:16:11.312,In_Position_Sitting,Sitting_With_Movement,Using_Computer/Screen,Located_Indoors|Browsing_Computer|Typing_Computer,Free_Living,
2021-11-07 14:16:12.312,2021-11-07 14:37:48.262,In_Position_Sitting,Sitting_With_Movement,Using_Computer/Screen,Browsing_Computer|Located_Indoors,Free_Living,
2021-11-07 14:37:49.262,2021-11-07 14:39:23.262,In_Position_Sitting,Sitting_With_Movement,Using_Computer/Screen,Browsing_Computer|Located_Indoors|Typing_Computer,Free_Living,
2021-11-07 14:39:25.262,2021-11-07 15:11:07.187,In_Position_Sitting,Sitting_With_Movement,Using_Computer/Screen,Browsing_Computer|Located_Indoors,Free_Living,
2021-11-07 15:11:08.187,2021-11-07 15:11:34.187,In_Position_Sitting,Sitting_With_Movement,Using_Computer/Screen,Browsing_Computer|Located_Indoors|Typing_Computer,Free_Living,
2021-11-07 15:11:35.187,2021-11-07 15:13:28.175,In_Position_Sitting,Sitting_With_Movement,Using_Computer/Screen,Browsing_Computer|Located_Indoors,Free_Living,
2021-11-07 15:13:30.175,2021-11-07 15:14:26.175,In_Position_Sitting,Sitting_With_Movement,Using_Computer/Screen,Browsing_Computer|Located_Indoors|Typing_Computer,Free_Living,
2021-11-07 15:14:28.175,2021-11-07 15:20:14.162,In_Position_Sitting,Sitting_With_Movement,Using_Computer/Screen,Browsing_Computer|Located_Indoors,Free_Living,
2021-11-07 15:20:15.162,2021-11-07 15:21:27.162,In_Position_Sitting,Sitting_With_Movement,Using_Computer/Screen,Browsing_Computer|Located_Indoors|Typing_Computer,Free_Living,
2021-11-07 15:21:30.162,2021-11-07 15:24:10.162,In_Position_Sitting,Sitting_With_Movement,Using_Computer/Screen,Browsing_Computer|Located_Indoors|Typing_Computer,Free_Living,
2021-11-07 15:24:13.162,2021-11-07 15:25:24.150,Posture_Video_Unavailable/Indecipherable,PA_Type_Video_Unavailable/Indecipherable,HLB_Video_Unavailable/Indecipherable,Located_Indoors,Free_Living,
2021-11-07 15:25:26.150,2021-11-07 15:38:01.125,In_Position_Sitting,Sitting_With_Movement,Using_Computer/Screen,Located_Indoors|Browsing_Computer|Legs_Uncrossed,Free_Living,
2021-11-07 15:38:04.125,2021-11-07 15:38:25.125,In_Position_Upright,Walking,,Located_Indoors,Free_Living,
2021-11-07 15:38:26.125,2021-11-07 15:40:14.125,Posture_Video_Unavailable/Indecipherable,PA_Type_Video_Unavailable/Indecipherable,HLB_Video_Unavailable/Indecipherable,Located_Indoors,Free_Living,
2021-11-07 15:40:15.125,2021-11-07 15:40:32.125,In_Position_Upright,Puttering_Around,,Located_Indoors,Free_Living,
2021-11-07 15:40:32.125,2021-11-07 15:42:45.112,In_Position_Kneeling,Kneeling_With_Movement,Playing_With_Pets,Located_Indoors,Free_Living,
2021-11-07 15:42:47.112,2021-11-07 15:43:53.112,In_Position_Upright,Puttering_Around,Cooking/Prepping_Food,Located_Indoors,Free_Living,
2021-11-07 15:43:54.112,2021-11-07 15:46:57.100,In_Position_Upright,Puttering_Around,Eating/Dining,Located_Indoors|Holding_Solid_Food,Free_Living,
2021-11-07 15:46:59.100,2021-11-07 15:47:31.100,In_Position_Upright,Standing_With_Movement,Cooking/Prepping_Food,Located_Indoors,Free_Living,
2021-11-07 15:47:33.100,2021-11-07 15:48:11.100,In_Position_Upright,Standing_With_Movement,Eating/Dining,Located_Indoors|Holding_Solid_Food,Free_Living,
2021-11-07 15:48:12.100,2021-11-07 15:50:04.100,In_Position_Upright,Standing_With_Movement,Cooking/Prepping_Food,Located_Indoors,Free_Living,
2021-11-07 15:50:05.100,2021-11-07 15:51:03.100,In_Position_Upright,Puttering_Around,,Located_Indoors,Free_Living,
2021-11-07 15:51:03.100,2021-11-07 15:51:17.100,In_Position_Upright,Standing_With_Movement,Dressing/Undressing,Located_Indoors,Free_Living,
2021-11-07 15:51:17.100,2021-11-07 15:51:26.100,In_Position_Upright,Walking,,Located_Indoors,Free_Living,
2021-11-07 15:51:28.100,2021-11-07 15:58:38.075,In_Position_Sitting,Sitting_With_Movement,Using_Computer/Screen,Located_Indoors|Browsing_Computer|Legs_Uncrossed,Free_Living,
2021-11-07 15:58:39.075,2021-11-07 15:59:36.075,In_Position_Sitting,Sitting_With_Movement,Using_Computer/Screen,Located_Indoors|Browsing_Computer|Legs_Uncrossed|Typing_Computer,Free_Living,
2021-11-07 15:59:37.075,2021-11-07 16:02:45.062,In_Position_Sitting,Sitting_With_Movement,Using_Computer/Screen,Located_Indoors|Browsing_Computer|Legs_Uncrossed,Free_Living,
2021-11-07 16:02:46.062,2021-11-07 16:03:54.062,In_Position_Sitting,Sitting_With_Movement,Using_Computer/Screen,Located_Indoors|Legs_Uncrossed|Texting/Browsing_Phone,Free_Living,
2021-11-07 16:03:56.062,2021-11-07 16:17:14.037,In_Position_Sitting,Sitting_With_Movement,Using_Computer/Screen,Located_Indoors|Legs_Uncrossed|Browsing_Computer,Free_Living,
2021-11-07 16:17:16.037,2021-11-07 16:18:57.037,In_Position_Sitting,Sitting_With_Movement,Using_Computer/Screen,Located_Indoors|Legs_Uncrossed|Browsing_Computer|Typing_Computer,Free_Living,
2021-11-07 16:18:58.037,2021-11-07 16:34:45.000,In_Position_Sitting,Sitting_With_Movement,Using_Computer/Screen,Located_Indoors|Legs_Uncrossed|Browsing_Computer,Free_Living,
2021-11-07 16:34:47.000,2021-11-07 16:36:16.987,In_Position_Sitting,Sitting_With_Movement,Using_Computer/Screen,Located_Indoors|Legs_Uncrossed|Browsing_Computer|Typing_Computer,Free_Living,
2021-11-07 16:36:17.987,2021-11-07 16:39:07.987,In_Position_Sitting,Sitting_With_Movement,Using_Computer/Screen,Located_Indoors|Legs_Uncrossed|Browsing_Computer,Free_Living,
2021-11-07 16:39:08.987,2021-11-07 16:42:08.975,Posture_Video_Unavailable/Indecipherable,PA_Type_Video_Unavailable/Indecipherable,HLB_Video_Unavailable/Indecipherable,Located_Indoors,Free_Living,
2021-11-07 16:42:10.975,2021-11-07 17:00:40.937,In_Position_Sitting,Sitting_With_Movement,Using_Computer/Screen,Located_Indoors|Browsing_Computer|Legs_Uncrossed,Free_Living,
2021-11-07 17:00:42.937,2021-11-07 17:01:30.937,In_Position_Upright,Walking,,Located_Indoors,Free_Living,
2021-11-07 17:01:32.937,2021-11-07 17:02:15.937,In_Position_Upright,Walking,,Located_Indoors|Holding_Other_Object_Light,Free_Living,
2021-11-07 17:02:16.937,2021-11-07 17:04:04.925,In_Position_Upright,Standing_With_Movement,Packing/Unpacking_Something,Located_Indoors,Free_Living,
2021-11-07 17:04:05.925,2021-11-07 17:10:31.912,In_Position_Upright,Puttering_Around,Doing_Common_Housework,Located_Indoors,Free_Living,
2021-11-07 17:10:31.912,2021-11-07 17:10:38.912,In_Position_Upright,Walking_Down_Stairs,Doing_Common_Housework|Doing_Laundry,Located_Indoors,Free_Living,
2021-11-07 17:10:38.912,2021-11-07 17:11:07.912,In_Position_Upright,Loading/Unloading_Washing_Machine/Dryer,Doing_Laundry,Located_Indoors,Free_Living,
2021-11-07 17:11:09.912,2021-11-07 17:11:15.912,In_Position_Upright,Walking_Up_Stairs,Doing_Common_Housework,Located_Indoors,Free_Living,
2021-11-07 17:11:16.912,2021-11-07 17:11:33.912,In_Position_Upright,Puttering_Around,Doing_Common_Housework,Located_Indoors,Free_Living,
2021-11-07 17:11:34.912,2021-11-07 17:11:39.912,In_Position_Upright,Walking_Down_Stairs,Doing_Common_Housework|Cleaning,Located_Indoors,Free_Living,
2021-11-07 17:11:39.912,2021-11-07 17:11:49.912,In_Position_Upright,Puttering_Around,Doing_Common_Housework,Located_Indoors,Free_Living,
2021-11-07 17:11:49.912,2021-11-07 17:11:56.912,In_Position_Upright,Walking_Up_Stairs,Doing_Common_Housework,Located_Indoors,Free_Living,
2021-11-07 17:11:59.912,2021-11-07 17:12:35.912,In_Position_Upright,Walking,,Located_Indoors,Free_Living,
2021-11-07 17:12:37.912,2021-11-07 17:12:51.912,In_Position_Upright,Walking,,Located_Indoors|Texting/Browsing_Phone,Free_Living,
2021-11-07 17:12:53.912,2021-11-07 17:12:59.912,In_Position_Upright,Walking,,Located_Indoors,Free_Living,
2021-11-07 17:13:01.912,2021-11-07 17:13:57.900,Posture_Video_Unavailable/Indecipherable,PA_Type_Video_Unavailable/Indecipherable,HLB_Video_Unavailable/Indecipherable,Located_Indoors,Free_Living,
2021-11-07 17:13:59.900,2021-11-07 17:14:51.900,In_Position_Upright,Puttering_Around,,Located_Indoors,Free_Living,
2021-11-07 17:14:52.900,2021-11-07 17:15:24.900,Posture_Other,PA_Type_Other,Playing_With_Pets,Located_Indoors,Free_Living,
2021-11-07 17:15:24.900,2021-11-07 17:19:33.887,In_Position_Upright,Puttering_Around,,Located_Indoors,Free_Living,
2021-11-07 17:19:35.887,2021-11-07 17:20:11.887,In_Position_Upright,Standing_With_Movement,,Located_Indoors|Texting/Browsing_Phone,Free_Living,
2021-11-07 17:20:12.887,2021-11-07 17:20:45.887,In_Position_Upright,Puttering_Around,Walking_Pet,Located_Indoors,Free_Living,
2021-11-07 17:20:46.887,2021-11-07 17:20:56.887,In_Position_Upright,Walking_Down_Stairs,Walking_Pet,Located_Indoors,Free_Living,
2021-11-07 17:20:57.887,2021-11-07 17:43:06.837,In_Position_Upright,Walking,Walking_Pet,Located_Outdoors,Free_Living,
2021-11-07 17:43:07.837,2021-11-07 17:43:18.837,In_Position_Upright,Walking_Up_Stairs,Walking_Pet,Located_Indoors,Free_Living,
2021-11-07 17:43:19.837,2021-11-07 17:44:35.837,In_Position_Upright,Puttering_Around,Walking_Pet,Located_Indoors,Free_Living,
2021-11-07 17:44:37.837,2021-11-07 17:45:28.837,In_Position_Upright,Puttering_Around,,Located_Indoors,Free_Living,
2021-11-07 17:45:30.837,2021-11-07 17:45:35.837,Posture_Video_Unavailable/Indecipherable,PA_Type_Video_Unavailable/Indecipherable,HLB_Video_Unavailable/Indecipherable,Located_Indoors,Free_Living,
2021-11-07 17:45:35.837,2021-11-07 17:45:45.837,In_Position_Upright,Puttering_Around,,Located_Indoors,Free_Living,
2021-11-07 17:45:45.837,2021-11-07 17:46:16.837,In_Position_Upright,Washing_Hands,,Located_Indoors,Free_Living,
2021-11-07 17:46:16.837,2021-11-07 17:46:56.825,In_Position_Upright,Puttering_Around,,Located_Indoors,Free_Living,
2021-11-07 17:46:57.825,2021-11-07 17:47:17.825,In_Position_Upright,Standing_With_Movement,Cooking/Prepping_Food,Located_Indoors,Free_Living,
2021-11-07 17:47:18.825,2021-11-07 17:48:25.825,In_Position_Upright,Standing_With_Movement,Cooking/Prepping_Food|Eating/Dining,Located_Indoors,Free_Living,
2021-11-07 17:48:26.825,2021-11-07 17:50:45.825,In_Position_Upright,Puttering_Around,Cleaning|Doing_Common_Housework_Light,Located_Indoors,Free_Living,
2021-11-07 17:50:45.825,2021-11-07 17:51:08.825,In_Position_Upright,Washing_Hands,,Located_Indoors,Free_Living,
2021-11-07 17:51:09.825,2021-11-07 17:51:25.825,In_Position_Upright,Walking,,Located_Indoors,Free_Living,
2021-11-07 17:51:26.825,2021-11-07 17:52:26.812,Posture_Video_Unavailable/Indecipherable,PA_Type_Video_Unavailable/Indecipherable,HLB_Video_Unavailable/Indecipherable,Located_Indoors,Free_Living,
2021-11-07 17:52:28.812,2021-11-07 17:53:51.812,In_Position_Upright,Puttering_Around,,Located_Indoors,Free_Living,
2021-11-07 17:53:52.812,2021-11-07 17:55:48.812,Posture_Video_Unavailable/Indecipherable,PA_Type_Video_Unavailable/Indecipherable,HLB_Video_Unavailable/Indecipherable,Located_Indoors,Free_Living,
2021-11-07 17:55:50.812,2021-11-07 17:56:03.812,In_Position_Upright,Walking,,Located_Indoors,Free_Living,
2021-11-07 17:56:05.812,2021-11-07 17:57:34.812,In_Position_Sitting,Sitting_With_Movement,Using_Computer/Screen,Located_Indoors|Browsing_Computer|Legs_Uncrossed,Free_Living,
2021-11-07 17:57:35.800,2021-11-07 17:58:00.800,In_Position_Sitting,Sitting_With_Movement,Using_Computer/Screen,Located_Indoors|Browsing_Computer|Legs_Uncrossed|Typing_Computer,Free_Living,
2021-11-07 17:58:01.800,2021-11-07 18:02:29.800,In_Position_Sitting,Sitting_With_Movement,Using_Computer/Screen,Located_Indoors|Browsing_Computer|Legs_Uncrossed,Free_Living,
2021-11-07 18:02:30.800,2021-11-07 18:35:55.712,In_Position_Sitting,Sitting_With_Movement,Using_Computer/Screen|Meeting_Virtual,Located_Indoors|Legs_Uncrossed|In_Conversation|Browsing_Computer,Free_Living,
2021-11-07 18:35:58.712,2021-11-07 18:37:16.712,In_Position_Sitting,Sitting_With_Movement,Using_Computer/Screen,Located_Indoors|Legs_Uncrossed|Browsing_Computer,Free_Living,
2021-11-07 18:37:17.712,2021-11-07 18:38:42.712,In_Position_Sitting,Sitting_With_Movement,Using_Computer/Screen,Located_Indoors|Legs_Uncrossed|Texting/Browsing_Phone,Free_Living,
2021-11-07 18:38:44.712,2021-11-07 18:39:38.712,In_Position_Sitting,Sitting_With_Movement,Using_Computer/Screen,Located_Indoors|Legs_Uncrossed|Browsing_Computer,Free_Living,
2021-11-07 18:39:39.712,2021-11-07 18:40:12.712,In_Position_Sitting,Sitting_With_Movement,Using_Computer/Screen,Located_Indoors|Legs_Uncrossed|Browsing_Computer|Typing_Computer,Free_Living,
2021-11-07 18:40:13.712,2021-11-07 19:01:06.662,In_Position_Sitting,Sitting_With_Movement,Using_Computer/Screen,Located_Indoors|Legs_Uncrossed|Browsing_Computer,Free_Living,
2021-11-07 19:01:07.662,2021-11-07 19:07:54.650,Posture_Video_Unavailable/Indecipherable,PA_Type_Video_Unavailable/Indecipherable,HLB_Video_Unavailable/Indecipherable,Located_Indoors,Free_Living,
2021-11-07 19:07:55.650,2021-11-07 19:15:19.625,In_Position_Sitting,Sitting_With_Movement,Using_Computer/Screen,Located_Indoors|Legs_Uncrossed|Browsing_Computer,Free_Living,
2021-11-07 19:15:20.625,2021-11-07 19:16:05.625,In_Position_Sitting,Sitting_With_Movement,Playing_With_Pets,Located_Indoors|Legs_Uncrossed,Free_Living,
2021-11-07 19:16:06.625,2021-11-07 19:16:44.625,In_Position_Upright,Walking,HLB_Other,Located_Indoors,Free_Living,
2021-11-07 19:16:46.625,2021-11-07 19:17:44.625,In_Position_Upright,Standing_With_Movement,Cooking/Prepping_Food|Eating/Dining,Located_Indoors,Free_Living,
2021-11-07 19:17:45.625,2021-11-07 19:18:10.625,In_Position_Upright,Puttering_Around,Cleaning,Located_Indoors,Free_Living,
2021-11-07 19:18:11.625,2021-11-07 19:18:22.625,In_Position_Upright,Walking,,Located_Indoors,Free_Living,
2021-11-07 19:18:24.625,2021-11-07 19:19:00.625,In_Position_Upright,Puttering_Around,Cooking/Prepping_Food,Located_Indoors,Free_Living,
2021-11-07 19:19:02.625,2021-11-07 19:20:01.612,Posture_Video_Unavailable/Indecipherable,PA_Type_Video_Unavailable/Indecipherable,HLB_Video_Unavailable/Indecipherable,Located_Indoors,Free_Living,
2021-11-07 19:20:02.612,2021-11-07 19:20:11.612,In_Position_Upright,Walking,,Located_Indoors,Free_Living,
2021-11-07 19:20:16.612,2021-11-07 19:22:48.612,In_Position_Upright,Puttering_Around,Cooking/Prepping_Food,Located_Indoors,Free_Living,
2021-11-07 19:22:48.612,2021-11-07 19:22:58.612,In_Position_Upright,Walking,,Located_Indoors|Holding_Drink,Free_Living,
2021-11-07 19:22:58.612,2021-11-07 19:23:12.612,Posture_Too_Complex,PA_Type_Too_Complex,,Located_Indoors,Free_Living,
2021-11-07 19:23:12.612,2021-11-07 19:23:16.612,In_Position_Upright,Walking,,Located_Indoors,Free_Living,
2021-11-07 19:23:17.612,2021-11-07 19:23:32.612,In_Position_Kneeling,Kneeling_With_Movement,Playing_With_Pets,Located_Indoors,Free_Living,
2021-11-07 19:23:33.612,2021-11-07 19:23:40.612,In_Position_Upright,Walking,,Located_Indoors,Free_Living,
2021-11-07 19:23:41.612,2021-11-07 19:33:39.587,In_Position_Sitting,Sitting_With_Movement,Using_Computer/Screen,Located_Indoors|Browsing_Computer,Free_Living,
2021-11-07 19:33:40.587,2021-11-07 19:34:24.587,In_Position_Upright,Puttering_Around,,Located_Indoors,Free_Living,
2021-11-07 19:34:26.587,2021-11-07 19:34:42.587,In_Position_Upright,Puttering_Around,Dressing/Undressing,Located_Indoors,Free_Living,
2021-11-07 19:34:42.587,2021-11-07 19:35:04.587,In_Position_Upright,Walking,,Located_Indoors,Free_Living,
2021-11-07 19:35:05.587,2021-11-07 19:35:11.587,In_Position_Upright,Walking_Down_Stairs,In_Transit_Active,Located_Indoors,Free_Living,
2021-11-07 19:35:11.587,2021-11-07 19:39:11.575,In_Position_Upright,Walking,In_Transit_Active,Located_Outdoors,Free_Living,
2021-11-07 19:39:12.575,2021-11-07 19:52:49.537,Posture_Video_Unavailable/Indecipherable,PA_Type_Video_Unavailable/Indecipherable,HLB_Video_Unavailable/Indecipherable,CP_Video_Unavailable/Indecipherable,Free_Living,
2021-11-07 19:52:49.537,2021-11-07 19:52:53.537,In_Position_Upright,Standing_With_Movement,Dressing/Undressing,Located_Indoors,Free_Living,
2021-11-07 19:52:53.537,2021-11-07 19:53:37.537,In_Position_Upright,Washing_Hands,,Located_Indoors,Free_Living,
2021-11-07 19:53:37.537,2021-11-07 19:54:48.537,In_Position_Upright,Puttering_Around,Doing_Common_Housework_Light,Located_Indoors,Free_Living,
2021-11-07 19:54:49.537,2021-11-07 20:15:15.487,In_Position_Upright,Puttering_Around,Cooking/Prepping_Food,Located_Indoors,Free_Living,
2021-11-07 20:15:41.487,2021-11-07 20:42:20.425,In_Position_Sitting,Sitting_With_Movement,Eating/Dining,Located_Indoors,Free_Living,
2021-11-07 20:42:21.425,2021-11-07 20:42:31.425,In_Position_Upright,Puttering_Around,Playing_With_Pets,Located_Indoors,Free_Living,
2021-11-07 20:42:33.425,2021-11-07 20:45:00.425,In_Position_Sitting,Sitting_With_Movement,,Located_Indoors|In_Conversation|Legs_Crossed,Free_Living,
2021-11-07 20:45:01.425,2021-11-07 20:47:38.412,In_Position_Sitting,Sitting_With_Movement,,Located_Indoors|Legs_Crossed|Texting/Browsing_Phone,Free_Living,
2021-11-07 20:47:38.412,2021-11-07 20:54:05.400,In_Position_Sitting,Sitting_With_Movement,Eating/Dining,Located_Indoors|Legs_Crossed,Free_Living,
2021-11-07 20:54:06.400,2021-11-07 20:57:29.400,In_Position_Upright,Puttering_Around,Cleaning|Doing_Dishes,Located_Indoors,Free_Living,
2021-11-07 20:57:30.400,2021-11-07 21:00:48.387,In_Position_Upright,Puttering_Around,Cleaning,Located_Indoors|In_Conversation,Free_Living,
2021-11-07 21:00:51.387,2021-11-07 21:01:16.387,In_Position_Upright,Puttering_Around,,Located_Indoors,Free_Living,
2021-11-07 21:01:16.387,2021-11-07 21:02:36.387,In_Position_Upright,Puttering_Around,Cleaning,Located_Indoors,Free_Living,
2021-11-07 21:02:36.387,2021-11-07 21:03:01.387,In_Position_Upright,Puttering_Around,Cleaning,Located_Indoors,Free_Living,
2021-11-07 21:03:03.387,2021-11-07 21:03:12.387,In_Position_Upright,Washing_Hands,Cleaning,Located_Indoors,Free_Living,
2021-11-07 21:03:12.387,2021-11-07 21:04:16.375,In_Position_Upright,Puttering_Around,Cleaning,Located_Indoors,Free_Living,
2021-11-07 21:04:16.375,2021-11-07 21:04:36.375,In_Position_Upright,Walking,,Located_Indoors,Free_Living,
2021-11-07 21:04:37.375,2021-11-07 21:06:52.375,In_Position_Upright,Puttering_Around,Cleaning,Located_Indoors,Free_Living,
2021-11-07 21:06:52.375,2021-11-07 21:07:00.375,In_Position_Upright,Walking_Down_Stairs,Doing_Laundry,Located_Indoors,Free_Living,
2021-11-07 21:07:00.375,2021-11-07 21:07:23.375,In_Position_Upright,Loading/Unloading_Washing_Machine/Dryer,Doing_Laundry,Located_Indoors,Free_Living,
2021-11-07 21:07:23.375,2021-11-07 21:07:32.375,In_Position_Upright,Walking_Up_Stairs,Doing_Laundry,Located_Indoors,Free_Living,
2021-11-07 21:07:32.375,2021-11-07 21:13:35.362,In_Position_Upright,Puttering_Around,Cleaning,Located_Indoors|In_Conversation,Free_Living,
2021-11-07 21:13:38.362,2021-11-07 21:21:18.337,In_Position_Sitting,Sitting_With_Movement,Relaxing_Passive,Located_Indoors|In_Conversation|Legs_Crossed|Holding_Drink,Free_Living,
2021-11-07 21:21:20.337,2021-11-07 21:25:12.337,In_Position_Sitting,Sitting_With_Movement,Relaxing_Passive,Located_Indoors|In_Conversation|Legs_Crossed,Free_Living,
2021-11-07 21:25:12.337,2021-11-07 21:25:17.337,In_Position_Upright,Walking,,Located_Indoors,Free_Living,
2021-11-07 21:25:18.337,2021-11-07 21:25:58.325,In_Position_Upright,Washing_Hands,,Located_Indoors,Free_Living,
2021-11-07 21:25:59.325,2021-11-07 21:28:30.325,In_Position_Upright,Puttering_Around,,Located_Indoors,Free_Living,
2021-11-07 21:28:31.325,2021-11-07 21:39:22.300,In_Position_Sitting,Sitting_With_Movement,Using_Computer/Screen,Located_Indoors|Browsing_Computer,Free_Living,
2021-11-07 21:39:23.300,2021-11-07 21:41:05.300,In_Position_Sitting,Sitting_With_Movement,Using_Computer/Screen,Located_Indoors|Browsing_Computer|Typing_Computer,Free_Living,
2021-11-07 21:41:06.300,2021-11-07 21:43:52.287,In_Position_Sitting,Sitting_With_Movement,Using_Computer/Screen,Located_Indoors|Browsing_Computer,Free_Living,
2021-11-07 21:43:52.287,2021-11-07 21:44:14.287,In_Position_Sitting,Sitting_With_Movement,Using_Computer/Screen,Located_Indoors|Browsing_Computer|Typing_Computer,Free_Living,
2021-11-07 21:44:16.287,2021-11-07 21:45:07.287,In_Position_Sitting,Sitting_With_Movement,Using_Computer/Screen,Located_Indoors|Browsing_Computer,Free_Living,
2021-11-07 21:45:08.287,2021-11-07 21:45:47.287,In_Position_Sitting,Sitting_With_Movement,Using_Computer/Screen,Located_Indoors|Browsing_Computer|Legs_Crossed|Typing_Computer,Free_Living,
2021-11-07 21:45:47.287,2021-11-07 21:47:55.275,In_Position_Sitting,Sitting_With_Movement,Using_Computer/Screen,Located_Indoors|Browsing_Computer|Legs_Crossed,Free_Living,
2021-11-07 21:47:56.275,2021-11-07 22:02:19.250,In_Position_Sitting,Sitting_With_Movement,Using_Computer/Screen,Located_Indoors|Browsing_Computer,Free_Living,
2021-11-07 22:02:21.250,2021-11-07 22:02:41.250,In_Position_Upright,Puttering_Around,,Located_Indoors,Free_Living,
2021-11-07 22:02:42.250,2021-11-07 22:03:09.250,In_Position_Upright,Standing_With_Movement,,Located_Indoors|In_Conversation,Free_Living,
2021-11-07 22:03:10.250,2021-11-07 22:04:15.237,In_Position_Upright,Puttering_Around,Cooking/Prepping_Food,Located_Indoors,Free_Living,
2021-11-07 22:04:16.237,2021-11-07 22:04:28.237,In_Position_Sitting,Sitting_With_Movement,Using_Computer/Screen,Located_Indoors,Free_Living,
2021-11-07 22:04:29.237,2021-11-07 22:04:41.237,In_Position_Upright,Puttering_Around,,Located_Indoors,Free_Living,
2021-11-07 22:04:42.237,2021-11-07 22:04:54.237,In_Position_Upright,Walking,Dressing/Undressing,Located_Indoors,Free_Living,
2021-11-07 22:05:07.237,2021-11-07 22:05:31.237,In_Position_Sitting,Sitting_With_Movement,Using_Computer/Screen,Located_Indoors|Browsing_Computer,Free_Living,
2021-11-07 22:05:32.237,2021-11-07 22:07:00.237,In_Position_Sitting,Sitting_With_Movement,Using_Computer/Screen,Located_Indoors|Browsing_Computer|Typing_Computer,Free_Living,
2021-11-07 22:07:01.237,2021-11-07 22:23:20.200,In_Position_Sitting,Sitting_With_Movement,Using_Computer/Screen,Located_Indoors|Browsing_Computer|Legs_Uncrossed,Free_Living,
2021-11-07 22:23:21.200,2021-11-07 22:24:22.200,In_Position_Sitting,Sitting_With_Movement,Using_Computer/Screen,Located_Indoors|Browsing_Computer|Legs_Uncrossed|Typing_Computer,Free_Living,
2021-11-07 22:24:23.200,2021-11-07 22:36:08.175,In_Position_Sitting,Sitting_With_Movement,Using_Computer/Screen,Located_Indoors|Browsing_Computer|Legs_Uncrossed,Free_Living,
2021-11-07 22:36:09.175,2021-11-07 22:37:04.162,In_Position_Sitting,Sitting_With_Movement,Using_Computer/Screen,Located_Indoors|Browsing_Computer|Legs_Uncrossed|Typing_Computer,Free_Living,
2021-11-07 22:37:05.162,2021-11-07 22:43:32.150,In_Position_Sitting,Sitting_With_Movement,Using_Computer/Screen,Located_Indoors|Browsing_Computer|Legs_Uncrossed,Free_Living,
2021-11-07 22:43:33.150,2021-11-07 22:46:30.150,In_Position_Sitting,Sitting_With_Movement,Using_Computer/Screen,Located_Indoors|Browsing_Computer|Legs_Uncrossed,Free_Living,
2021-11-07 22:46:31.150,2021-11-07 22:46:48.150,In_Position_Sitting,Sitting_With_Movement,Using_Computer/Screen,Located_Indoors|Browsing_Computer|Legs_Uncrossed|Typing_Computer,Free_Living,
2021-11-07 22:46:49.150,2021-11-07 22:55:34.125,In_Position_Sitting,Sitting_With_Movement,Using_Computer/Screen,Located_Indoors|Browsing_Computer|Legs_Uncrossed,Free_Living,
2021-11-07 22:55:35.125,2021-11-07 23:00:30.112,Posture_Video_Unavailable/Indecipherable,PA_Type_Video_Unavailable/Indecipherable,HLB_Video_Unavailable/Indecipherable,Located_Indoors,Free_Living,
2021-11-07 23:00:32.112,2021-11-07 23:06:02.100,In_Position_Sitting,Sitting_With_Movement,Using_Computer/Screen,Located_Indoors|Browsing_Computer|Legs_Uncrossed,Free_Living,
2021-11-07 23:06:03.100,2021-11-07 23:07:50.100,In_Position_Sitting,Sitting_With_Movement,Using_Computer/Screen,Located_Indoors|Browsing_Computer|Legs_Uncrossed|Typing_Computer,Free_Living,
2021-11-07 23:07:51.100,2021-11-07 23:20:45.062,In_Position_Sitting,Sitting_With_Movement,Using_Computer/Screen,Located_Indoors|Browsing_Computer|Legs_Uncrossed,Free_Living,
2021-11-07 23:20:45.062,2021-11-07 23:21:09.062,In_Position_Sitting,Sitting_With_Movement,Using_Computer/Screen,Located_Indoors|Browsing_Computer|Legs_Uncrossed|Typing_Computer,Free_Living,
2021-11-07 23:21:10.062,2021-11-07 23:21:42.062,In_Position_Sitting,Sitting_With_Movement,Using_Computer/Screen,Located_Indoors|Browsing_Computer|Legs_Uncrossed,Free_Living,
2021-11-07 23:21:43.062,2021-11-07 23:23:25.062,In_Position_Sitting,Sitting_With_Movement,Using_Computer/Screen,Located_Indoors|Browsing_Computer|Legs_Uncrossed|Typing_Computer,Free_Living,
2021-11-07 23:23:27.062,2021-11-07 23:24:08.062,In_Position_Sitting,Sitting_With_Movement,Using_Computer/Screen,Located_Indoors|Browsing_Computer|Legs_Uncrossed,Free_Living,
2021-11-07 23:24:09.062,2021-11-07 23:25:03.062,In_Position_Sitting,Sitting_With_Movement,Using_Computer/Screen,Located_Indoors|Browsing_Computer|Legs_Uncrossed|Typing_Computer,Free_Living,
2021-11-07 23:25:04.062,2021-11-07 23:27:02.050,In_Position_Sitting,Sitting_With_Movement,Using_Computer/Screen,Located_Indoors|Browsing_Computer|Legs_Uncrossed,Free_Living,
2021-11-07 23:27:03.050,2021-11-07 23:30:03.050,In_Position_Sitting,Sitting_With_Movement,Using_Computer/Screen,Located_Indoors|Browsing_Computer|Legs_Uncrossed|Typing_Computer,Free_Living,
2021-11-07 23:30:05.050,2021-11-07 23:45:31.012,In_Position_Sitting,Sitting_With_Movement,Using_Computer/Screen,Located_Indoors|Browsing_Computer|Legs_Uncrossed,Free_Living,
2021-11-07 23:45:32.012,2021-11-07 23:45:43.012,In_Position_Sitting,Sitting_With_Movement,Using_Computer/Screen,Located_Indoors|Browsing_Computer|Typing_Computer,Free_Living,
2021-11-07 23:45:44.012,2021-11-07 23:49:46.000,In_Position_Sitting,Sitting_With_Movement,Using_Computer/Screen,Located_Indoors|Browsing_Computer,Free_Living,
2021-11-07 23:49:47.000,2021-11-07 23:50:21.000,In_Position_Sitting,Sitting_With_Movement,Using_Computer/Screen,Located_Indoors|Browsing_Computer|Typing_Computer,Free_Living,
2021-11-07 23:50:23.000,2021-11-07 23:50:29.000,In_Position_Sitting,Sitting_With_Movement,Using_Computer/Screen,Located_Indoors|Browsing_Computer,Free_Living,
2021-11-07 23:50:37.000,2021-11-07 23:52:48.000,In_Position_Upright,Puttering_Around,Doing_Common_Housework_Light,Located_Indoors,Free_Living,
2021-11-07 23:52:48.000,2021-11-07 23:52:56.000,In_Position_Upright,Walking_Down_Stairs,Doing_Common_Housework_Light,Located_Indoors,Free_Living,
2021-11-07 23:52:56.000,2021-11-07 23:53:31.987,In_Position_Upright,Puttering_Around,Doing_Laundry,Located_Indoors,Free_Living,
2021-11-07 23:53:31.987,2021-11-07 23:53:56.987,In_Position_Upright,Loading/Unloading_Washing_Machine/Dryer,Doing_Laundry,Located_Indoors,Free_Living,
2021-11-07 23:53:56.987,2021-11-07 23:54:04.987,In_Position_Upright,Walking_Up_Stairs,Doing_Laundry|Doing_Common_Housework_Light,Located_Indoors,Free_Living,
2021-11-07 23:54:05.987,2021-11-07 23:54:34.987,In_Position_Upright,Puttering_Around,,Located_Indoors,Free_Living,
2021-11-07 23:54:35.987,2021-11-08 00:01:23.975,Posture_Video_Unavailable/Indecipherable,PA_Type_Video_Unavailable/Indecipherable,HLB_Video_Unavailable/Indecipherable,Located_Indoors,Free_Living,
2021-11-08 00:01:24.975,2021-11-08 00:03:53.975,In_Position_Upright,Puttering_Around,Cleaning,Located_Indoors,Free_Living,
2021-11-08 00:03:54.975,2021-11-08 00:06:22.962,In_Position_Upright,Puttering_Around,Watching_TV/Movies,Located_Indoors,Free_Living,
2021-11-08 00:06:23.962,2021-11-08 00:06:44.962,In_Position_Upright,Puttering_Around,,Located_Indoors,Free_Living,
2021-11-08 00:06:45.962,2021-11-08 00:07:57.962,In_Position_Upright,Folding_Clothes,Watching_TV/Movies|Doing_Laundry,Located_Indoors,Free_Living,
2021-11-08 00:07:57.962,2021-11-08 00:08:11.962,In_Position_Upright,Puttering_Around,,Located_Indoors,Free_Living,
2021-11-08 00:08:11.962,2021-11-08 00:08:55.962,In_Position_Upright,Folding_Clothes,Doing_Laundry|Watching_TV/Movies,Located_Indoors,Free_Living,
2021-11-08 00:08:55.962,2021-11-08 00:12:02.950,In_Position_Upright,Puttering_Around,Cleaning,Located_Indoors,Free_Living,
2021-11-08 00:12:03.950,2021-11-08 00:16:11.937,In_Position_Upright,Puttering_Around,Doing_Common_Housework_Light,Located_Indoors,Free_Living,
2021-11-08 00:16:11.937,2021-11-08 00:17:28.937,In_Position_Upright,Puttering_Around,Cleaning|Doing_Dishes,Located_Indoors,Free_Living,
2021-11-08 00:17:28.937,2021-11-08 00:17:46.937,In_Position_Upright,Washing_Hands,Cleaning|Doing_Dishes,Located_Indoors,Free_Living,
2021-11-08 00:17:47.937,2021-11-08 00:20:36.937,In_Position_Upright,Puttering_Around,Cleaning,Located_Indoors,Free_Living,
2021-11-08 00:20:38.937,2021-11-08 00:20:45.937,In_Position_Upright,Puttering_Around,,Located_Indoors,Free_Living,
2021-11-08 00:20:46.937,2021-11-08 00:21:08.925,In_Position_Upright,Synchronizing_Sensors,,Located_Indoors,Free_Living,
2021-11-08 07:39:55.350,2021-11-08 07:40:12.350,In_Position_Upright,Puttering_Around,,Located_Indoors,Free_Living,
2021-11-08 07:40:17.350,2021-11-08 07:40:35.350,In_Position_Upright,PA_Type_Video_Unavailable/Indecipherable,,Located_Indoors,Free_Living,
2021-11-08 07:40:37.350,2021-11-08 07:40:44.350,In_Position_Upright,Puttering_Around,,Located_Indoors,Free_Living,
2021-11-08 07:40:45.350,2021-11-08 07:41:43.337,Posture_Video_Unavailable/Indecipherable,PA_Type_Video_Unavailable/Indecipherable,,Located_Indoors,Free_Living,
2021-11-08 07:41:51.337,2021-11-08 07:42:06.337,In_Position_Upright,Standing_With_Movement,,Located_Indoors,Free_Living,
2021-11-08 07:42:13.337,2021-11-08 07:42:20.337,In_Position_Upright,Standing_With_Movement,,Located_Indoors,Free_Living,
2021-11-08 07:42:21.337,2021-11-08 07:42:32.337,Posture_Other,Standing_With_Movement,Playing_With_Pets,Located_Indoors,Free_Living,
2021-11-08 07:42:34.337,2021-11-08 07:43:21.337,In_Position_Upright,Puttering_Around,Walking_Pet,Located_Indoors,Free_Living,
2021-11-08 07:43:21.337,2021-11-08 07:43:23.337,In_Position_Upright,Walking_Down_Stairs,Walking_Pet,Located_Indoors,Free_Living,
2021-11-08 07:43:28.337,2021-11-08 07:43:32.337,In_Position_Upright,Walking_Down_Stairs,Walking_Pet,Located_Outdoors,Free_Living,
2021-11-08 07:43:36.337,2021-11-08 07:44:07.325,In_Position_Upright,Walking,Walking_Pet,Located_Outdoors,Free_Living,
2021-11-08 07:44:09.325,2021-11-08 07:44:21.325,In_Position_Upright,Standing_With_Movement,Walking_Pet,Located_Outdoors,Free_Living,
2021-11-08 07:44:22.325,2021-11-08 07:45:51.325,In_Position_Upright,Walking,Walking_Pet,Located_Outdoors,Free_Living,
2021-11-08 07:45:51.325,2021-11-08 07:46:13.325,In_Position_Upright,Standing_With_Movement,Walking_Pet,Located_Outdoors,Free_Living,
2021-11-08 07:46:20.325,2021-11-08 07:48:06.312,In_Position_Upright,Walking,Walking_Pet,Located_Outdoors,Free_Living,
2021-11-08 07:48:07.312,2021-11-08 07:48:11.312,In_Position_Upright,Walking_Up_Stairs,Walking_Pet,Located_Outdoors,Free_Living,
2021-11-08 07:48:15.312,2021-11-08 07:48:17.312,In_Position_Upright,Walking_Up_Stairs,Walking_Pet,Located_Outdoors,Free_Living,
2021-11-08 07:48:20.312,2021-11-08 07:48:27.312,In_Position_Upright,Standing_With_Movement,Walking_Pet,Located_Outdoors,Free_Living,
2021-11-08 07:48:29.312,2021-11-08 07:49:12.312,In_Position_Upright,Puttering_Around,,Located_Indoors,Free_Living,
2021-11-08 07:49:13.312,2021-11-08 07:49:19.312,In_Position_Upright,Walking_Down_Stairs,,Located_Indoors,Free_Living,
2021-11-08 07:49:20.312,2021-11-08 07:49:28.300,In_Position_Upright,Puttering_Around,,Located_Indoors,Free_Living,
2021-11-08 07:49:28.300,2021-11-08 07:49:35.300,In_Position_Upright,Puttering_Around,,Located_Indoors,Free_Living,
2021-11-08 07:49:39.300,2021-11-08 07:49:40.300,In_Position_Upright,Walking_Up_Stairs,,Located_Indoors,Free_Living,
2021-11-08 07:49:45.300,2021-11-08 07:50:19.300,In_Position_Upright,Washing_Hands,,Located_Indoors,Free_Living,
2021-11-08 07:50:24.300,2021-11-08 07:50:52.300,In_Position_Upright,Puttering_Around,Packing/Unpacking_Something,Located_Indoors,Free_Living,
2021-11-08 07:50:54.300,2021-11-08 07:51:20.300,In_Position_Upright,Puttering_Around,,Located_Indoors,Free_Living,
2021-11-08 07:51:20.300,2021-11-08 07:51:25.300,In_Position_Upright,Puttering_Around,Dressing/Undressing,Located_Indoors,Free_Living,
2021-11-08 07:51:27.300,2021-11-08 07:52:22.287,In_Position_Upright,Puttering_Around,Doing_Common_Housework,Located_Indoors,Free_Living,
2021-11-08 07:52:22.287,2021-11-08 07:52:33.287,In_Position_Upright,Standing_With_Movement,Doing_Common_Housework,Located_Indoors,Free_Living,
2021-11-08 07:52:34.287,2021-11-08 07:52:57.287,In_Position_Upright,Puttering_Around,Doing_Common_Housework,Located_Indoors|Holding_Drink,Free_Living,
2021-11-08 07:53:03.287,2021-11-08 07:53:22.287,In_Position_Upright,Standing_With_Movement,Cooking/Prepping_Food,Located_Indoors,Free_Living,
2021-11-08 07:53:23.287,2021-11-08 07:54:09.287,In_Position_Upright,Puttering_Around,Cooking/Prepping_Food,Located_Indoors,Free_Living,
2021-11-08 07:54:26.287,2021-11-08 07:55:19.275,In_Position_Upright,Puttering_Around,Cooking/Prepping_Food,Located_Indoors,Free_Living,
2021-11-08 07:55:20.275,2021-11-08 07:55:28.275,In_Position_Upright,Standing_With_Movement,Cooking/Prepping_Food,Located_Indoors|Holding_Drink,Free_Living,
2021-11-08 07:55:32.275,2021-11-08 07:55:54.275,In_Position_Upright,Standing_With_Movement,Eating/Dining,Located_Indoors|Holding_Drink,Free_Living,
2021-11-08 07:56:03.275,2021-11-08 07:57:01.275,In_Position_Upright,Standing_With_Movement,Cooking/Prepping_Food,Located_Indoors,Free_Living,
2021-11-08 07:57:02.275,2021-11-08 07:57:20.275,In_Position_Upright,Puttering_Around,Cooking/Prepping_Food,Located_Indoors|Holding_Drink,Free_Living,
2021-11-08 07:57:24.275,2021-11-08 08:04:40.237,In_Position_Sitting,Sitting_With_Movement,Eating/Dining,Located_Indoors|Holding_Book/Reader,Free_Living,
2021-11-08 08:04:42.237,2021-11-08 08:05:00.237,In_Position_Upright,Puttering_Around,,Located_Indoors,Free_Living,
2021-11-08 08:05:05.237,2021-11-08 08:10:33.212,In_Position_Sitting,Sitting_With_Movement,,Located_Indoors|Holding_Book/Reader,Free_Living,
2021-11-08 08:10:36.212,2021-11-08 08:11:18.212,In_Position_Upright,Puttering_Around,Cooking/Prepping_Food,Located_Indoors,Free_Living,
2021-11-08 08:11:20.212,2021-11-08 08:11:37.200,In_Position_Upright,Standing_With_Movement,Cooking/Prepping_Food,Located_Indoors,Free_Living,
2021-11-08 08:11:38.200,2021-11-08 08:12:08.200,In_Position_Upright,Standing_With_Movement,Cooking/Prepping_Food,Located_Indoors|Holding_Solid_Food,Free_Living,
2021-11-08 08:12:09.200,2021-11-08 08:12:23.200,In_Position_Upright,Puttering_Around,Cooking/Prepping_Food,Located_Indoors|Holding_Solid_Food,Free_Living,
2021-11-08 08:12:25.200,2021-11-08 08:13:03.200,In_Position_Upright,Standing_With_Movement,Cooking/Prepping_Food,Located_Indoors,Free_Living,
2021-11-08 08:13:04.200,2021-11-08 08:13:44.200,In_Position_Upright,Puttering_Around,Cooking/Prepping_Food,Located_Indoors,Free_Living,
2021-11-08 08:13:45.200,2021-11-08 08:14:17.187,In_Position_Upright,Puttering_Around,Cooking/Prepping_Food,Located_Indoors,Free_Living,
2021-11-08 08:14:18.187,2021-11-08 08:14:56.187,In_Position_Upright,Standing_With_Movement,Cooking/Prepping_Food,Located_Indoors,Free_Living,
2021-11-08 08:15:02.187,2021-11-08 08:16:29.187,In_Position_Upright,Standing_With_Movement,Cooking/Prepping_Food,Located_Indoors,Free_Living,
2021-11-08 08:16:33.187,2021-11-08 08:17:25.175,In_Position_Upright,Puttering_Around,,Located_Indoors,Free_Living,
2021-11-08 08:17:27.175,2021-11-08 08:18:56.175,In_Position_Upright,Standing_With_Movement,Doing_Dishes,Located_Indoors,Free_Living,
2021-11-08 08:18:58.175,2021-11-08 08:19:39.162,In_Position_Upright,Puttering_Around,Doing_Dishes,Located_Indoors,Free_Living,
2021-11-08 08:19:41.162,2021-11-08 08:21:33.162,In_Position_Upright,Standing_With_Movement,Doing_Dishes,Located_Indoors,Free_Living,
2021-11-08 08:21:40.162,2021-11-08 08:22:30.150,In_Position_Upright,Puttering_Around,Doing_Common_Housework,Located_Indoors,Free_Living,
2021-11-08 08:22:44.150,2021-11-08 08:23:13.150,In_Position_Upright,Standing_With_Movement,Doing_Common_Housework,Located_Indoors|Holding_Book/Reader,Free_Living,
2021-11-08 08:23:14.150,2021-11-08 08:23:40.150,In_Position_Upright,Puttering_Around,,Located_Indoors,Free_Living,
2021-11-08 08:23:41.150,2021-11-08 08:24:42.150,In_Position_Upright,Standing_With_Movement,,Located_Indoors,Free_Living,
2021-11-08 08:24:55.150,2021-11-08 08:27:55.125,Posture_Video_Unavailable/Indecipherable,PA_Type_Video_Unavailable/Indecipherable,,Located_Indoors,Free_Living,
2021-11-08 08:27:56.125,2021-11-08 08:28:33.125,In_Position_Upright,Puttering_Around,,Located_Indoors,Free_Living,
2021-11-08 08:28:44.125,2021-11-08 08:29:03.125,In_Position_Upright,Standing_With_Movement,,Located_Indoors|Holding_Solid_Food,Free_Living,
2021-11-08 08:29:05.125,2021-11-08 08:29:44.125,In_Position_Upright,Puttering_Around,,Located_Indoors,Free_Living,
2021-11-08 08:29:45.125,2021-11-08 08:30:00.125,In_Position_Upright,Standing_With_Movement,Eating/Dining,Located_Indoors|Holding_Drink,Free_Living,
2021-11-08 08:30:23.125,2021-11-08 08:30:59.112,In_Position_Upright,Puttering_Around,,Located_Indoors,Free_Living,
2021-11-08 08:31:01.112,2021-11-08 09:00:28.987,Posture_Video_Unavailable/Indecipherable,PA_Type_Video_Unavailable/Indecipherable,,Located_Indoors,Free_Living,
2021-11-08 09:00:36.987,2021-11-08 09:01:05.975,In_Position_Upright,Puttering_Around,,Located_Indoors,Free_Living,
2021-11-08 09:01:08.975,2021-11-08 09:03:03.975,In_Position_Sitting,Sitting_With_Movement,Playing_With_Pets,Located_Indoors,Free_Living,
2021-11-08 09:03:05.975,2021-11-08 09:08:22.950,In_Position_Sitting,Sitting_With_Movement,,Located_Indoors,Free_Living,
2021-11-08 09:08:44.950,2021-11-08 09:10:09.937,In_Position_Upright,Standing_With_Movement,,Located_Indoors,Free_Living,
2021-11-08 09:10:11.937,2021-11-08 09:10:52.937,In_Position_Upright,Puttering_Around,Doing_Common_Housework,Located_Indoors,Free_Living,
2021-11-08 09:10:53.937,2021-11-08 09:11:11.937,In_Position_Upright,Standing_With_Movement,Doing_Common_Housework,Located_Indoors,Free_Living,
2021-11-08 09:11:20.937,2021-11-08 09:11:46.937,In_Position_Upright,Standing_With_Movement,,Located_Indoors|Holding_Drink,Free_Living,
2021-11-08 09:11:49.925,2021-11-08 09:12:51.925,In_Position_Upright,Puttering_Around,Cooking/Prepping_Food,Located_Indoors,Free_Living,
2021-11-08 09:12:52.925,2021-11-08 09:13:16.925,In_Position_Upright,Standing_Still,,Located_Indoors,Free_Living,
2021-11-08 09:13:23.925,2021-11-08 09:15:26.912,In_Position_Upright,Standing_With_Movement,Cooking/Prepping_Food,Located_Indoors,Free_Living,
2021-11-08 09:15:35.912,2021-11-08 09:16:19.912,In_Position_Upright,Puttering_Around,Cooking/Prepping_Food,Located_Indoors,Free_Living,
2021-11-08 09:16:21.912,2021-11-08 09:16:50.912,In_Position_Upright,Puttering_Around,Cleaning,Located_Indoors,Free_Living,
2021-11-08 09:16:54.912,2021-11-08 09:17:24.900,In_Position_Upright,Puttering_Around,,Located_Indoors,Free_Living,
2021-11-08 09:17:26.900,2021-11-08 09:18:46.900,In_Position_Upright,Puttering_Around,,Located_Indoors|Holding_Drink,Free_Living,
2021-11-08 09:18:48.900,2021-11-08 09:19:32.900,In_Position_Upright,Puttering_Around,,Located_Indoors,Free_Living,
2021-11-08 09:19:38.900,2021-11-08 09:20:13.887,In_Position_Upright,Puttering_Around,,Located_Indoors,Free_Living,
2021-11-08 09:20:15.887,2021-11-08 09:21:08.887,In_Position_Upright,Standing_With_Movement,Cleaning,Located_Indoors,Free_Living,
2021-11-08 09:21:13.887,2021-11-08 09:21:42.887,In_Position_Upright,Standing_With_Movement,Cleaning,Located_Indoors,Free_Living,
2021-11-08 09:21:46.887,2021-11-08 09:22:36.887,In_Position_Upright,Puttering_Around,,Located_Indoors,Free_Living,
2021-11-08 09:22:38.887,2021-11-08 09:23:11.875,In_Position_Upright,Puttering_Around,,Located_Indoors|Holding_Drink,Free_Living,
2021-11-08 09:23:32.875,2021-11-08 09:25:00.875,In_Position_Sitting,Sitting_With_Movement,,Located_Indoors|Texting/Browsing_Phone,Free_Living,
2021-11-08 09:25:02.875,2021-11-08 09:29:14.850,In_Position_Sitting,Sitting_With_Movement,Using_Computer/Screen,Located_Indoors|Browsing_Computer,Free_Living,
2021-11-08 09:29:15.850,2021-11-08 09:30:48.850,In_Position_Sitting,Sitting_With_Movement,Using_Computer/Screen,Located_Indoors|Browsing_Computer|Typing_Computer,Free_Living,
2021-11-08 09:31:01.850,2021-11-08 09:33:05.837,In_Position_Sitting,Sitting_With_Movement,Using_Computer/Screen,Located_Indoors|Browsing_Computer,Free_Living,
2021-11-08 09:33:07.837,2021-11-08 09:33:32.837,In_Position_Upright,Puttering_Around,Using_Computer/Screen,Located_Indoors|Browsing_Computer,Free_Living,
2021-11-08 09:33:36.837,2021-11-08 09:37:01.812,In_Position_Sitting,Sitting_With_Movement,Using_Computer/Screen,Located_Indoors|Browsing_Computer,Free_Living,
2021-11-08 09:37:05.812,2021-11-08 09:37:11.812,In_Position_Upright,Puttering_Around,,Located_Indoors,Free_Living,
2021-11-08 09:37:12.812,2021-11-08 09:38:44.812,Posture_Other,PA_Type_Video_Unavailable/Indecipherable,,Located_Indoors,Free_Living,
2021-11-08 09:39:03.812,2021-11-08 09:39:53.800,In_Position_Sitting,Sitting_With_Movement,,Located_Indoors,Free_Living,
2021-11-08 09:40:00.800,2021-11-08 09:41:23.800,In_Position_Sitting,Sitting_With_Movement,Using_Computer/Screen,Located_Indoors|Browsing_Computer,Free_Living,
2021-11-08 09:41:24.800,2021-11-08 09:41:48.800,In_Position_Sitting,Sitting_With_Movement,Using_Computer/Screen,Located_Indoors|Browsing_Computer|Typing_Computer,Free_Living,
2021-11-08 09:42:11.787,2021-11-08 09:51:16.750,In_Position_Sitting,Sitting_With_Movement,Using_Computer/Screen,Located_Indoors|Browsing_Computer,Free_Living,
2021-11-08 09:51:17.750,2021-11-08 09:51:39.750,In_Position_Upright,Puttering_Around,,Located_Indoors,Free_Living,
2021-11-08 09:51:45.750,2021-11-08 09:52:19.750,In_Position_Sitting,Sitting_With_Movement,Cleaning,Located_Indoors,Free_Living,
2021-11-08 09:52:20.750,2021-11-08 09:56:37.725,In_Position_Sitting,Sitting_With_Movement,Using_Computer/Screen,Located_Indoors|Browsing_Computer,Free_Living,
2021-11-08 09:56:38.725,2021-11-08 10:00:08.712,In_Position_Sitting,Sitting_With_Movement,Using_Computer/Screen,Located_Indoors|Browsing_Computer|Typing_Computer,Free_Living,
2021-11-08 10:00:13.712,2021-11-08 10:01:08.712,In_Position_Sitting,Sitting_With_Movement,Using_Computer/Screen,Located_Indoors|Browsing_Computer,Free_Living,
2021-11-08 10:01:10.712,2021-11-08 10:06:01.687,In_Position_Sitting,Sitting_With_Movement,Using_Computer/Screen|Meeting_Virtual,Located_Indoors|Browsing_Computer|On_Video_Call/FaceTime,Free_Living,
2021-11-08 10:06:03.687,2021-11-08 10:32:00.562,In_Position_Sitting,Sitting_With_Movement,Using_Computer/Screen|Meeting_Virtual,Located_Indoors|Browsing_Computer|On_Video_Call/FaceTime,Free_Living,
2021-11-08 10:32:04.562,2021-11-08 10:35:07.550,In_Position_Sitting,Sitting_With_Movement,Using_Computer/Screen|Meeting_Virtual,Located_Indoors|Browsing_Computer|On_Video_Call/FaceTime,Free_Living,
2021-11-08 10:35:45.550,2021-11-08 13:03:46.875,Posture_Video_Unavailable/Indecipherable,PA_Type_Video_Unavailable/Indecipherable,HLB_Video_Unavailable/Indecipherable,CP_Video_Unavailable/Indecipherable,Free_Living,
2021-11-08 13:03:50.875,2021-11-08 13:04:51.875,In_Position_Sitting,Sitting_With_Movement,Using_Computer/Screen,Browsing_Computer,Free_Living,
2021-11-08 13:04:53.875,2021-11-08 13:05:06.875,In_Position_Upright,Puttering_Around,,Located_Indoors,Free_Living,
2021-11-08 13:05:08.875,2021-11-08 13:06:09.862,Posture_Video_Unavailable/Indecipherable,PA_Type_Video_Unavailable/Indecipherable,,Located_Indoors,Free_Living,
2021-11-08 13:06:10.862,2021-11-08 13:08:43.850,In_Position_Upright,Puttering_Around,Cooking/Prepping_Food,Located_Indoors,Free_Living,
2021-11-08 13:08:44.850,2021-11-08 13:09:08.850,In_Position_Upright,Standing_With_Movement,Cooking/Prepping_Food|Eating/Dining,Located_Indoors,Free_Living,
2021-11-08 13:09:15.850,2021-11-08 13:09:36.850,In_Position_Upright,Puttering_Around,Cooking/Prepping_Food,Located_Indoors,Free_Living,
2021-11-08 13:09:36.850,2021-11-08 13:10:58.837,In_Position_Sitting,Sitting_With_Movement,Using_Computer/Screen,Located_Indoors|Browsing_Computer|Texting/Browsing_Phone,Free_Living,
2021-11-08 13:11:00.837,2021-11-08 13:12:14.837,In_Position_Sitting,Sitting_With_Movement,Using_Computer/Screen,Located_Indoors|Browsing_Computer,Free_Living,
2021-11-08 13:12:20.837,2021-11-08 13:13:04.837,In_Position_Sitting,Sitting_With_Movement,Using_Computer/Screen|Playing_With_Pets,Located_Indoors|Browsing_Computer,Free_Living,
2021-11-08 13:13:19.837,2021-11-08 13:14:24.825,In_Position_Sitting,Sitting_With_Movement,Using_Computer/Screen,Located_Indoors|Browsing_Computer,Free_Living,
2021-11-08 13:14:26.825,2021-11-08 13:15:24.825,In_Position_Upright,Puttering_Around,Doing_Common_Housework,Located_Indoors,Free_Living,
2021-11-08 13:15:25.825,2021-11-08 13:15:36.825,In_Position_Upright,Puttering_Around,,Located_Indoors|Holding_Solid_Food,Free_Living,
2021-11-08 13:15:40.825,2021-11-08 13:16:04.825,In_Position_Sitting,Sitting_With_Movement,Using_Computer/Screen,Located_Indoors|Browsing_Computer,Free_Living,
2021-11-08 13:16:06.825,2021-11-08 13:19:26.800,In_Position_Sitting,Sitting_With_Movement,Using_Computer/Screen,Located_Indoors|Browsing_Computer,Free_Living,
2021-11-08 13:19:26.800,2021-11-08 13:20:05.800,In_Position_Sitting,Sitting_With_Movement,Using_Computer/Screen,Located_Indoors|Texting/Browsing_Phone,Free_Living,
2021-11-08 13:20:05.800,2021-11-08 13:21:17.800,In_Position_Sitting,Sitting_With_Movement,Using_Computer/Screen,Located_Indoors|Browsing_Computer|Texting/Browsing_Phone,Free_Living,
2021-11-08 13:21:29.800,2021-11-08 13:22:30.787,In_Position_Sitting,Sitting_With_Movement,Using_Computer/Screen|Eating/Dining,Located_Indoors|Browsing_Computer|Texting/Browsing_Phone,Free_Living,
2021-11-08 13:22:31.787,2021-11-08 13:42:53.700,In_Position_Sitting,Sitting_With_Movement,Using_Computer/Screen,Located_Indoors|Browsing_Computer|Typing_Computer,Free_Living,
2021-11-08 13:42:56.700,2021-11-08 13:43:37.700,In_Position_Sitting,Sitting_With_Movement,Using_Computer/Screen,Located_Indoors|Browsing_Computer,Free_Living,
2021-11-08 13:43:39.700,2021-11-08 13:46:31.687,In_Position_Sitting,Sitting_With_Movement,Using_Computer/Screen,Located_Indoors|Browsing_Computer|Typing_Computer,Free_Living,
2021-11-08 13:46:57.675,2021-11-08 13:52:01.662,In_Position_Sitting,Sitting_With_Movement,Using_Computer/Screen,Located_Indoors|Browsing_Computer|Typing_Computer,Free_Living,
2021-11-08 13:52:03.662,2021-11-08 14:00:49.612,In_Position_Sitting,Sitting_With_Movement,Using_Computer/Screen,Located_Indoors|Browsing_Computer|Typing_Computer,Free_Living,
2021-11-08 14:01:24.612,2021-11-08 14:02:26.612,In_Position_Sitting,Sitting_With_Movement,Using_Computer/Screen|Meeting_Virtual,Located_Indoors|Browsing_Computer|Typing_Computer,Free_Living,
2021-11-08 14:02:38.612,2021-11-08 14:03:20.600,In_Position_Upright,Puttering_Around,Cooking/Prepping_Food,Located_Indoors|Holding_Drink,Free_Living,
2021-11-08 14:03:22.600,2021-11-08 14:11:06.575,In_Position_Sitting,Sitting_With_Movement,Using_Computer/Screen|Meeting_Virtual,Located_Indoors|Browsing_Computer|Typing_Computer,Free_Living,
2021-11-08 14:11:09.575,2021-11-08 14:19:07.537,In_Position_Sitting,Sitting_With_Movement,Using_Computer/Screen|Meeting_Virtual,Located_Indoors|Browsing_Computer|Typing_Computer,Free_Living,
2021-11-08 14:19:13.537,2021-11-08 14:20:02.525,In_Position_Upright,Puttering_Around,Cooking/Prepping_Food,Located_Indoors|Holding_Drink,Free_Living,
2021-11-08 14:20:03.525,2021-11-08 14:27:41.500,In_Position_Sitting,Sitting_With_Movement,Using_Computer/Screen|Meeting_Virtual,Located_Indoors|Browsing_Computer,Free_Living,
2021-11-08 14:27:49.500,2021-11-08 14:31:08.475,In_Position_Sitting,Sitting_With_Movement,Using_Computer/Screen,Located_Indoors|Browsing_Computer,Free_Living,
2021-11-08 14:31:16.475,2021-11-08 14:33:02.475,Posture_Video_Unavailable/Indecipherable,PA_Type_Video_Unavailable/Indecipherable,HLB_Video_Unavailable/Indecipherable,CP_Video_Unavailable/Indecipherable,Free_Living,
2021-11-08 14:33:10.475,2021-11-08 15:14:33.287,In_Position_Sitting,Sitting_With_Movement,Using_Computer/Screen,Located_Indoors|Browsing_Computer,Free_Living,
2021-11-08 15:14:45.275,2021-11-08 15:15:13.275,In_Position_Sitting,Sitting_With_Movement,Using_Computer/Screen|Meeting_Virtual,Located_Indoors|Browsing_Computer,Free_Living,
2021-11-08 15:15:14.275,2021-11-08 15:15:46.275,In_Position_Upright,Standing_With_Movement,,Located_Indoors,Free_Living,
2021-11-08 15:15:52.275,2021-11-08 15:18:57.262,In_Position_Sitting,Sitting_With_Movement,Using_Computer/Screen|Meeting_Virtual,Browsing_Computer,Free_Living,
2021-11-08 15:18:59.262,2021-11-08 15:19:38.262,In_Position_Upright,Puttering_Around,,Located_Indoors,Free_Living,
2021-11-08 15:19:47.262,2021-11-08 15:22:18.250,In_Position_Sitting,Sitting_With_Movement,Using_Computer/Screen|Meeting_Virtual|Eating/Dining,Located_Indoors,Free_Living,
2021-11-08 15:22:23.250,2021-11-08 15:22:39.250,In_Position_Upright,Puttering_Around,,Located_Indoors,Free_Living,
2021-11-08 15:22:47.250,2021-11-08 15:23:08.237,In_Position_Upright,Puttering_Around,,Located_Indoors,Free_Living,
2021-11-08 15:23:31.237,2021-11-08 15:45:19.137,In_Position_Sitting,Sitting_With_Movement,Using_Computer/Screen,Located_Indoors,Free_Living,
2021-11-08 15:45:27.137,2021-11-08 15:46:01.137,In_Position_Upright,Puttering_Around,,Located_Indoors,Free_Living,
2021-11-08 15:46:29.137,2021-11-08 15:49:15.125,Posture_Video_Unavailable/Indecipherable,PA_Type_Video_Unavailable/Indecipherable,,Located_Indoors,Free_Living,
2021-11-08 15:49:29.125,2021-11-08 15:49:43.125,In_Position_Upright,Puttering_Around,Walking_Pet,Located_Indoors,Free_Living,
2021-11-08 15:49:53.125,2021-11-08 15:50:45.112,In_Position_Upright,Walking,Walking_Pet,Located_Outdoors,Free_Living,
2021-11-08 15:50:48.112,2021-11-08 15:50:53.112,In_Position_Upright,Standing_With_Movement,Walking_Pet,Located_Outdoors,Free_Living,
2021-11-08 15:50:55.112,2021-11-08 15:51:40.112,In_Position_Upright,Walking,Walking_Pet,Located_Outdoors,Free_Living,
2021-11-08 15:51:56.112,2021-11-08 15:52:21.112,In_Position_Upright,Puttering_Around,Walking_Pet,Located_Outdoors,Free_Living,
2021-11-08 15:52:23.112,2021-11-08 15:53:02.112,In_Position_Upright,Walking,Walking_Pet,Located_Outdoors,Free_Living,
2021-11-08 15:53:19.100,2021-11-08 15:53:37.100,In_Position_Upright,Puttering_Around,,Located_Indoors,Free_Living,
2021-11-08 15:53:56.100,2021-11-08 15:54:04.100,In_Position_Upright,Puttering_Around,,Located_Indoors,Free_Living,
2021-11-08 15:54:05.100,2021-11-08 15:54:29.100,In_Position_Upright,Washing_Hands,,Located_Indoors,Free_Living,
2021-11-08 15:54:31.100,2021-11-08 15:54:45.100,In_Position_Upright,Puttering_Around,,Located_Indoors,Free_Living,
2021-11-08 15:54:47.100,2021-11-08 15:54:58.100,In_Position_Upright,Puttering_Around,,Located_Indoors|Holding_Other_Object_Light,Free_Living,
2021-11-08 15:55:03.100,2021-11-08 15:56:32.087,In_Position_Upright,Puttering_Around,,Located_Indoors,Free_Living,
2021-11-08 15:57:00.087,2021-11-08 15:57:25.087,In_Position_Upright,Puttering_Around,,Located_Indoors,Free_Living,
2021-11-08 15:57:28.087,2021-11-08 16:27:33.950,In_Position_Sitting,Sitting_With_Movement,Using_Computer/Screen,Located_Indoors|Browsing_Computer|Typing_Computer,Free_Living,
2021-11-08 16:27:57.950,2021-11-08 17:01:32.800,Posture_Video_Unavailable/Indecipherable,PA_Type_Video_Unavailable/Indecipherable,HLB_Video_Unavailable/Indecipherable,CP_Video_Unavailable/Indecipherable,ES_Video_Unavailable/Indecipherable,
2021-11-08 17:01:39.800,2021-11-08 17:06:44.775,In_Position_Sitting,Sitting_With_Movement,Meeting_Virtual|Using_Computer/Screen,Located_Indoors,Free_Living,
2021-11-08 17:06:45.775,2021-11-08 17:56:58.537,In_Position_Sitting,Sitting_With_Movement,Meeting_Virtual|Using_Computer/Screen,Located_Indoors,Free_Living,
2021-11-08 17:57:08.537,2021-11-08 18:03:26.512,In_Position_Sitting,Sitting_With_Movement,Using_Computer/Screen,Located_Indoors|Browsing_Computer,Free_Living,
2021-11-08 18:03:27.512,2021-11-08 18:06:05.500,In_Position_Sitting,Sitting_With_Movement,Using_Computer/Screen|Meeting_Virtual,Located_Indoors|Browsing_Computer,Free_Living,
2021-11-08 18:06:07.500,2021-11-08 18:16:40.450,In_Position_Sitting,Sitting_With_Movement,Using_Computer/Screen|Meeting_Virtual,Located_Indoors|Browsing_Computer|On_Phone_Call|On_Video_Call/FaceTime,Free_Living,
2021-11-08 18:16:52.450,2021-11-08 18:25:35.412,In_Position_Sitting,Sitting_With_Movement,Using_Computer/Screen|Meeting_Virtual,Located_Indoors|Browsing_Computer|On_Video_Call/FaceTime|Texting/Browsing_Phone,Free_Living,
2021-11-08 18:25:35.412,2021-11-08 18:26:07.412,In_Position_Upright,Walking,,Located_Indoors,Free_Living,
2021-11-08 18:26:07.412,2021-11-08 18:26:31.412,In_Position_Upright,Puttering_Around,Doing_Common_Housework_Light,Located_Indoors,Free_Living,
2021-11-08 18:26:31.412,2021-11-08 18:41:11.337,In_Position_Upright,Puttering_Around,Cooking/Prepping_Food,Located_Indoors,Free_Living,
2021-11-08 18:41:11.337,2021-11-08 18:50:55.300,In_Position_Upright,Standing_With_Movement,Cooking/Prepping_Food,Located_Indoors,Free_Living,
2021-11-08 18:50:55.300,2021-11-08 18:51:47.287,In_Position_Upright,Washing_Hands,Cooking/Prepping_Food,Located_Indoors,Free_Living,
2021-11-08 18:51:47.287,2021-11-08 18:52:16.287,In_Position_Upright,Puttering_Around,Cooking/Prepping_Food,Located_Indoors,Free_Living,
2021-11-08 18:52:16.287,2021-11-08 18:53:12.287,In_Position_Upright,Standing_With_Movement,Cooking/Prepping_Food,Located_Indoors,Free_Living,
2021-11-08 18:53:12.287,2021-11-08 18:55:21.275,In_Position_Upright,Puttering_Around,Cooking/Prepping_Food,Located_Indoors,Free_Living,
2021-11-08 18:55:21.275,2021-11-08 18:55:46.275,In_Position_Upright,Walking,Cooking/Prepping_Food,Located_Indoors,Free_Living,
2021-11-08 18:55:46.275,2021-11-08 18:58:55.262,In_Position_Upright,Puttering_Around,Cooking/Prepping_Food,Located_Indoors,Free_Living,
2021-11-08 18:58:55.262,2021-11-08 19:00:00.262,In_Position_Upright,PA_Type_Video_Unavailable/Indecipherable,HLB_Video_Unavailable/Indecipherable,Located_Indoors,Free_Living,
2021-11-08 19:00:00.262,2021-11-08 19:00:06.250,In_Position_Upright,Puttering_Around,Cooking/Prepping_Food,Located_Indoors,Free_Living,
2021-11-08 19:00:06.250,2021-11-08 19:00:46.250,In_Position_Upright,Standing_With_Movement,Using_Computer/Screen,Located_Indoors|Texting/Browsing_Phone,Free_Living,
2021-11-08 19:00:46.250,2021-11-08 19:01:02.250,In_Position_Upright,Puttering_Around,,Located_Indoors,Free_Living,
2021-11-08 19:01:02.250,2021-11-08 19:02:10.250,In_Position_Upright,Standing_With_Movement,,Located_Indoors,Free_Living,
2021-11-08 19:02:10.250,2021-11-08 19:02:46.237,In_Position_Kneeling,Kneeling_With_Movement,Playing_With_Pets,Located_Indoors,Free_Living,
2021-11-08 19:02:46.237,2021-11-08 19:03:23.237,In_Position_Upright,Standing_With_Movement,,Located_Indoors,Free_Living,
2021-11-08 19:03:23.237,2021-11-08 19:03:35.237,In_Position_Upright,Walking,,Located_Indoors,Free_Living,
2021-11-08 19:03:35.237,2021-11-08 19:04:41.237,In_Position_Sitting,Sitting_With_Movement,Using_Computer/Screen,Located_Indoors|Browsing_Computer,Free_Living,
2021-11-08 19:04:41.237,2021-11-08 19:05:08.237,In_Position_Upright,Walking,,Located_Indoors,Free_Living,
2021-11-08 19:05:08.237,2021-11-08 19:05:33.225,In_Position_Upright,Standing_With_Movement,Using_Computer/Screen,Located_Indoors|In_Conversation|Texting/Browsing_Phone,Free_Living,
2021-11-08 19:05:33.225,2021-11-08 19:06:24.225,In_Position_Upright,Puttering_Around,HLB_Other,Located_Indoors,Free_Living,
2021-11-08 19:06:24.225,2021-11-08 19:06:43.225,In_Position_Upright,Standing_With_Movement,Using_Computer/Screen,Located_Indoors|Texting/Browsing_Phone,Free_Living,
2021-11-08 19:06:43.225,2021-11-08 19:06:59.225,In_Position_Upright,Walking,Using_Computer/Screen,Located_Indoors|Texting/Browsing_Phone,Free_Living,
2021-11-08 19:06:59.225,2021-11-08 19:07:03.225,In_Position_Upright,Walking_Down_Stairs,Walking_Pet,Located_Indoors,Free_Living,
2021-11-08 19:07:06.225,2021-11-08 19:07:14.225,In_Position_Upright,Walking_Down_Stairs,Walking_Pet,Located_Outdoors,Free_Living,
2021-11-08 19:07:14.225,2021-11-08 19:16:33.175,In_Position_Upright,Walking,Walking_Pet,Located_Outdoors,Free_Living,
2021-11-08 19:16:33.175,2021-11-08 19:16:39.175,In_Position_Upright,Walking_Up_Stairs,Walking_Pet,Located_Outdoors,Free_Living,
2021-11-08 19:16:39.175,2021-11-08 19:16:45.175,In_Position_Upright,Walking_Up_Stairs,Walking_Pet,Located_Indoors,Free_Living,
2021-11-08 19:16:45.175,2021-11-08 19:17:02.175,In_Position_Upright,Walking,Walking_Pet,Located_Indoors,Free_Living,
2021-11-08 19:17:02.175,2021-11-08 19:18:17.175,In_Position_Upright,Walking,,Located_Indoors,Free_Living,
2021-11-08 19:18:17.175,2021-11-08 19:18:26.175,In_Position_Upright,PA_Type_Video_Unavailable/Indecipherable,HLB_Video_Unavailable/Indecipherable,Located_Indoors,Free_Living,
2021-11-08 19:18:26.175,2021-11-08 19:18:33.175,In_Position_Upright,Puttering_Around,,Located_Indoors,Free_Living,
2021-11-08 19:18:33.175,2021-11-08 19:19:55.162,In_Position_Upright,Standing_With_Movement,,Located_Indoors,Free_Living,
2021-11-08 19:19:55.162,2021-11-08 19:20:14.162,In_Position_Upright,Washing_Hands,,Located_Indoors,Free_Living,
2021-11-08 19:20:14.162,2021-11-08 19:22:09.150,In_Position_Upright,Puttering_Around,,Located_Indoors,Free_Living,
2021-11-08 19:22:09.150,2021-11-08 19:22:13.150,In_Position_Upright,Puttering_Around,Using_Computer/Screen,Located_Indoors|Texting/Browsing_Phone,Free_Living,
2021-11-08 19:22:13.150,2021-11-08 19:22:28.150,In_Position_Upright,Standing_With_Movement,Using_Computer/Screen,Located_Indoors|Texting/Browsing_Phone,Free_Living,
2021-11-08 19:22:28.150,2021-11-08 19:32:05.112,In_Position_Upright,Puttering_Around,Cooking/Prepping_Food,Located_Indoors,Free_Living,
2021-11-08 19:32:05.112,2021-11-08 19:33:15.100,In_Position_Upright,Standing_With_Movement,Doing_Dishes,Located_Indoors|Significantly_Higher_Effort_Than_Normal,Free_Living,
2021-11-08 19:33:15.100,2021-11-08 19:33:56.100,In_Position_Upright,Puttering_Around,Cooking/Prepping_Food,Located_Indoors,Free_Living,
2021-11-08 19:33:56.100,2021-11-08 19:34:31.100,In_Position_Upright,Standing_With_Movement,Doing_Dishes,Located_Indoors|Significantly_Higher_Effort_Than_Normal,Free_Living,
2021-11-08 19:34:31.100,2021-11-08 19:37:38.087,In_Position_Upright,Puttering_Around,HLB_Other,Located_Indoors,Free_Living,
2021-11-08 19:37:38.087,2021-11-08 19:41:09.075,In_Position_Upright,Puttering_Around,Cooking/Prepping_Food,Located_Indoors,Free_Living,
2021-11-08 19:41:09.075,2021-11-08 19:41:57.062,In_Position_Upright,Puttering_Around,,Located_Indoors,Free_Living,
2021-11-08 19:41:57.062,2021-11-08 19:42:27.062,In_Position_Upright,Walking,,Located_Indoors,Free_Living,
2021-11-08 19:42:27.062,2021-11-08 19:54:40.012,In_Position_Sitting,Sitting_With_Movement,Eating/Dining,Located_Indoors,Free_Living,
2021-11-08 19:54:40.012,2021-11-08 19:55:09.000,In_Position_Upright,Walking,,Located_Indoors,Free_Living,
2021-11-08 19:55:09.000,2021-11-08 20:06:26.950,In_Position_Sitting,Sitting_With_Movement,Eating/Dining,Located_Indoors,Free_Living,
2021-11-08 20:06:26.950,2021-11-08 20:06:35.950,In_Position_Upright,Puttering_Around,Doing_Common_Housework_Light,Located_Indoors,Free_Living,
2021-11-08 20:06:35.950,2021-11-08 20:07:43.950,In_Position_Upright,Standing_With_Movement,Doing_Common_Housework_Light,Located_Indoors,Free_Living,
2021-11-08 20:07:43.950,2021-11-08 20:08:01.950,In_Position_Upright,Puttering_Around,,Located_Indoors,Free_Living,
2021-11-08 20:08:01.950,2021-11-08 20:08:10.950,In_Position_Upright,Puttering_Around,Doing_Common_Housework_Light,Located_Indoors,Free_Living,
2021-11-08 20:08:10.950,2021-11-08 20:08:35.950,In_Position_Upright,Standing_With_Movement,Doing_Common_Housework_Light,Located_Indoors,Free_Living,
2021-11-08 20:08:35.950,2021-11-08 20:12:30.925,In_Position_Upright,Puttering_Around,Doing_Common_Housework_Light,Located_Indoors,Free_Living,
2021-11-08 20:12:30.925,2021-11-08 20:12:38.925,In_Position_Upright,Washing_Hands,Doing_Common_Housework_Light,Located_Indoors,Free_Living,
2021-11-08 20:12:38.925,2021-11-08 20:13:44.925,In_Position_Upright,Standing_With_Movement,Doing_Dishes,Located_Indoors,Free_Living,
2021-11-08 20:13:44.925,2021-11-08 20:14:30.912,In_Position_Upright,Standing_With_Movement,Doing_Common_Housework_Light,Located_Indoors,Free_Living,
2021-11-08 20:14:30.912,2021-11-08 20:20:22.887,In_Position_Upright,Puttering_Around,Cooking/Prepping_Food,Located_Indoors,Free_Living,
2021-11-08 20:20:22.887,2021-11-08 20:21:10.887,In_Position_Upright,Puttering_Around,Doing_Common_Housework_Light,Located_Indoors,Free_Living,
2021-11-08 20:21:10.887,2021-11-08 20:21:45.887,In_Position_Upright,Puttering_Around,,Located_Indoors,Free_Living,
2021-11-08 20:21:45.887,2021-11-08 20:40:44.800,In_Position_Sitting,Sitting_With_Movement,,Located_Indoors,Free_Living,
2021-11-08 20:40:44.800,2021-11-08 20:45:09.775,In_Position_Upright,Puttering_Around,Doing_Common_Housework_Light,Located_Indoors,Free_Living,
2021-11-08 20:45:09.775,2021-11-08 20:45:16.775,In_Position_Upright,Walking_Down_Stairs,Doing_Common_Housework_Light,Located_Indoors,Free_Living,
2021-11-08 20:45:16.775,2021-11-08 20:45:24.775,In_Position_Upright,Walking,Doing_Common_Housework_Light,Located_Indoors,Free_Living,
2021-11-08 20:45:24.775,2021-11-08 20:45:34.775,In_Position_Upright,Walking_Up_Stairs,Doing_Common_Housework_Light,Located_Indoors,Free_Living,
2021-11-08 20:45:34.775,2021-11-08 20:45:45.775,In_Position_Upright,Puttering_Around,Doing_Common_Housework_Light,Located_Indoors,Free_Living,
2021-11-08 20:45:45.775,2021-11-08 20:46:07.775,In_Position_Upright,Walking,,Located_Indoors,Free_Living,
2021-11-08 20:46:07.775,2021-11-08 20:50:19.750,In_Position_Upright,Puttering_Around,Doing_Common_Housework_Light,Located_Indoors,Free_Living,
2021-11-08 20:50:19.750,2021-11-08 20:53:20.737,In_Position_Upright,Standing_With_Movement,,Located_Indoors|Holding_Book/Reader,Free_Living,
2021-11-08 20:53:20.737,2021-11-08 20:54:56.737,In_Position_Upright,Puttering_Around,Cooking/Prepping_Food,Located_Indoors,Free_Living,
2021-11-08 20:54:56.737,2021-11-08 21:04:36.687,In_Position_Upright,Puttering_Around,Cooking/Prepping_Food,Located_Indoors,Free_Living,
2021-11-08 21:04:36.687,2021-11-08 21:05:09.687,In_Position_Upright,Standing_With_Movement,Using_Computer/Screen,Located_Indoors|Texting/Browsing_Phone,Free_Living,
2021-11-08 21:05:09.687,2021-11-08 21:05:26.687,In_Position_Upright,Puttering_Around,Using_Computer/Screen,Located_Indoors|Texting/Browsing_Phone,Free_Living,
2021-11-08 21:05:26.687,2021-11-08 21:18:15.625,In_Position_Upright,Puttering_Around,Cooking/Prepping_Food,Located_Indoors,Free_Living,
2021-11-08 21:18:15.625,2021-11-08 21:18:51.625,In_Position_Upright,Walking,,Located_Indoors,Free_Living,
2021-11-08 21:18:51.625,2021-11-08 21:18:54.625,In_Position_Sitting,Sitting_With_Movement,,Located_Indoors,Free_Living,
2021-11-08 21:18:54.625,2021-11-08 21:19:03.625,In_Position_Upright,Walking,,Located_Indoors,Free_Living,
2021-11-08 21:19:03.625,2021-11-08 21:19:23.625,In_Position_Upright,Standing_With_Movement,,Located_Indoors,Free_Living,
2021-11-08 21:19:23.625,2021-11-08 21:19:34.625,In_Position_Upright,Standing_With_Movement,Playing_With_Pets,Located_Indoors,Free_Living,
2021-11-08 21:19:34.625,2021-11-08 21:19:40.625,In_Position_Upright,Walking,,Located_Indoors,Free_Living,
2021-11-08 21:19:40.625,2021-11-08 21:37:37.537,In_Position_Sitting,Sitting_With_Movement,Using_Computer/Screen,Located_Indoors|Browsing_Computer,Free_Living,
2021-11-08 21:37:37.537,2021-11-08 21:37:47.537,In_Position_Upright,Walking,,Located_Indoors,Free_Living,
2021-11-08 21:37:47.537,2021-11-08 21:38:49.537,In_Position_Kneeling,Kneeling_With_Movement,HLB_Other,Located_Indoors,Free_Living,
2021-11-08 21:38:49.537,2021-11-08 21:39:06.537,In_Position_Upright,Standing_With_Movement,,Located_Indoors,Free_Living,
2021-11-08 21:39:06.537,2021-11-08 21:39:20.537,In_Position_Kneeling,Kneeling_With_Movement,,Located_Indoors,Free_Living,
2021-11-08 21:39:20.537,2021-11-08 21:39:43.525,In_Position_Upright,Puttering_Around,,Located_Indoors,Free_Living,
2021-11-08 21:39:43.525,2021-11-08 21:40:25.525,In_Position_Kneeling,Kneeling_With_Movement,,Located_Indoors,Free_Living,
2021-11-08 21:40:25.525,2021-11-08 21:40:37.525,In_Position_Upright,Walking,,Located_Indoors,Free_Living,
2021-11-08 21:40:37.525,2021-11-08 21:41:49.525,In_Position_Sitting,Sitting_With_Movement,Using_Computer/Screen,Located_Indoors|Typing_Computer,Free_Living,
2021-11-08 21:41:49.525,2021-11-08 21:47:09.500,In_Position_Sitting,Sitting_With_Movement,Using_Computer/Screen,Located_Indoors|Browsing_Computer,Free_Living,
2021-11-08 21:47:09.500,2021-11-08 21:47:59.487,In_Position_Sitting,Sitting_With_Movement,Using_Computer/Screen,Located_Indoors|Typing_Computer,Free_Living,
2021-11-08 21:47:59.487,2021-11-08 21:50:18.487,In_Position_Sitting,Sitting_With_Movement,Using_Computer/Screen,Located_Indoors|Browsing_Computer,Free_Living,
2021-11-08 21:50:18.487,2021-11-08 21:51:01.475,In_Position_Sitting,Sitting_With_Movement,Using_Computer/Screen,Located_Indoors|Typing_Computer,Free_Living,
2021-11-08 21:51:01.475,2021-11-08 21:53:44.462,In_Position_Sitting,Sitting_With_Movement,Using_Computer/Screen,Located_Indoors|Browsing_Computer,Free_Living,
2021-11-08 21:53:44.462,2021-11-08 21:53:57.462,In_Position_Upright,Walking,,Located_Indoors,Free_Living,
2021-11-08 21:53:57.462,2021-11-08 21:54:37.462,In_Position_Upright,Puttering_Around,,Located_Indoors,Free_Living,
2021-11-08 21:54:37.462,2021-11-08 21:58:08.450,In_Position_Upright,Puttering_Around,Cooking/Prepping_Food,Located_Indoors,Free_Living,
2021-11-08 21:58:08.450,2021-11-08 22:15:23.362,In_Position_Sitting,Sitting_With_Movement,Eating/Dining,Located_Indoors,Free_Living,
2021-11-08 22:15:23.362,2021-11-08 22:17:36.362,In_Position_Upright,Puttering_Around,,Located_Indoors,Free_Living,
2021-11-08 22:17:36.362,2021-11-08 22:17:45.362,In_Position_Upright,Walking,,Located_Indoors,Free_Living,
2021-11-08 22:17:45.362,2021-11-08 22:23:01.337,In_Position_Sitting,Sitting_With_Movement,Using_Computer/Screen,Located_Indoors|Browsing_Computer,Free_Living,
2021-11-08 22:23:01.337,2021-11-08 22:23:56.325,In_Position_Sitting,Sitting_With_Movement,Using_Computer/Screen,Located_Indoors|Typing_Computer,Free_Living,
2021-11-08 22:23:56.325,2021-11-08 22:25:26.325,In_Position_Sitting,Sitting_With_Movement,Using_Computer/Screen,Located_Indoors|Browsing_Computer,Free_Living,
2021-11-08 22:25:26.325,2021-11-08 22:28:06.312,In_Position_Sitting,Sitting_With_Movement,Using_Computer/Screen,Located_Indoors|Typing_Computer,Free_Living,
2021-11-08 22:28:06.312,2021-11-08 22:28:40.312,In_Position_Sitting,Sitting_With_Movement,Using_Computer/Screen,Located_Indoors|Browsing_Computer,Free_Living,
2021-11-08 22:28:40.312,2021-11-08 22:29:46.300,In_Position_Sitting,Sitting_With_Movement,Using_Computer/Screen,Located_Indoors|Typing_Computer,Free_Living,
2021-11-08 22:29:46.300,2021-11-08 22:31:25.300,In_Position_Sitting,Sitting_With_Movement,Using_Computer/Screen,Located_Indoors|Browsing_Computer,Free_Living,
2021-11-08 22:31:25.300,2021-11-08 22:31:54.287,In_Position_Sitting,Sitting_With_Movement,Using_Computer/Screen,Located_Indoors|Typing_Computer,Free_Living,
2021-11-08 22:31:54.287,2021-11-08 22:39:59.250,In_Position_Sitting,Sitting_With_Movement,Using_Computer/Screen,Located_Indoors|Browsing_Computer,Free_Living,
2021-11-08 22:39:59.250,2021-11-08 22:45:32.225,In_Position_Sitting,Sitting_With_Movement,HLB_Video_Unavailable/Indecipherable,Located_Indoors,Free_Living,
2021-11-08 22:45:32.225,2021-11-08 22:46:05.225,In_Position_Sitting,Sitting_With_Movement,Using_Computer/Screen,Located_Indoors|Browsing_Computer,Free_Living,
2021-11-08 22:46:05.225,2021-11-08 22:47:18.225,In_Position_Sitting,Sitting_With_Movement,Using_Computer/Screen,Located_Indoors|Typing_Computer,Free_Living,
2021-11-08 22:47:18.225,2021-11-08 22:49:41.212,In_Position_Sitting,Sitting_With_Movement,Using_Computer/Screen,Located_Indoors|Browsing_Computer,Free_Living,
2021-11-08 22:49:41.212,2021-11-08 22:50:00.212,In_Position_Sitting,Sitting_With_Movement,Using_Computer/Screen,Typing_Computer|Located_Indoors,Free_Living,
2021-11-08 22:50:01.212,2021-11-08 22:53:57.187,In_Position_Sitting,Sitting_With_Movement,Using_Computer/Screen,Browsing_Computer|Located_Indoors,Free_Living,
2021-11-08 22:53:57.187,2021-11-08 22:54:06.187,In_Position_Sitting,Sitting_With_Movement,Using_Computer/Screen,Located_Indoors|Typing_Computer,Free_Living,
2021-11-08 22:54:06.187,2021-11-08 22:55:49.187,In_Position_Sitting,Sitting_With_Movement,Using_Computer/Screen,Located_Indoors|Browsing_Computer,Free_Living,
2021-11-08 22:55:49.187,2021-11-08 22:57:07.175,In_Position_Sitting,Sitting_With_Movement,Using_Computer/Screen,Located_Indoors|Typing_Computer,Free_Living,
2021-11-08 22:57:07.175,2021-11-08 22:57:48.175,In_Position_Sitting,Sitting_With_Movement,Using_Computer/Screen,Located_Indoors|Browsing_Computer,Free_Living,
2021-11-08 22:57:48.175,2021-11-08 22:58:29.175,In_Position_Sitting,Sitting_With_Movement,Using_Computer/Screen,Located_Indoors|Typing_Computer,Free_Living,
2021-11-08 22:58:29.175,2021-11-08 22:59:32.162,In_Position_Sitting,Sitting_With_Movement,Using_Computer/Screen,Located_Indoors|Browsing_Computer,Free_Living,
2021-11-08 22:59:32.162,2021-11-08 23:00:06.162,In_Position_Sitting,Sitting_With_Movement,Using_Computer/Screen,Located_Indoors|Typing_Computer,Free_Living,
2021-11-08 23:00:06.162,2021-11-08 23:02:02.150,In_Position_Sitting,Sitting_With_Movement,Using_Computer/Screen,Located_Indoors|Browsing_Computer,Free_Living,
2021-11-08 23:02:02.150,2021-11-08 23:02:23.150,In_Position_Sitting,Sitting_With_Movement,Using_Computer/Screen,Located_Indoors|Typing_Computer,Free_Living,
2021-11-08 23:02:23.150,2021-11-08 23:05:11.137,In_Position_Sitting,Sitting_With_Movement,Using_Computer/Screen,Located_Indoors|Browsing_Computer,Free_Living,
2021-11-08 23:05:11.137,2021-11-08 23:06:18.137,In_Position_Sitting,Sitting_With_Movement,Using_Computer/Screen,Located_Indoors|Typing_Computer,Free_Living,
2021-11-08 23:06:18.137,2021-11-08 23:19:29.075,In_Position_Sitting,Sitting_With_Movement,Using_Computer/Screen,Located_Indoors|Browsing_Computer,Free_Living,
2021-11-08 23:19:29.075,2021-11-08 23:19:59.075,In_Position_Sitting,Sitting_With_Movement,Using_Computer/Screen,Located_Indoors|Typing_Computer,Free_Living,
2021-11-08 23:19:59.075,2021-11-08 23:21:28.062,In_Position_Sitting,Sitting_With_Movement,Using_Computer/Screen,Located_Indoors|Browsing_Computer,Free_Living,
2021-11-08 23:21:28.062,2021-11-08 23:23:05.062,In_Position_Sitting,Sitting_With_Movement,Using_Computer/Screen,Located_Indoors|Typing_Computer,Free_Living,
2021-11-08 23:23:05.062,2021-11-08 23:43:18.962,In_Position_Sitting,Sitting_With_Movement,Using_Computer/Screen,Located_Indoors|Browsing_Computer,Free_Living,
2021-11-08 23:43:18.962,2021-11-08 23:44:31.962,In_Position_Sitting,Sitting_With_Movement,Using_Computer/Screen,Located_Indoors|Typing_Computer,Free_Living,
2021-11-08 23:44:31.962,2021-11-08 23:46:32.950,In_Position_Sitting,Sitting_With_Movement,Using_Computer/Screen,Located_Indoors|Browsing_Computer,Free_Living,
2021-11-08 23:46:32.950,2021-11-08 23:47:29.950,In_Position_Sitting,Sitting_With_Movement,Using_Computer/Screen,Located_Indoors|Typing_Computer,Free_Living,
2021-11-08 23:47:29.950,2021-11-08 23:54:25.912,In_Position_Sitting,Sitting_With_Movement,Using_Computer/Screen,Located_Indoors|Browsing_Computer,Free_Living,
2021-11-08 23:54:25.912,2021-11-08 23:54:58.912,In_Position_Sitting,Sitting_With_Movement,Using_Computer/Screen,Located_Indoors|Typing_Computer,Free_Living,
2021-11-08 23:54:58.912,2021-11-08 23:56:41.912,In_Position_Sitting,Sitting_With_Movement,Using_Computer/Screen,Located_Indoors|Typing_Computer,Free_Living,
2021-11-08 23:56:41.912,2021-11-08 23:58:47.900,In_Position_Sitting,Sitting_With_Movement,Using_Computer/Screen,Located_Indoors|Browsing_Computer,Free_Living,
2021-11-08 23:58:47.900,2021-11-08 23:59:14.900,In_Position_Upright,Walking,,Located_Indoors,Free_Living,
2021-11-08 23:59:14.900,2021-11-08 23:59:54.887,In_Position_Upright,Standing_With_Movement,,Located_Indoors,Free_Living,
2021-11-08 23:59:54.887,2021-11-09 00:00:12.887,In_Position_Upright,Walking,,Located_Indoors,Free_Living,
2021-11-09 00:00:12.887,2021-11-09 00:00:36.887,In_Position_Upright,Standing_With_Movement,,Located_Indoors,Free_Living,
2021-11-09 00:00:36.887,2021-11-09 00:00:48.887,In_Position_Upright,Walking,,Located_Indoors,Free_Living,
2021-11-09 00:00:48.887,2021-11-09 00:02:56.875,In_Position_Sitting,Sitting_With_Movement,Using_Computer/Screen,Located_Indoors|Browsing_Computer,Free_Living,
2021-11-09 00:02:56.875,2021-11-09 00:03:08.875,In_Position_Upright,Walking,,Located_Indoors,Free_Living,
2021-11-09 00:03:08.875,2021-11-09 00:03:37.875,In_Position_Upright,Standing_With_Movement,,Located_Indoors,Free_Living,
2021-11-09 00:03:37.875,2021-11-09 00:03:45.875,In_Position_Upright,Walking,,Located_Indoors,Free_Living,
2021-11-09 00:03:45.875,2021-11-09 00:03:53.875,In_Position_Upright,Walking,,Located_Indoors,Free_Living,
2021-11-09 00:03:53.875,2021-11-09 00:05:36.862,In_Position_Sitting,Sitting_With_Movement,Using_Computer/Screen,Located_Indoors|Browsing_Computer,Free_Living,
