Event,Duration,Start Time,End Time,Start Epoch,End Epoch
Analysis Start,0,2021-11-06 00:31:28.942159,2021-11-06 00:31:28.942159,1,1
Wake,30,2021-11-06 00:31:56.950808,2021-11-06 00:32:26.951503,2,3
Wake,30,2021-11-06 00:32:26.951503,2021-11-06 00:32:56.952198,3,4
LM,1.65,2021-11-06 00:32:27.959526,2021-11-06 00:32:29.609564,3,3
LM,2.77,2021-11-06 00:32:28.674543,2021-11-06 00:32:31.444607,3,3
LM,1.565,2021-11-06 00:32:30.434584,2021-11-06 00:32:31.999620,3,3
LM,1.109,2021-11-06 00:32:36.464723,2021-11-06 00:32:37.573749,3,3
LM,2.04,2021-11-06 00:32:40.013805,2021-11-06 00:32:42.053853,3,3
Wake,30,2021-11-06 00:32:56.952198,2021-11-06 00:33:26.952893,4,5
LM,1.425,2021-11-06 00:32:59.688261,2021-11-06 00:33:01.113294,4,4
LM,3.53,2021-11-06 00:33:07.058432,2021-11-06 00:33:10.588513,4,4
Movement,143.042,2021-11-06 00:33:19.817727,2021-11-06 00:35:42.863040,4,9
Wake,30,2021-11-06 00:33:26.952893,2021-11-06 00:33:56.953588,5,6
Wake,30,2021-11-06 00:33:56.953588,2021-11-06 00:34:26.954282,6,7
LM,2.385,2021-11-06 00:33:59.131638,2021-11-06 00:34:01.516693,6,6
LM,8.86,2021-11-06 00:34:02.265710,2021-11-06 00:34:11.125916,6,6
Wake,30,2021-11-06 00:34:26.954282,2021-11-06 00:34:56.954977,7,8
LM,6.755,2021-11-06 00:34:40.209589,2021-11-06 00:34:46.964746,7,7
LM,5.224,2021-11-06 00:34:50.904837,2021-11-06 00:34:56.128958,7,7
Desat,32.666,2021-11-06 00:34:55.973954,2021-11-06 00:35:28.640711,7,9
Wake,30,2021-11-06 00:34:56.954977,2021-11-06 00:35:26.955672,8,9
LM,0.975,2021-11-06 00:35:20.183515,2021-11-06 00:35:21.158538,8,8
Wake,30,2021-11-06 00:35:26.955672,2021-11-06 00:35:56.956367,9,10
LM,1.9049999999999998,2021-11-06 00:35:52.017252,2021-11-06 00:35:53.922297,9,9
LM,0.87,2021-11-06 00:35:55.857341,2021-11-06 00:35:56.727361,9,9
Wake,30,2021-11-06 00:35:56.956367,2021-11-06 00:36:26.957062,10,11
Desat,31.999,2021-11-06 00:36:06.307583,2021-11-06 00:36:38.307325,10,11
LM,1.779,2021-11-06 00:36:15.276791,2021-11-06 00:36:17.055832,10,10
Wake,30,2021-11-06 00:36:26.957062,2021-11-06 00:36:56.957757,11,12
N1,30,2021-11-06 00:36:56.957757,2021-11-06 00:37:26.958451,12,13
N2,30,2021-11-06 00:37:26.958451,2021-11-06 00:37:56.959146,13,14
N2,30,2021-11-06 00:37:56.959146,2021-11-06 00:38:26.959841,14,15
N2,30,2021-11-06 00:38:26.959841,2021-11-06 00:38:56.960536,15,16
N2,30,2021-11-06 00:38:56.960536,2021-11-06 00:39:26.961231,16,17
Hypopnea,51.888,2021-11-06 00:39:06.152749,2021-11-06 00:39:58.041951,16,18
Desat,67.99799999999999,2021-11-06 00:39:20.309076,2021-11-06 00:40:28.308651,16,19
N2,30,2021-11-06 00:39:26.961231,2021-11-06 00:39:56.961926,17,18
Wake,30,2021-11-06 00:39:56.961926,2021-11-06 00:40:26.962620,18,19
Arousal,15.886999999999999,2021-11-06 00:40:07.627173,2021-11-06 00:40:23.514541,18,18
LM,1.8099999999999998,2021-11-06 00:40:08.818200,2021-11-06 00:40:10.628242,18,18
Movement,6.848999999999999,2021-11-06 00:40:09.053206,2021-11-06 00:40:15.902364,18,18
N1,30,2021-11-06 00:40:26.962620,2021-11-06 00:40:56.963315,19,20
Hypopnea,33.295,2021-11-06 00:40:40.887943,2021-11-06 00:41:14.183714,19,20
Desat,49.666,2021-11-06 00:40:46.642076,2021-11-06 00:41:36.309226,19,21
N2,30,2021-11-06 00:40:56.963315,2021-11-06 00:41:26.964010,20,21
N2,30,2021-11-06 00:41:26.964010,2021-11-06 00:41:56.964705,21,22
Hypopnea,28.224999999999998,2021-11-06 00:41:34.128176,2021-11-06 00:42:02.353830,21,22
N1,30,2021-11-06 00:41:56.964705,2021-11-06 00:42:26.965400,22,23
Arousal,10.107,2021-11-06 00:42:04.756885,2021-11-06 00:42:14.864119,22,22
N2,30,2021-11-06 00:42:26.965400,2021-11-06 00:42:56.966095,23,24
N2,30,2021-11-06 00:42:56.966095,2021-11-06 00:43:26.966790,24,25
N2,30,2021-11-06 00:43:26.966790,2021-11-06 00:43:56.967484,25,26
N2,30,2021-11-06 00:43:56.967484,2021-11-06 00:44:26.968179,26,27
N2,30,2021-11-06 00:44:26.968179,2021-11-06 00:44:56.968874,27,28
N3,30,2021-11-06 00:44:56.968874,2021-11-06 00:45:26.969569,28,29
N3,30,2021-11-06 00:45:26.969569,2021-11-06 00:45:56.970264,29,30
Hypopnea,33.802,2021-11-06 00:45:40.387880,2021-11-06 00:46:14.190662,29,30
N2,30,2021-11-06 00:45:56.970264,2021-11-06 00:46:26.970959,30,31
Snore Train,61.858999999999995,2021-11-06 00:45:56.988264,2021-11-06 00:46:58.848697,30,32
Desat,34.332,2021-11-06 00:46:08.644534,2021-11-06 00:46:42.977329,30,31
N3,30,2021-11-06 00:46:26.970959,2021-11-06 00:46:56.971653,31,32
N3,30,2021-11-06 00:46:56.971653,2021-11-06 00:47:26.972348,32,33
PLMS,1.522,2021-11-06 00:47:20.530199,2021-11-06 00:47:22.052234,32,32
PLM,86.874,2021-11-06 00:47:20.530199,2021-11-06 00:48:47.406211,32,35
N3,30,2021-11-06 00:47:26.972348,2021-11-06 00:47:56.973043,33,34
PLMS,2.5349999999999997,2021-11-06 00:47:49.601872,2021-11-06 00:47:52.136931,33,33
Arousal,4.013,2021-11-06 00:47:55.807016,2021-11-06 00:47:59.820109,33,34
N2,30,2021-11-06 00:47:56.973043,2021-11-06 00:48:26.973738,34,35
PLMS,1.6849999999999998,2021-11-06 00:47:57.266050,2021-11-06 00:47:58.951089,34,34
N2,30,2021-11-06 00:48:26.973738,2021-11-06 00:48:56.974433,35,36
PLMS,3.0429999999999997,2021-11-06 00:48:44.363141,2021-11-06 00:48:47.406211,35,35
N2,30,2021-11-06 00:48:56.974433,2021-11-06 00:49:26.975128,36,37
N2,30,2021-11-06 00:49:26.975128,2021-11-06 00:49:56.975822,37,38
N2,30,2021-11-06 00:49:56.975822,2021-11-06 00:50:26.976517,38,39
N2,30,2021-11-06 00:50:26.976517,2021-11-06 00:50:56.977212,39,40
N3,30,2021-11-06 00:50:56.977212,2021-11-06 00:51:26.977907,40,41
N3,30,2021-11-06 00:51:26.977907,2021-11-06 00:51:56.978602,41,42
N3,30,2021-11-06 00:51:56.978602,2021-11-06 00:52:26.979297,42,43
N3,30,2021-11-06 00:52:26.979297,2021-11-06 00:52:56.979991,43,44
N3,30,2021-11-06 00:52:56.979991,2021-11-06 00:53:26.980686,44,45
N3,30,2021-11-06 00:53:26.980686,2021-11-06 00:53:56.981381,45,46
N3,30,2021-11-06 00:53:56.981381,2021-11-06 00:54:26.982076,46,47
N3,30,2021-11-06 00:54:26.982076,2021-11-06 00:54:56.982771,47,48
N3,30,2021-11-06 00:54:56.982771,2021-11-06 00:55:26.983466,48,49
Snore Train,45.802,2021-11-06 00:54:57.724788,2021-11-06 00:55:43.527849,48,49
LM,1.105,2021-11-06 00:54:59.835837,2021-11-06 00:55:00.940862,48,48
N3,30,2021-11-06 00:55:26.983466,2021-11-06 00:55:56.984160,49,50
LM,3.211,2021-11-06 00:55:34.063630,2021-11-06 00:55:37.274704,49,49
N3,30,2021-11-06 00:55:56.984160,2021-11-06 00:56:26.984855,50,51
N3,30,2021-11-06 00:56:26.984855,2021-11-06 00:56:56.985550,51,52
LM,3.887,2021-11-06 00:56:35.079043,2021-11-06 00:56:38.966133,51,51
N3,30,2021-11-06 00:56:56.985550,2021-11-06 00:57:26.986245,52,53
N3,30,2021-11-06 00:57:26.986245,2021-11-06 00:57:56.986940,53,54
Desat,61.666,2021-11-06 00:57:38.314507,2021-11-06 00:58:39.981935,53,55
N3,30,2021-11-06 00:57:56.986940,2021-11-06 00:58:26.987635,54,55
Snore Train,147.887,2021-11-06 00:58:12.095290,2021-11-06 01:00:39.985715,54,59
N3,30,2021-11-06 00:58:26.987635,2021-11-06 00:58:56.988330,55,56
PLMS,2.366,2021-11-06 00:58:37.785885,2021-11-06 00:58:40.151940,55,55
PLM,521.172,2021-11-06 00:58:37.785885,2021-11-06 01:07:18.969956,55,72
N3,30,2021-11-06 00:58:56.988330,2021-11-06 00:59:26.989024,56,57
Artifact,5,2021-11-06 00:59:05.981538,2021-11-06 00:59:10.981653,56,56
Artifact,7.667,2021-11-06 00:59:05.981538,2021-11-06 00:59:13.648715,56,56
Warning,1,2021-11-06 00:59:06.251544,2021-11-06 00:59:07.251567,56,56
N3,30,2021-11-06 00:59:26.989024,2021-11-06 00:59:56.989719,57,58
N3,30,2021-11-06 00:59:56.989719,2021-11-06 01:00:26.990414,58,59
PLMS,0.815,2021-11-06 00:59:59.285772,2021-11-06 01:00:00.100791,58,58
N3,30,2021-11-06 01:00:26.990414,2021-11-06 01:00:56.991109,59,60
N3,30,2021-11-06 01:00:56.991109,2021-11-06 01:01:26.991804,60,61
Snore Train,53.916,2021-11-06 01:01:08.718380,2021-11-06 01:02:02.635629,60,62
PLMS,2.5349999999999997,2021-11-06 01:01:09.057388,2021-11-06 01:01:11.592447,60,60
N3,30,2021-11-06 01:01:26.991804,2021-11-06 01:01:56.992499,61,62
N3,30,2021-11-06 01:01:56.992499,2021-11-06 01:02:26.993193,62,63
N3,30,2021-11-06 01:02:26.993193,2021-11-06 01:02:56.993888,63,64
PLMS,2.02,2021-11-06 01:02:38.749466,2021-11-06 01:02:40.769512,63,63
N3,30,2021-11-06 01:02:56.993888,2021-11-06 01:03:26.994583,64,65
Snore Train,60.169,2021-11-06 01:03:04.665066,2021-11-06 01:04:04.835459,64,66
N3,30,2021-11-06 01:03:26.994583,2021-11-06 01:03:56.995278,65,66
PLMS,3.211,2021-11-06 01:03:52.328170,2021-11-06 01:03:55.539244,65,65
N3,30,2021-11-06 01:03:56.995278,2021-11-06 01:04:26.995973,66,67
N3,30,2021-11-06 01:04:26.995973,2021-11-06 01:04:56.996668,67,68
Snore Train,36.675999999999995,2021-11-06 01:04:33.062113,2021-11-06 01:05:09.738963,67,68
N3,30,2021-11-06 01:04:56.996668,2021-11-06 01:05:26.997362,68,69
Snore Train,41.916,2021-11-06 01:05:18.527166,2021-11-06 01:06:00.444137,68,70
PLMS,2.367,2021-11-06 01:05:20.386209,2021-11-06 01:05:22.753264,68,68
N3,30,2021-11-06 01:05:26.997362,2021-11-06 01:05:56.998057,69,70
PLMS,4.733,2021-11-06 01:05:56.049035,2021-11-06 01:06:00.782145,69,70
N3,30,2021-11-06 01:05:56.998057,2021-11-06 01:06:26.998752,70,71
Snore Train,77.23899999999999,2021-11-06 01:06:25.289712,2021-11-06 01:07:42.530501,70,73
N3,30,2021-11-06 01:06:26.998752,2021-11-06 01:06:56.999447,71,72
N3,30,2021-11-06 01:06:56.999447,2021-11-06 01:07:27.000142,72,73
PLMS,1.51,2021-11-06 01:07:17.459921,2021-11-06 01:07:18.969956,72,72
N3,30,2021-11-06 01:07:27.000142,2021-11-06 01:07:57.000837,73,74
Snore Train,103.268,2021-11-06 01:07:52.840740,2021-11-06 01:09:36.111132,73,77
N3,30,2021-11-06 01:07:57.000837,2021-11-06 01:08:27.001531,74,75
N3,30,2021-11-06 01:08:27.001531,2021-11-06 01:08:57.002226,75,76
N3,30,2021-11-06 01:08:57.002226,2021-11-06 01:09:27.002921,76,77
LM,3.55,2021-11-06 01:09:20.222764,2021-11-06 01:09:23.772846,76,76
N3,30,2021-11-06 01:09:27.002921,2021-11-06 01:09:57.003616,77,78
Snore Train,46.477999999999994,2021-11-06 01:09:45.745355,2021-11-06 01:10:32.224432,77,79
N3,30,2021-11-06 01:09:57.003616,2021-11-06 01:10:27.004311,78,79
LM,3.549,2021-11-06 01:09:57.914637,2021-11-06 01:10:01.463719,78,78
N3,30,2021-11-06 01:10:27.004311,2021-11-06 01:10:57.005006,79,80
N3,30,2021-11-06 01:10:57.005006,2021-11-06 01:11:27.005701,80,81
N3,30,2021-11-06 01:11:27.005701,2021-11-06 01:11:57.006395,81,82
Snore Train,204,2021-11-06 01:11:49.128213,2021-11-06 01:15:13.132938,81,88
N3,30,2021-11-06 01:11:57.006395,2021-11-06 01:12:27.007090,82,83
N3,30,2021-11-06 01:12:27.007090,2021-11-06 01:12:57.007785,83,84
N3,30,2021-11-06 01:12:57.007785,2021-11-06 01:13:27.008480,84,85
N3,30,2021-11-06 01:13:27.008480,2021-11-06 01:13:57.009175,85,86
N3,30,2021-11-06 01:13:57.009175,2021-11-06 01:14:27.009870,86,87
LM,3.38,2021-11-06 01:14:22.596767,2021-11-06 01:14:25.976846,86,86
N3,30,2021-11-06 01:14:27.009870,2021-11-06 01:14:57.010564,87,88
N3,30,2021-11-06 01:14:57.010564,2021-11-06 01:15:27.011259,88,89
LM,1.18,2021-11-06 01:15:20.832116,2021-11-06 01:15:22.012143,88,88
N3,30,2021-11-06 01:15:27.011259,2021-11-06 01:15:57.011954,89,90
Movement,17.549,2021-11-06 01:15:46.726716,2021-11-06 01:16:04.276122,89,90
N3,30,2021-11-06 01:15:57.011954,2021-11-06 01:16:27.012649,90,91
LM,1.69,2021-11-06 01:15:57.077956,2021-11-06 01:15:58.767995,90,90
Snore Train,273.634,2021-11-06 01:16:08.232214,2021-11-06 01:20:41.872552,90,99
N3,30,2021-11-06 01:16:27.012649,2021-11-06 01:16:57.013344,91,92
N3,30,2021-11-06 01:16:57.013344,2021-11-06 01:17:27.014039,92,93
N3,30,2021-11-06 01:17:27.014039,2021-11-06 01:17:57.014733,93,94
LM,4.733,2021-11-06 01:17:55.051688,2021-11-06 01:17:59.784797,93,94
N3,30,2021-11-06 01:17:57.014733,2021-11-06 01:18:27.015428,94,95
N3,30,2021-11-06 01:18:27.015428,2021-11-06 01:18:57.016123,95,96
N3,30,2021-11-06 01:18:57.016123,2021-11-06 01:19:27.016818,96,97
N3,30,2021-11-06 01:19:27.016818,2021-11-06 01:19:57.017513,97,98
N3,30,2021-11-06 01:19:57.017513,2021-11-06 01:20:27.018208,98,99
N3,30,2021-11-06 01:20:27.018208,2021-11-06 01:20:57.018902,99,100
N3,30,2021-11-06 01:20:57.018902,2021-11-06 01:21:27.019597,100,101
Snore Train,60,2021-11-06 01:21:07.732151,2021-11-06 01:22:07.733540,100,102
LM,2.8729999999999998,2021-11-06 01:21:26.662589,2021-11-06 01:21:29.535655,100,101
N3,30,2021-11-06 01:21:27.019597,2021-11-06 01:21:57.020292,101,102
N3,30,2021-11-06 01:21:57.020292,2021-11-06 01:22:27.020987,102,103
N3,30,2021-11-06 01:22:27.020987,2021-11-06 01:22:57.021682,103,104
Snore Train,155.831,2021-11-06 01:22:55.227640,2021-11-06 01:25:31.062249,103,109
N3,30,2021-11-06 01:22:57.021682,2021-11-06 01:23:27.022377,104,105
Movement,5.45,2021-11-06 01:22:57.360690,2021-11-06 01:23:02.810816,104,104
N3,30,2021-11-06 01:23:27.022377,2021-11-06 01:23:57.023071,105,106
LM,2.366,2021-11-06 01:23:41.200705,2021-11-06 01:23:43.566760,105,105
N3,30,2021-11-06 01:23:57.023071,2021-11-06 01:24:27.023766,106,107
N3,30,2021-11-06 01:24:27.023766,2021-11-06 01:24:57.024461,107,108
N3,30,2021-11-06 01:24:57.024461,2021-11-06 01:25:27.025156,108,109
N3,30,2021-11-06 01:25:27.025156,2021-11-06 01:25:57.025851,109,110
N3,30,2021-11-06 01:25:57.025851,2021-11-06 01:26:27.026546,110,111
Desat,56.332,2021-11-06 01:26:03.658004,2021-11-06 01:26:59.991309,110,112
A. Obstructive,19.544,2021-11-06 01:26:21.608420,2021-11-06 01:26:41.152873,110,111
N3,30,2021-11-06 01:26:27.026546,2021-11-06 01:26:57.027241,111,112
Movement,12.299,2021-11-06 01:26:46.452996,2021-11-06 01:26:58.752280,111,112
N3,30,2021-11-06 01:26:57.027241,2021-11-06 01:27:27.027935,112,113
A. Obstructive,24.694,2021-11-06 01:27:07.266478,2021-11-06 01:27:31.961049,112,113
Desat,21.333,2021-11-06 01:27:23.657857,2021-11-06 01:27:44.991351,112,113
N3,30,2021-11-06 01:27:27.027935,2021-11-06 01:27:57.028630,113,114
Movement,46.946999999999996,2021-11-06 01:27:32.101053,2021-11-06 01:28:19.049140,113,114
N2,30,2021-11-06 01:27:57.028630,2021-11-06 01:28:27.029325,114,115
N2,30,2021-11-06 01:28:27.029325,2021-11-06 01:28:57.030020,115,116
A. Obstructive,76.056,2021-11-06 01:28:45.554754,2021-11-06 01:30:01.612516,115,118
Desat,81.332,2021-11-06 01:28:53.991949,2021-11-06 01:30:15.325833,115,118
N2,30,2021-11-06 01:28:57.030020,2021-11-06 01:29:27.030715,116,117
N2,30,2021-11-06 01:29:27.030715,2021-11-06 01:29:57.031410,117,118
N2,30,2021-11-06 01:29:57.031410,2021-11-06 01:30:27.032104,118,119
Snore Train,30.421999999999997,2021-11-06 01:30:00.984501,2021-11-06 01:30:31.407206,118,119
Movement,12.498999999999999,2021-11-06 01:30:06.445628,2021-11-06 01:30:18.944917,118,118
N2,30,2021-11-06 01:30:27.032104,2021-11-06 01:30:57.032799,119,120
A. Obstructive,26.453999999999997,2021-11-06 01:30:31.379205,2021-11-06 01:30:57.833818,119,120
Desat,20.666,2021-11-06 01:30:50.659652,2021-11-06 01:31:11.326130,119,120
N2,30,2021-11-06 01:30:57.032799,2021-11-06 01:31:27.033494,120,121
Movement,20.448999999999998,2021-11-06 01:30:58.493833,2021-11-06 01:31:18.943306,120,120
Snore Train,19.436999999999998,2021-11-06 01:31:06.394016,2021-11-06 01:31:25.831466,120,120
Hypopnea,30.593,2021-11-06 01:31:24.967446,2021-11-06 01:31:55.561155,120,121
N2,30,2021-11-06 01:31:27.033494,2021-11-06 01:31:57.034189,121,122
Desat,29.666,2021-11-06 01:31:39.659787,2021-11-06 01:32:09.326474,121,122
N2,30,2021-11-06 01:31:57.034189,2021-11-06 01:32:27.034884,122,123
Hypopnea,25.282999999999998,2021-11-06 01:32:26.945881,2021-11-06 01:32:52.229467,122,123
N2,30,2021-11-06 01:32:27.034884,2021-11-06 01:32:57.035579,123,124
Desat,22.333,2021-11-06 01:32:42.326238,2021-11-06 01:33:04.659755,123,124
Snore Train,50.028,2021-11-06 01:32:51.137442,2021-11-06 01:33:41.166601,123,125
N2,30,2021-11-06 01:32:57.035579,2021-11-06 01:33:27.036273,124,125
Hypopnea,19.076,2021-11-06 01:33:11.499914,2021-11-06 01:33:30.576355,124,125
N2,30,2021-11-06 01:33:27.036273,2021-11-06 01:33:57.036968,125,126
Desat,21.332,2021-11-06 01:33:27.327280,2021-11-06 01:33:48.659774,125,125
Hypopnea,24.073999999999998,2021-11-06 01:33:41.112599,2021-11-06 01:34:05.187157,125,126
N2,30,2021-11-06 01:33:57.036968,2021-11-06 01:34:27.037663,126,127
Desat,19.666,2021-11-06 01:33:59.994037,2021-11-06 01:34:19.660492,126,126
A. Obstructive,12.338,2021-11-06 01:34:23.976592,2021-11-06 01:34:36.314878,126,127
N2,30,2021-11-06 01:34:27.037663,2021-11-06 01:34:57.038358,127,128
Snore Train,28.563,2021-11-06 01:34:35.590861,2021-11-06 01:35:04.154523,127,128
Movement,5.149,2021-11-06 01:34:38.935938,2021-11-06 01:34:44.085058,127,127
N2,30,2021-11-06 01:34:57.038358,2021-11-06 01:35:27.039053,128,129
Movement,16.249,2021-11-06 01:35:21.683929,2021-11-06 01:35:37.933305,128,129
N2,30,2021-11-06 01:35:27.039053,2021-11-06 01:35:57.039748,129,130
Snore Train,23.662,2021-11-06 01:35:29.845118,2021-11-06 01:35:53.507666,129,129
N2,30,2021-11-06 01:35:57.039748,2021-11-06 01:36:27.040442,130,131
Snore Train,28.901999999999997,2021-11-06 01:36:04.831928,2021-11-06 01:36:33.734597,130,131
Movement,6.55,2021-11-06 01:36:13.432127,2021-11-06 01:36:19.982279,130,130
A. Obstructive,23.831,2021-11-06 01:36:26.635433,2021-11-06 01:36:50.466985,130,131
N2,30,2021-11-06 01:36:27.040442,2021-11-06 01:36:57.041137,131,132
Desat,17,2021-11-06 01:36:49.660966,2021-11-06 01:37:06.661360,131,132
Snore Train,63.041999999999994,2021-11-06 01:36:51.529010,2021-11-06 01:37:54.572470,131,133
N2,30,2021-11-06 01:36:57.041137,2021-11-06 01:37:27.041832,132,133
N2,30,2021-11-06 01:37:27.041832,2021-11-06 01:37:57.042527,133,134
Movement,11.299999999999999,2021-11-06 01:37:33.228975,2021-11-06 01:37:44.529237,133,133
N2,30,2021-11-06 01:37:57.042527,2021-11-06 01:38:27.043222,134,135
Snore Train,158.028,2021-11-06 01:38:21.278088,2021-11-06 01:40:59.309748,134,140
N2,30,2021-11-06 01:38:27.043222,2021-11-06 01:38:57.043917,135,136
Movement,19.149,2021-11-06 01:38:27.877241,2021-11-06 01:38:47.026684,135,135
N2,30,2021-11-06 01:38:57.043917,2021-11-06 01:39:27.044612,136,137
Hypopnea,35.885999999999996,2021-11-06 01:39:25.215569,2021-11-06 01:40:01.102400,136,138
N2,30,2021-11-06 01:39:27.044612,2021-11-06 01:39:57.045306,137,138
Desat,32.333,2021-11-06 01:39:46.662066,2021-11-06 01:40:18.995815,137,138
N2,30,2021-11-06 01:39:57.045306,2021-11-06 01:40:27.046001,138,139
Movement,30.398,2021-11-06 01:39:59.724368,2021-11-06 01:40:30.123072,138,139
N2,30,2021-11-06 01:40:27.046001,2021-11-06 01:40:57.046696,139,140
N2,30,2021-11-06 01:40:57.046696,2021-11-06 01:41:27.047391,140,141
Snore Train,49.352,2021-11-06 01:41:03.872854,2021-11-06 01:41:53.225997,140,141
Movement,29.898,2021-11-06 01:41:06.721920,2021-11-06 01:41:36.620612,140,141
N2,30,2021-11-06 01:41:27.047391,2021-11-06 01:41:57.048086,141,142
N2,30,2021-11-06 01:41:57.048086,2021-11-06 01:42:27.048781,142,143
Snore Train,73.859,2021-11-06 01:42:00.832173,2021-11-06 01:43:14.692884,142,144
N2,30,2021-11-06 01:42:27.048781,2021-11-06 01:42:57.049475,143,144
Movement,16.049,2021-11-06 01:42:31.268878,2021-11-06 01:42:47.318250,143,143
N2,30,2021-11-06 01:42:57.049475,2021-11-06 01:43:27.050170,144,145
Movement,5.1,2021-11-06 01:43:19.767001,2021-11-06 01:43:24.867120,144,144
Arousal,13.038,2021-11-06 01:43:19.833003,2021-11-06 01:43:32.871305,144,145
N2,30,2021-11-06 01:43:27.050170,2021-11-06 01:43:57.050865,145,146
LM,1.2249999999999999,2021-11-06 01:43:32.546297,2021-11-06 01:43:33.771326,145,145
N2,30,2021-11-06 01:43:57.050865,2021-11-06 01:44:27.051560,146,147
N2,30,2021-11-06 01:44:27.051560,2021-11-06 01:44:57.052255,147,148
Snore Train,74.02799999999999,2021-11-06 01:44:36.666783,2021-11-06 01:45:50.696497,147,149
N3,30,2021-11-06 01:44:57.052255,2021-11-06 01:45:27.052950,148,149
Desat,60.998999999999995,2021-11-06 01:44:57.330261,2021-11-06 01:45:58.330674,148,150
Movement,372.578,2021-11-06 01:45:05.963461,2021-11-06 01:51:18.550091,148,160
N3,30,2021-11-06 01:45:27.052950,2021-11-06 01:45:57.053644,149,150
N3,30,2021-11-06 01:45:57.053644,2021-11-06 01:46:27.054339,150,151
Snore Train,287.324,2021-11-06 01:46:07.935896,2021-11-06 01:50:55.266551,150,159
N3,30,2021-11-06 01:46:27.054339,2021-11-06 01:46:57.055034,151,152
N3,30,2021-11-06 01:46:57.055034,2021-11-06 01:47:27.055729,152,153
N3,30,2021-11-06 01:47:27.055729,2021-11-06 01:47:57.056424,153,154
N3,30,2021-11-06 01:47:57.056424,2021-11-06 01:48:27.057119,154,155
N3,30,2021-11-06 01:48:27.057119,2021-11-06 01:48:57.057813,155,156
N3,30,2021-11-06 01:48:57.057813,2021-11-06 01:49:27.058508,156,157
N3,30,2021-11-06 01:49:27.058508,2021-11-06 01:49:57.059203,157,158
N3,30,2021-11-06 01:49:57.059203,2021-11-06 01:50:27.059898,158,159
N3,30,2021-11-06 01:50:27.059898,2021-11-06 01:50:57.060593,159,160
N3,30,2021-11-06 01:50:57.060593,2021-11-06 01:51:27.061288,160,161
Snore Train,70.14099999999999,2021-11-06 01:51:04.224759,2021-11-06 01:52:14.367383,160,162
N3,30,2021-11-06 01:51:27.061288,2021-11-06 01:51:57.061983,161,162
N3,30,2021-11-06 01:51:57.061983,2021-11-06 01:52:27.062677,162,163
N3,30,2021-11-06 01:52:27.062677,2021-11-06 01:52:57.063372,163,164
Snore Train,213.465,2021-11-06 01:52:27.381685,2021-11-06 01:56:00.851629,163,170
N3,30,2021-11-06 01:52:57.063372,2021-11-06 01:53:27.064067,164,165
N3,30,2021-11-06 01:53:27.064067,2021-11-06 01:53:57.064762,165,166
N3,30,2021-11-06 01:53:57.064762,2021-11-06 01:54:27.065457,166,167
Movement,30.148,2021-11-06 01:53:59.293813,2021-11-06 01:54:29.442512,166,167
N3,30,2021-11-06 01:54:27.065457,2021-11-06 01:54:57.066152,167,168
N3,30,2021-11-06 01:54:57.066152,2021-11-06 01:55:27.066846,168,169
Movement,48.047,2021-11-06 01:54:59.942218,2021-11-06 01:55:47.990331,168,169
N3,30,2021-11-06 01:55:27.066846,2021-11-06 01:55:57.067541,169,170
Notification,1,2021-11-06 01:55:32.066962,2021-11-06 01:55:33.066985,169,169
N3,30,2021-11-06 01:55:57.067541,2021-11-06 01:56:27.068236,170,171
Snore Train,82.31,2021-11-06 01:56:03.893699,2021-11-06 01:57:26.205605,170,172
N3,30,2021-11-06 01:56:27.068236,2021-11-06 01:56:57.068931,171,172
N3,30,2021-11-06 01:56:57.068931,2021-11-06 01:57:27.069626,172,173
Movement,5.848999999999999,2021-11-06 01:57:00.338006,2021-11-06 01:57:06.187142,172,172
N3,30,2021-11-06 01:57:27.069626,2021-11-06 01:57:57.070321,173,174
Movement,3.75,2021-11-06 01:57:37.535868,2021-11-06 01:57:41.285955,173,173
Arousal,12.44,2021-11-06 01:57:37.615870,2021-11-06 01:57:50.056158,173,173
N3,30,2021-11-06 01:57:57.070321,2021-11-06 01:58:27.071015,174,175
N3,30,2021-11-06 01:58:27.071015,2021-11-06 01:58:57.071710,175,176
Hypopnea,46.141,2021-11-06 01:58:41.877358,2021-11-06 01:59:28.019427,175,177
N3,30,2021-11-06 01:58:57.071710,2021-11-06 01:59:27.072405,176,177
N1,30,2021-11-06 01:59:27.072405,2021-11-06 01:59:57.073100,177,178
Movement,7.449,2021-11-06 01:59:29.132453,2021-11-06 01:59:36.581625,177,177
Arousal,11.899,2021-11-06 01:59:29.624464,2021-11-06 01:59:41.523740,177,177
N2,30,2021-11-06 01:59:57.073100,2021-11-06 02:00:27.073795,178,179
Hypopnea,43.713,2021-11-06 02:00:08.975376,2021-11-06 02:00:52.689388,178,179
N2,30,2021-11-06 02:00:27.073795,2021-11-06 02:00:57.074490,179,180
Desat,31.999,2021-11-06 02:00:35.335986,2021-11-06 02:01:07.335727,179,180
Movement,3.4,2021-11-06 02:00:52.329380,2021-11-06 02:00:55.729458,179,179
Arousal,8.782,2021-11-06 02:00:52.426382,2021-11-06 02:01:01.208585,179,180
N1,30,2021-11-06 02:00:57.074490,2021-11-06 02:01:27.075184,180,181
N2,30,2021-11-06 02:01:27.075184,2021-11-06 02:01:57.075879,181,182
N2,30,2021-11-06 02:01:57.075879,2021-11-06 02:02:27.076574,182,183
Snore Train,231.042,2021-11-06 02:02:05.423072,2021-11-06 02:05:56.470424,182,189
N2,30,2021-11-06 02:02:27.076574,2021-11-06 02:02:57.077269,183,184
N2,30,2021-11-06 02:02:57.077269,2021-11-06 02:03:27.077964,184,185
N2,30,2021-11-06 02:03:27.077964,2021-11-06 02:03:57.078659,185,186
N2,30,2021-11-06 02:03:57.078659,2021-11-06 02:04:27.079353,186,187
N3,30,2021-11-06 02:04:27.079353,2021-11-06 02:04:57.080048,187,188
N3,30,2021-11-06 02:04:57.080048,2021-11-06 02:05:27.080743,188,189
Movement,7.449,2021-11-06 02:05:24.069673,2021-11-06 02:05:31.518846,188,189
N3,30,2021-11-06 02:05:27.080743,2021-11-06 02:05:57.081438,189,190
N3,30,2021-11-06 02:05:57.081438,2021-11-06 02:06:27.082133,190,191
Snore Train,295.775,2021-11-06 02:06:04.752615,2021-11-06 02:11:00.534466,190,200
Movement,22.948999999999998,2021-11-06 02:06:07.317675,2021-11-06 02:06:30.267206,190,191
N3,30,2021-11-06 02:06:27.082133,2021-11-06 02:06:57.082828,191,192
N3,30,2021-11-06 02:06:57.082828,2021-11-06 02:07:27.083523,192,193
N3,30,2021-11-06 02:07:27.083523,2021-11-06 02:07:57.084217,193,194
N3,30,2021-11-06 02:07:57.084217,2021-11-06 02:08:27.084912,194,195
N3,30,2021-11-06 02:08:27.084912,2021-11-06 02:08:57.085607,195,196
N3,30,2021-11-06 02:08:57.085607,2021-11-06 02:09:27.086302,196,197
N3,30,2021-11-06 02:09:27.086302,2021-11-06 02:09:57.086997,197,198
N3,30,2021-11-06 02:09:57.086997,2021-11-06 02:10:27.087692,198,199
N3,30,2021-11-06 02:10:27.087692,2021-11-06 02:10:57.088386,199,200
N3,30,2021-11-06 02:10:57.088386,2021-11-06 02:11:27.089081,200,201
Snore Train,58.986,2021-11-06 02:11:04.928568,2021-11-06 02:12:03.915934,200,202
Movement,6.598999999999999,2021-11-06 02:11:21.956962,2021-11-06 02:11:28.556115,200,201
N3,30,2021-11-06 02:11:27.089081,2021-11-06 02:11:57.089776,201,202
N3,30,2021-11-06 02:11:57.089776,2021-11-06 02:12:27.090471,202,203
Snore Train,158.029,2021-11-06 02:12:07.079007,2021-11-06 02:14:45.111667,202,207
N3,30,2021-11-06 02:12:27.090471,2021-11-06 02:12:57.091166,203,204
N3,30,2021-11-06 02:12:57.091166,2021-11-06 02:13:27.091861,204,205
N3,30,2021-11-06 02:13:27.091861,2021-11-06 02:13:57.092555,205,206
N3,30,2021-11-06 02:13:57.092555,2021-11-06 02:14:27.093250,206,207
Movement,49.147,2021-11-06 02:14:18.800058,2021-11-06 02:15:07.948196,206,208
N3,30,2021-11-06 02:14:27.093250,2021-11-06 02:14:57.093945,207,208
Arousal,34.1,2021-11-06 02:14:46.124691,2021-11-06 02:15:20.225481,207,208
Wake,30,2021-11-06 02:14:57.093945,2021-11-06 02:15:27.094640,208,209
Left,1085,2021-11-06 02:15:02.094061,2021-11-06 02:33:07.119191,208,244
N1,30,2021-11-06 02:15:27.094640,2021-11-06 02:15:57.095335,209,210
LM,0.845,2021-11-06 02:15:27.244643,2021-11-06 02:15:28.089663,209,209
Single Snore,0.5499999999999999,2021-11-06 02:15:51.887214,2021-11-06 02:15:52.437227,209,209
N2,30,2021-11-06 02:15:57.095335,2021-11-06 02:16:27.096030,210,211
Hypopnea,33.972,2021-11-06 02:16:17.563809,2021-11-06 02:16:51.536596,210,211
N2,30,2021-11-06 02:16:27.096030,2021-11-06 02:16:57.096724,211,212
Single Snore,0.88,2021-11-06 02:16:47.708507,2021-11-06 02:16:48.588527,211,211
Snore Train,5.359999999999999,2021-11-06 02:16:47.708507,2021-11-06 02:16:53.068631,211,211
Single Snore,0.47,2021-11-06 02:16:49.658552,2021-11-06 02:16:50.128563,211,211
Single Snore,0.97,2021-11-06 02:16:52.098609,2021-11-06 02:16:53.068631,211,211
Arousal,8.324,2021-11-06 02:16:52.313614,2021-11-06 02:17:00.637806,211,212
N2,30,2021-11-06 02:16:57.096724,2021-11-06 02:17:27.097419,212,213
N2,30,2021-11-06 02:17:27.097419,2021-11-06 02:17:57.098114,213,214
N2,30,2021-11-06 02:17:57.098114,2021-11-06 02:18:27.098809,214,215
N2,30,2021-11-06 02:18:27.098809,2021-11-06 02:18:57.099504,215,216
Single Snore,0.31,2021-11-06 02:18:51.021363,2021-11-06 02:18:51.331370,215,215
N2,30,2021-11-06 02:18:57.099504,2021-11-06 02:19:27.100199,216,217
N2,30,2021-11-06 02:19:27.100199,2021-11-06 02:19:57.100894,217,218
Single Snore,0.94,2021-11-06 02:19:31.622303,2021-11-06 02:19:32.562325,217,217
LM,2.197,2021-11-06 02:19:38.405460,2021-11-06 02:19:40.602511,217,217
N2,30,2021-11-06 02:19:57.100894,2021-11-06 02:20:27.101588,218,219
N3,30,2021-11-06 02:20:27.101588,2021-11-06 02:20:57.102283,219,220
N3,30,2021-11-06 02:20:57.102283,2021-11-06 02:21:27.102978,220,221
Single Snore,0.36,2021-11-06 02:21:07.634527,2021-11-06 02:21:07.994535,220,220
N3,30,2021-11-06 02:21:27.102978,2021-11-06 02:21:57.103673,221,222
N3,30,2021-11-06 02:21:57.103673,2021-11-06 02:22:27.104368,222,223
N3,30,2021-11-06 02:22:27.104368,2021-11-06 02:22:57.105063,223,224
N3,30,2021-11-06 02:22:57.105063,2021-11-06 02:23:27.105757,224,225
Single Snore,0.7799999999999999,2021-11-06 02:23:01.127155,2021-11-06 02:23:01.907174,224,224
Single Snore,0.95,2021-11-06 02:23:03.507211,2021-11-06 02:23:04.457233,224,224
Single Snore,0.51,2021-11-06 02:23:22.537651,2021-11-06 02:23:23.047663,224,224
Single Snore,0.95,2021-11-06 02:23:25.837728,2021-11-06 02:23:26.787750,224,224
N3,30,2021-11-06 02:23:27.105757,2021-11-06 02:23:57.106452,225,226
N3,30,2021-11-06 02:23:57.106452,2021-11-06 02:24:27.107147,226,227
N3,30,2021-11-06 02:24:27.107147,2021-11-06 02:24:57.107842,227,228
N3,30,2021-11-06 02:24:57.107842,2021-11-06 02:25:27.108537,228,229
Single Snore,1.07,2021-11-06 02:25:25.230493,2021-11-06 02:25:26.300518,228,228
N3,30,2021-11-06 02:25:27.108537,2021-11-06 02:25:57.109232,229,230
N3,30,2021-11-06 02:25:57.109232,2021-11-06 02:26:27.109926,230,231
Single Snore,1.06,2021-11-06 02:26:24.691870,2021-11-06 02:26:25.751895,230,230
N3,30,2021-11-06 02:26:27.109926,2021-11-06 02:26:57.110621,231,232
N3,30,2021-11-06 02:26:57.110621,2021-11-06 02:27:27.111316,232,233
Single Snore,0.62,2021-11-06 02:27:13.152993,2021-11-06 02:27:13.773007,232,232
Snore Train,24.25,2021-11-06 02:27:13.152993,2021-11-06 02:27:37.403554,232,233
Single Snore,0.5399999999999999,2021-11-06 02:27:17.373090,2021-11-06 02:27:17.913103,232,232
Single Snore,0.39999999999999997,2021-11-06 02:27:23.103223,2021-11-06 02:27:23.503232,232,232
N3,30,2021-11-06 02:27:27.111316,2021-11-06 02:27:57.112011,233,234
Single Snore,0.32999999999999996,2021-11-06 02:27:28.483348,2021-11-06 02:27:28.813355,233,233
Single Snore,1.15,2021-11-06 02:27:36.253528,2021-11-06 02:27:37.403554,233,233
N3,30,2021-11-06 02:27:57.112011,2021-11-06 02:28:27.112706,234,235
N3,30,2021-11-06 02:28:27.112706,2021-11-06 02:28:57.113401,235,236
N3,30,2021-11-06 02:28:57.113401,2021-11-06 02:29:27.114095,236,237
Single Snore,0.72,2021-11-06 02:29:07.265636,2021-11-06 02:29:07.985652,236,236
Single Snore,0.36,2021-11-06 02:29:11.445732,2021-11-06 02:29:11.805741,236,236
N3,30,2021-11-06 02:29:27.114095,2021-11-06 02:29:57.114790,237,238
N3,30,2021-11-06 02:29:57.114790,2021-11-06 02:30:27.115485,238,239
N3,30,2021-11-06 02:30:27.115485,2021-11-06 02:30:57.116180,239,240
Single Snore,0.45999999999999996,2021-11-06 02:30:28.327513,2021-11-06 02:30:28.787524,239,239
Snore Train,24.849999999999998,2021-11-06 02:30:28.327513,2021-11-06 02:30:53.178088,239,239
Single Snore,0.48,2021-11-06 02:30:37.517726,2021-11-06 02:30:37.997737,239,239
Single Snore,0.32,2021-11-06 02:30:44.427886,2021-11-06 02:30:44.747893,239,239
Single Snore,0.53,2021-11-06 02:30:52.648076,2021-11-06 02:30:53.178088,239,239
N3,30,2021-11-06 02:30:57.116180,2021-11-06 02:31:27.116875,240,241
Single Snore,0.38999999999999996,2021-11-06 02:31:27.058873,2021-11-06 02:31:27.448882,240,241
N3,30,2021-11-06 02:31:27.116875,2021-11-06 02:31:57.117570,241,242
Single Snore,0.27999999999999997,2021-11-06 02:31:42.939241,2021-11-06 02:31:43.219248,241,241
Snore Train,20.63,2021-11-06 02:31:42.939241,2021-11-06 02:32:03.569719,241,242
Single Snore,1.52,2021-11-06 02:31:48.609372,2021-11-06 02:31:50.129408,241,241
Single Snore,0.31,2021-11-06 02:31:52.869471,2021-11-06 02:31:53.179478,241,241
N3,30,2021-11-06 02:31:57.117570,2021-11-06 02:32:27.118264,242,243
Single Snore,0.88,2021-11-06 02:32:02.689698,2021-11-06 02:32:03.569719,242,242
Single Snore,0.3,2021-11-06 02:32:23.760187,2021-11-06 02:32:24.060194,242,242
N3,30,2021-11-06 02:32:27.118264,2021-11-06 02:32:57.118959,243,244
N1,30,2021-11-06 02:32:57.118959,2021-11-06 02:33:27.119654,244,245
Arousal,13.622,2021-11-06 02:33:03.677111,2021-11-06 02:33:17.299427,244,244
Movement,130.142,2021-11-06 02:33:04.110121,2021-11-06 02:35:14.255135,244,248
Supine,7725,2021-11-06 02:33:07.119191,2021-11-06 04:41:52.298112,244,501
N2,30,2021-11-06 02:33:27.119654,2021-11-06 02:33:57.120349,245,246
Desat,33.665,2021-11-06 02:33:33.680806,2021-11-06 02:34:07.346586,245,246
Hypopnea,15.718,2021-11-06 02:33:35.841856,2021-11-06 02:33:51.560220,245,245
Snore Train,10.985999999999999,2021-11-06 02:33:40.066954,2021-11-06 02:33:51.053208,245,245
Arousal,11.043999999999999,2021-11-06 02:33:50.613198,2021-11-06 02:34:01.657454,245,246
N2,30,2021-11-06 02:33:57.120349,2021-11-06 02:34:27.121044,246,247
N2,30,2021-11-06 02:34:27.121044,2021-11-06 02:34:57.121739,247,248
N2,30,2021-11-06 02:34:57.121739,2021-11-06 02:35:27.122434,248,249
N3,30,2021-11-06 02:35:27.122434,2021-11-06 02:35:57.123128,249,250
Movement,98.344,2021-11-06 02:35:53.354041,2021-11-06 02:37:31.700319,249,253
N3,30,2021-11-06 02:35:57.123128,2021-11-06 02:36:27.123823,250,251
N3,30,2021-11-06 02:36:27.123823,2021-11-06 02:36:57.124518,251,252
N3,30,2021-11-06 02:36:57.124518,2021-11-06 02:37:27.125213,252,253
Arousal,4.1579999999999995,2021-11-06 02:37:16.814974,2021-11-06 02:37:20.973070,252,252
N2,30,2021-11-06 02:37:27.125213,2021-11-06 02:37:57.125908,253,254
N2,30,2021-11-06 02:37:57.125908,2021-11-06 02:38:27.126603,254,255
N2,30,2021-11-06 02:38:27.126603,2021-11-06 02:38:57.127297,255,256
N2,30,2021-11-06 02:38:57.127297,2021-11-06 02:39:27.127992,256,257
N2,30,2021-11-06 02:39:27.127992,2021-11-06 02:39:57.128687,257,258
Movement,7.3999999999999995,2021-11-06 02:39:46.145433,2021-11-06 02:39:53.545604,257,257
N2,30,2021-11-06 02:39:57.128687,2021-11-06 02:40:27.129382,258,259
Hypopnea,21.294999999999998,2021-11-06 02:40:21.485251,2021-11-06 02:40:42.780744,258,259
N2,30,2021-11-06 02:40:27.129382,2021-11-06 02:40:57.130077,259,260
Desat,25.666,2021-11-06 02:40:35.682580,2021-11-06 02:41:01.349174,259,260
N2,30,2021-11-06 02:40:57.130077,2021-11-06 02:41:27.130772,260,261
N2,30,2021-11-06 02:41:27.130772,2021-11-06 02:41:57.131466,261,262
Hypopnea,47.324,2021-11-06 02:41:43.712156,2021-11-06 02:42:31.037252,261,263
REM,30,2021-11-06 02:41:57.131466,2021-11-06 02:42:27.132161,262,263
Desat,38.333,2021-11-06 02:42:08.682734,2021-11-06 02:42:47.016622,262,263
REM,30,2021-11-06 02:42:27.132161,2021-11-06 02:42:57.132856,263,264
Arousal,5.087,2021-11-06 02:42:46.738615,2021-11-06 02:42:51.825733,263,263
Movement,13.799999999999999,2021-11-06 02:42:47.388630,2021-11-06 02:43:01.188950,263,264
REM,30,2021-11-06 02:42:57.132856,2021-11-06 02:43:27.133551,264,265
Hypopnea,33.634,2021-11-06 02:42:57.403862,2021-11-06 02:43:31.038641,264,265
Desat,31.331999999999997,2021-11-06 02:43:15.017270,2021-11-06 02:43:46.349996,264,265
REM,30,2021-11-06 02:43:27.133551,2021-11-06 02:43:57.134246,265,266
Snore Train,16.732,2021-11-06 02:43:33.537699,2021-11-06 02:43:50.270087,265,265
REM,30,2021-11-06 02:43:57.134246,2021-11-06 02:44:27.134941,266,267
Hypopnea,54.297,2021-11-06 02:43:57.791261,2021-11-06 02:44:52.089519,266,267
Desat,49.332,2021-11-06 02:44:11.683583,2021-11-06 02:45:01.016725,266,268
REM,30,2021-11-06 02:44:27.134941,2021-11-06 02:44:57.135635,267,268
Snore Train,26.705,2021-11-06 02:44:44.017331,2021-11-06 02:45:10.722950,267,268
REM,30,2021-11-06 02:44:57.135635,2021-11-06 02:45:27.136330,268,269
Hypopnea,27.554,2021-11-06 02:45:08.668902,2021-11-06 02:45:36.223541,268,269
Desat,23.333,2021-11-06 02:45:25.017281,2021-11-06 02:45:48.350822,268,269
REM,30,2021-11-06 02:45:27.136330,2021-11-06 02:45:57.137025,269,270
Arousal,11.238999999999999,2021-11-06 02:45:40.691644,2021-11-06 02:45:51.930904,269,269
REM,30,2021-11-06 02:45:57.137025,2021-11-06 02:46:27.137720,270,271
Hypopnea,41.455,2021-11-06 02:46:10.862343,2021-11-06 02:46:52.318303,270,271
Movement,22.599,2021-11-06 02:46:11.381355,2021-11-06 02:46:33.980878,270,271
REM,30,2021-11-06 02:46:27.137720,2021-11-06 02:46:57.138415,271,272
Desat,37.998999999999995,2021-11-06 02:46:32.684848,2021-11-06 02:47:10.684728,271,272
REM,30,2021-11-06 02:46:57.138415,2021-11-06 02:47:27.139110,272,273
Hypopnea,42.321999999999996,2021-11-06 02:47:12.384768,2021-11-06 02:47:54.707748,272,273
REM,30,2021-11-06 02:47:27.139110,2021-11-06 02:47:57.139805,273,274
Desat,34.332,2021-11-06 02:47:33.685261,2021-11-06 02:48:08.018056,273,274
Snore Train,14.535,2021-11-06 02:47:52.931707,2021-11-06 02:48:07.467044,273,274
REM,30,2021-11-06 02:47:57.139805,2021-11-06 02:48:27.140499,274,275
Movement,42.847,2021-11-06 02:48:01.177898,2021-11-06 02:48:44.025890,274,275
REM,30,2021-11-06 02:48:27.140499,2021-11-06 02:48:57.141194,275,276
Snore Train,15.549999999999999,2021-11-06 02:48:31.129592,2021-11-06 02:48:46.679952,275,275
Hypopnea,28.394,2021-11-06 02:48:45.158917,2021-11-06 02:49:13.553574,275,276
REM,30,2021-11-06 02:48:57.141194,2021-11-06 02:49:27.141889,276,277
Desat,19.665,2021-11-06 02:49:04.019353,2021-11-06 02:49:23.684809,276,276
Snore Train,13.520999999999999,2021-11-06 02:49:05.778394,2021-11-06 02:49:19.299707,276,276
Movement,48.597,2021-11-06 02:49:20.624738,2021-11-06 02:50:09.222864,276,278
REM,30,2021-11-06 02:49:27.141889,2021-11-06 02:49:57.142584,277,278
A. Obstructive,20.958,2021-11-06 02:49:48.709388,2021-11-06 02:50:09.667874,277,278
REM,30,2021-11-06 02:49:57.142584,2021-11-06 02:50:27.143279,278,279
Desat,16.333,2021-11-06 02:50:05.685782,2021-11-06 02:50:22.019160,278,278
REM,30,2021-11-06 02:50:27.143279,2021-11-06 02:50:57.143974,279,280
REM,30,2021-11-06 02:50:57.143974,2021-11-06 02:51:27.144668,280,281
REM,30,2021-11-06 02:51:27.144668,2021-11-06 02:51:57.145363,281,282
Hypopnea,18.590999999999998,2021-11-06 02:51:44.233064,2021-11-06 02:52:02.824495,281,282
Wake,30,2021-11-06 02:51:57.145363,2021-11-06 02:52:27.146058,282,283
Arousal,15.379999999999999,2021-11-06 02:52:04.869542,2021-11-06 02:52:20.249898,282,282
Movement,621.164,2021-11-06 02:52:06.718585,2021-11-06 03:02:27.896972,282,303
N2,30,2021-11-06 02:52:27.146058,2021-11-06 02:52:57.146753,283,284
Snore Train,33.634,2021-11-06 02:52:28.141081,2021-11-06 02:53:01.775860,283,284
N2,30,2021-11-06 02:52:57.146753,2021-11-06 02:53:27.147448,284,285
A. Obstructive,11.434999999999999,2021-11-06 02:53:01.151846,2021-11-06 02:53:12.587110,284,284
Snore Train,66.084,2021-11-06 02:53:11.917095,2021-11-06 02:54:18.002626,284,286
N2,30,2021-11-06 02:53:27.147448,2021-11-06 02:53:57.148143,285,286
Hypopnea,25.520999999999997,2021-11-06 02:53:36.207657,2021-11-06 02:54:01.729249,285,286
Desat,26.331999999999997,2021-11-06 02:53:52.170027,2021-11-06 02:54:18.502637,285,286
N2,30,2021-11-06 02:53:57.148143,2021-11-06 02:54:27.148837,286,287
Arousal,4.851,2021-11-06 02:54:12.089489,2021-11-06 02:54:16.940601,286,286
A. Obstructive,19.683999999999997,2021-11-06 02:54:16.604593,2021-11-06 02:54:36.289049,286,287
N2,30,2021-11-06 02:54:27.148837,2021-11-06 02:54:57.149532,287,288
Desat,20.666,2021-11-06 02:54:32.503961,2021-11-06 02:54:53.170440,287,287
Arousal,12.186,2021-11-06 02:54:37.543078,2021-11-06 02:54:49.729360,287,287
N1,30,2021-11-06 02:54:57.149532,2021-11-06 02:55:27.150227,288,289
N2,30,2021-11-06 02:55:27.150227,2021-11-06 02:55:57.150922,289,290
N2,30,2021-11-06 02:55:57.150922,2021-11-06 02:56:27.151617,290,291
N2,30,2021-11-06 02:56:27.151617,2021-11-06 02:56:57.152312,291,292
N2,30,2021-11-06 02:56:57.152312,2021-11-06 02:57:27.153006,292,293
N2,30,2021-11-06 02:57:27.153006,2021-11-06 02:57:57.153701,293,294
N2,30,2021-11-06 02:57:57.153701,2021-11-06 02:58:27.154396,294,295
LM,3.042,2021-11-06 02:58:17.839180,2021-11-06 02:58:20.881251,294,294
N2,30,2021-11-06 02:58:27.154396,2021-11-06 02:58:57.155091,295,296
N2,30,2021-11-06 02:58:57.155091,2021-11-06 02:59:27.155786,296,297
N2,30,2021-11-06 02:59:27.155786,2021-11-06 02:59:57.156481,297,298
PLM,401.40799999999996,2021-11-06 02:59:42.518141,2021-11-06 03:06:23.935439,297,310
LM,0.885,2021-11-06 02:59:47.677261,2021-11-06 02:59:48.562281,297,297
N2,30,2021-11-06 02:59:57.156481,2021-11-06 03:00:27.157176,298,299
LM,2.8729999999999998,2021-11-06 03:00:06.771703,2021-11-06 03:00:09.644770,298,298
N2,30,2021-11-06 03:00:27.157176,2021-11-06 03:00:57.157870,299,300
LM,3.211,2021-11-06 03:00:37.110406,2021-11-06 03:00:40.321480,299,299
N2,30,2021-11-06 03:00:57.157870,2021-11-06 03:01:27.158565,300,301
LM,0.525,2021-11-06 03:01:10.124171,2021-11-06 03:01:10.649183,300,300
N2,30,2021-11-06 03:01:27.158565,2021-11-06 03:01:57.159260,301,302
LM,1.13,2021-11-06 03:01:42.837928,2021-11-06 03:01:43.967954,301,301
N2,30,2021-11-06 03:01:57.159260,2021-11-06 03:02:27.159955,302,303
LM,2.197,2021-11-06 03:02:03.478406,2021-11-06 03:02:05.675457,302,302
LM,1.8499999999999999,2021-11-06 03:02:24.376890,2021-11-06 03:02:26.226933,302,302
N2,30,2021-11-06 03:02:27.159955,2021-11-06 03:02:57.160650,303,304
LM,1.5,2021-11-06 03:02:53.260559,2021-11-06 03:02:54.760594,303,303
N2,30,2021-11-06 03:02:57.160650,2021-11-06 03:03:27.161345,304,305
Movement,109.14399999999999,2021-11-06 03:03:05.494843,2021-11-06 03:04:54.641371,304,307
LM,1.9449999999999998,2021-11-06 03:03:11.574984,2021-11-06 03:03:13.520028,304,304
N2,30,2021-11-06 03:03:27.161345,2021-11-06 03:03:57.162039,305,306
LM,1.6949999999999998,2021-11-06 03:03:34.064504,2021-11-06 03:03:35.759543,305,305
N2,30,2021-11-06 03:03:57.162039,2021-11-06 03:04:27.162734,306,307
LM,1.8639999999999999,2021-11-06 03:03:57.199040,2021-11-06 03:03:59.063083,306,306
LM,1.14,2021-11-06 03:04:09.348321,2021-11-06 03:04:10.488348,306,306
LM,2.7399999999999998,2021-11-06 03:04:26.137710,2021-11-06 03:04:28.877774,306,307
N2,30,2021-11-06 03:04:27.162734,2021-11-06 03:04:57.163429,307,308
LM,1.04,2021-11-06 03:04:46.157174,2021-11-06 03:04:47.197198,307,307
N2,30,2021-11-06 03:04:57.163429,2021-11-06 03:05:27.164124,308,309
LM,1.02,2021-11-06 03:05:02.746558,2021-11-06 03:05:03.766582,308,308
LM,2.13,2021-11-06 03:05:22.665020,2021-11-06 03:05:24.795069,308,308
Movement,81.895,2021-11-06 03:05:25.340082,2021-11-06 03:06:47.236978,308,311
N2,30,2021-11-06 03:05:27.164124,2021-11-06 03:05:57.164819,309,310
LM,1.99,2021-11-06 03:05:42.939489,2021-11-06 03:05:44.929535,309,309
N2,30,2021-11-06 03:05:57.164819,2021-11-06 03:06:27.165514,310,311
LM,2.485,2021-11-06 03:06:01.468918,2021-11-06 03:06:03.953976,310,310
LM,0.59,2021-11-06 03:06:19.498336,2021-11-06 03:06:20.088349,310,310
Hypopnea,15.718,2021-11-06 03:06:22.873414,2021-11-06 03:06:38.591778,310,311
N2,30,2021-11-06 03:06:27.165514,2021-11-06 03:06:57.166208,311,312
Arousal,16.084,2021-11-06 03:06:42.528869,2021-11-06 03:06:58.613242,311,312
LM,4.324,2021-11-06 03:06:43.512892,2021-11-06 03:06:47.836992,311,311
A. Obstructive,24.86,2021-11-06 03:06:54.607149,2021-11-06 03:07:19.467725,311,312
N2,30,2021-11-06 03:06:57.166208,2021-11-06 03:07:27.166903,312,313
Desat,21,2021-11-06 03:07:11.507540,2021-11-06 03:07:32.508027,312,313
Movement,9.75,2021-11-06 03:07:20.285744,2021-11-06 03:07:30.035970,312,313
Arousal,6.034,2021-11-06 03:07:20.693753,2021-11-06 03:07:26.727893,312,312
N2,30,2021-11-06 03:07:27.166903,2021-11-06 03:07:57.167598,313,314
PLMS,2.029,2021-11-06 03:07:55.373556,2021-11-06 03:07:57.402603,313,314
PLM,1356.26,2021-11-06 03:07:55.373556,2021-11-06 03:30:31.664969,313,359
N2,30,2021-11-06 03:07:57.167598,2021-11-06 03:08:27.168293,314,315
Desat,35.666,2021-11-06 03:08:01.174691,2021-11-06 03:08:36.841517,314,315
PLMS,1.23,2021-11-06 03:08:16.019035,2021-11-06 03:08:17.249063,314,314
N2,30,2021-11-06 03:08:27.168293,2021-11-06 03:08:57.168988,315,316
PLMS,2.665,2021-11-06 03:08:38.183548,2021-11-06 03:08:40.848610,315,315
N2,30,2021-11-06 03:08:57.168988,2021-11-06 03:09:27.169683,316,317
PLMS,1.5899999999999999,2021-11-06 03:09:03.727139,2021-11-06 03:09:05.317176,316,316
PLMS,1.105,2021-11-06 03:09:23.966608,2021-11-06 03:09:25.071634,316,316
N2,30,2021-11-06 03:09:27.169683,2021-11-06 03:09:57.170377,317,318
PLMS,1.4749999999999999,2021-11-06 03:09:46.621133,2021-11-06 03:09:48.096167,317,317
N2,30,2021-11-06 03:09:57.170377,2021-11-06 03:10:27.171072,318,319
PLMS,2.197,2021-11-06 03:10:02.813508,2021-11-06 03:10:05.010559,318,318
PLMS,3.25,2021-11-06 03:10:18.244865,2021-11-06 03:10:21.494941,318,318
N2,30,2021-11-06 03:10:27.171072,2021-11-06 03:10:57.171767,319,320
PLMS,2.77,2021-11-06 03:10:46.108511,2021-11-06 03:10:48.878575,319,319
N2,30,2021-11-06 03:10:57.171767,2021-11-06 03:11:27.172462,320,321
PLMS,1.49,2021-11-06 03:11:07.943016,2021-11-06 03:11:09.433051,320,320
N2,30,2021-11-06 03:11:27.172462,2021-11-06 03:11:57.173157,321,322
PLMS,3.13,2021-11-06 03:11:27.897479,2021-11-06 03:11:31.027551,321,321
N2,30,2021-11-06 03:11:57.173157,2021-11-06 03:12:27.173852,322,323
PLMS,1.665,2021-11-06 03:11:58.346184,2021-11-06 03:12:00.011223,322,322
PLMS,1.28,2021-11-06 03:12:19.010662,2021-11-06 03:12:20.290692,322,322
N2,30,2021-11-06 03:12:27.173852,2021-11-06 03:12:57.174546,323,324
PLMS,1.7899999999999998,2021-11-06 03:12:47.954333,2021-11-06 03:12:49.744374,323,323
N2,30,2021-11-06 03:12:57.174546,2021-11-06 03:13:27.175241,324,325
PLMS,1.53,2021-11-06 03:13:12.028890,2021-11-06 03:13:13.558926,324,324
N2,30,2021-11-06 03:13:27.175241,2021-11-06 03:13:57.175936,325,326
PLMS,1.29,2021-11-06 03:13:38.822511,2021-11-06 03:13:40.112541,325,325
N2,30,2021-11-06 03:13:57.175936,2021-11-06 03:14:27.176631,326,327
PLMS,1.9649999999999999,2021-11-06 03:13:59.706995,2021-11-06 03:14:01.672040,326,326
PLMS,1.9549999999999998,2021-11-06 03:14:26.600617,2021-11-06 03:14:28.555663,326,327
N2,30,2021-11-06 03:14:27.176631,2021-11-06 03:14:57.177326,327,328
PLMS,1.99,2021-11-06 03:14:47.860110,2021-11-06 03:14:49.850156,327,327
N2,30,2021-11-06 03:14:57.177326,2021-11-06 03:15:27.178021,328,329
PLMS,2.315,2021-11-06 03:15:17.083787,2021-11-06 03:15:19.398840,328,328
N2,30,2021-11-06 03:15:27.178021,2021-11-06 03:15:57.178716,329,330
PLMS,1.765,2021-11-06 03:15:42.993387,2021-11-06 03:15:44.758428,329,329
N2,30,2021-11-06 03:15:57.178716,2021-11-06 03:16:27.179410,330,331
PLMS,1.88,2021-11-06 03:16:10.817031,2021-11-06 03:16:12.697075,330,330
Snore Train,95.66199999999999,2021-11-06 03:16:11.949057,2021-11-06 03:17:47.613273,330,333
N2,30,2021-11-06 03:16:27.179410,2021-11-06 03:16:57.180105,331,332
PLMS,2.38,2021-11-06 03:16:36.581628,2021-11-06 03:16:38.961683,331,331
N2,30,2021-11-06 03:16:57.180105,2021-11-06 03:17:27.180800,332,333
PLMS,1.8499999999999999,2021-11-06 03:16:59.795166,2021-11-06 03:17:01.645209,332,332
Movement,43.848,2021-11-06 03:17:00.615185,2021-11-06 03:17:44.464200,332,333
N2,30,2021-11-06 03:17:27.180800,2021-11-06 03:17:57.181495,333,334
LM,1.74,2021-11-06 03:17:27.894817,2021-11-06 03:17:29.634857,333,333
PLMS,1.605,2021-11-06 03:17:51.793370,2021-11-06 03:17:53.398407,333,333
N2,30,2021-11-06 03:17:57.181495,2021-11-06 03:18:27.182190,334,335
PLMS,1.78,2021-11-06 03:18:15.097910,2021-11-06 03:18:16.877951,334,334
Snore Train,93.803,2021-11-06 03:18:15.331915,2021-11-06 03:19:49.137088,334,337
N2,30,2021-11-06 03:18:27.182190,2021-11-06 03:18:57.182885,335,336
PLMS,2.3,2021-11-06 03:18:45.156606,2021-11-06 03:18:47.456659,335,335
N2,30,2021-11-06 03:18:57.182885,2021-11-06 03:19:27.183579,336,337
PLMS,2.59,2021-11-06 03:19:13.210256,2021-11-06 03:19:15.800316,336,336
N2,30,2021-11-06 03:19:27.183579,2021-11-06 03:19:57.184274,337,338
PLMS,1.5899999999999999,2021-11-06 03:19:36.539796,2021-11-06 03:19:38.129833,337,337
N2,30,2021-11-06 03:19:57.184274,2021-11-06 03:20:27.184969,338,339
Snore Train,61.183,2021-11-06 03:19:57.419279,2021-11-06 03:20:58.603697,338,340
PLMS,1.9649999999999999,2021-11-06 03:20:06.303485,2021-11-06 03:20:08.268531,338,338
N2,30,2021-11-06 03:20:27.184969,2021-11-06 03:20:57.185664,339,340
PLMS,2.15,2021-11-06 03:20:34.713143,2021-11-06 03:20:36.863193,339,339
N2,30,2021-11-06 03:20:57.185664,2021-11-06 03:21:27.186359,340,341
PLMS,2.05,2021-11-06 03:21:06.421878,2021-11-06 03:21:08.471925,340,340
N2,30,2021-11-06 03:21:27.186359,2021-11-06 03:21:57.187054,341,342
PLMS,1.855,2021-11-06 03:21:28.565391,2021-11-06 03:21:30.420433,341,341
Snore Train,67.437,2021-11-06 03:21:40.688671,2021-11-06 03:22:48.127233,341,343
PLMS,1.9,2021-11-06 03:21:55.355011,2021-11-06 03:21:57.255055,341,342
N3,30,2021-11-06 03:21:57.187054,2021-11-06 03:22:27.187748,342,343
PLMS,1.77,2021-11-06 03:22:22.058629,2021-11-06 03:22:23.828671,342,342
N2,30,2021-11-06 03:22:27.187748,2021-11-06 03:22:57.188443,343,344
N3,30,2021-11-06 03:22:57.188443,2021-11-06 03:23:27.189138,344,345
PLMS,5.095,2021-11-06 03:22:57.277445,2021-11-06 03:23:02.372563,344,344
PLMS,2.064,2021-11-06 03:23:25.942109,2021-11-06 03:23:28.006157,344,345
N3,30,2021-11-06 03:23:27.189138,2021-11-06 03:23:57.189833,345,346
N3,30,2021-11-06 03:23:57.189833,2021-11-06 03:24:27.190528,346,347
PLMS,1.68,2021-11-06 03:23:58.760869,2021-11-06 03:24:00.440908,346,346
PLMS,1.655,2021-11-06 03:24:26.504512,2021-11-06 03:24:28.159550,346,347
N2,30,2021-11-06 03:24:27.190528,2021-11-06 03:24:57.191223,347,348
N3,30,2021-11-06 03:24:57.191223,2021-11-06 03:25:27.191917,348,349
PLMS,2.06,2021-11-06 03:24:57.963240,2021-11-06 03:25:00.023288,348,348
Movement,52.047,2021-11-06 03:24:59.598278,2021-11-06 03:25:51.646484,348,349
LM,1.484,2021-11-06 03:25:24.747861,2021-11-06 03:25:26.231895,348,348
N3,30,2021-11-06 03:25:27.191917,2021-11-06 03:25:57.192612,349,350
LM,1.67,2021-11-06 03:25:47.606390,2021-11-06 03:25:49.276429,349,349
N3,30,2021-11-06 03:25:57.192612,2021-11-06 03:26:27.193307,350,351
PLMS,1.69,2021-11-06 03:26:02.465734,2021-11-06 03:26:04.155774,350,350
Snore Train,71.66199999999999,2021-11-06 03:26:05.201798,2021-11-06 03:27:16.865457,350,352
N2,30,2021-11-06 03:26:27.193307,2021-11-06 03:26:57.194002,351,352
PLMS,2.165,2021-11-06 03:26:30.350380,2021-11-06 03:26:32.515430,351,351
N2,30,2021-11-06 03:26:57.194002,2021-11-06 03:27:27.194697,352,353
PLMS,1.845,2021-11-06 03:27:00.489078,2021-11-06 03:27:02.334121,352,352
N2,30,2021-11-06 03:27:27.194697,2021-11-06 03:27:57.195392,353,354
PLMS,1.8699999999999999,2021-11-06 03:27:30.572775,2021-11-06 03:27:32.442818,353,353
Movement,6.5489999999999995,2021-11-06 03:27:31.242790,2021-11-06 03:27:37.791942,353,353
N3,30,2021-11-06 03:27:57.195392,2021-11-06 03:28:27.196087,354,355
PLMS,1.285,2021-11-06 03:27:59.351441,2021-11-06 03:28:00.636471,354,354
PLMS,1.425,2021-11-06 03:28:24.401022,2021-11-06 03:28:25.826055,354,354
N2,30,2021-11-06 03:28:27.196087,2021-11-06 03:28:57.196781,355,356
PLMS,2.11,2021-11-06 03:28:50.754632,2021-11-06 03:28:52.864681,355,355
N3,30,2021-11-06 03:28:57.196781,2021-11-06 03:29:27.197476,356,357
PLMS,1.605,2021-11-06 03:29:13.579161,2021-11-06 03:29:15.184198,356,356
N2,30,2021-11-06 03:29:27.197476,2021-11-06 03:29:57.198171,357,358
PLMS,2.2399999999999998,2021-11-06 03:29:39.737767,2021-11-06 03:29:41.977818,357,357
N3,30,2021-11-06 03:29:57.198171,2021-11-06 03:30:27.198866,358,359
PLMS,1.845,2021-11-06 03:30:05.312359,2021-11-06 03:30:07.157401,358,358
Movement,46.597,2021-11-06 03:30:05.887372,2021-11-06 03:30:52.485451,358,359
Desat,26.333,2021-11-06 03:30:15.848603,2021-11-06 03:30:42.182213,358,359
N3,30,2021-11-06 03:30:27.198866,2021-11-06 03:30:57.199561,359,360
LM,0.77,2021-11-06 03:30:28.636899,2021-11-06 03:30:29.406917,359,359
Arousal,9.312,2021-11-06 03:30:45.081280,2021-11-06 03:30:54.393496,359,359
N2,30,2021-11-06 03:30:57.199561,2021-11-06 03:31:27.200256,360,361
N2,30,2021-11-06 03:31:27.200256,2021-11-06 03:31:57.200950,361,362
PLMS,1.6749999999999998,2021-11-06 03:31:56.562935,2021-11-06 03:31:58.237974,361,362
PLM,371.168,2021-11-06 03:31:56.562935,2021-11-06 03:38:07.739532,361,374
N3,30,2021-11-06 03:31:57.200950,2021-11-06 03:32:27.201645,362,363
PLMS,1.69,2021-11-06 03:32:21.922523,2021-11-06 03:32:23.612562,362,362
N3,30,2021-11-06 03:32:27.201645,2021-11-06 03:32:57.202340,363,364
N3,30,2021-11-06 03:32:57.202340,2021-11-06 03:33:27.203035,364,365
PLMS,2.235,2021-11-06 03:33:00.096407,2021-11-06 03:33:02.331459,364,364
N3,30,2021-11-06 03:33:27.203035,2021-11-06 03:33:57.203730,365,366
PLMS,1.385,2021-11-06 03:33:41.514366,2021-11-06 03:33:42.899398,365,365
N3,30,2021-11-06 03:33:57.203730,2021-11-06 03:34:27.204425,366,367
PLMS,2.3449999999999998,2021-11-06 03:34:12.543085,2021-11-06 03:34:14.888139,366,366
N3,30,2021-11-06 03:34:27.204425,2021-11-06 03:34:57.205119,367,368
PLMS,2.025,2021-11-06 03:34:41.612758,2021-11-06 03:34:43.637805,367,367
N3,30,2021-11-06 03:34:57.205119,2021-11-06 03:35:27.205814,368,369
PLMS,1.7049999999999998,2021-11-06 03:35:13.221490,2021-11-06 03:35:14.926530,368,368
N3,30,2021-11-06 03:35:27.205814,2021-11-06 03:35:57.206509,369,370
Desat,33.665,2021-11-06 03:35:37.851061,2021-11-06 03:36:11.516840,369,370
PLMS,2.02,2021-11-06 03:35:39.140090,2021-11-06 03:35:41.160137,369,369
N2,30,2021-11-06 03:35:57.206509,2021-11-06 03:36:27.207204,370,371
PLMS,0.9299999999999999,2021-11-06 03:36:14.693914,2021-11-06 03:36:15.623936,370,370
N2,30,2021-11-06 03:36:27.207204,2021-11-06 03:36:57.207899,371,372
PLMS,1.099,2021-11-06 03:36:42.028547,2021-11-06 03:36:43.127572,371,371
N2,30,2021-11-06 03:36:57.207899,2021-11-06 03:37:27.208594,372,373
PLMS,1.895,2021-11-06 03:37:09.232177,2021-11-06 03:37:11.127221,372,372
N2,30,2021-11-06 03:37:27.208594,2021-11-06 03:37:57.209288,373,374
N3,30,2021-11-06 03:37:57.209288,2021-11-06 03:38:27.209983,374,375
PLMS,1.5839999999999999,2021-11-06 03:38:06.155495,2021-11-06 03:38:07.739532,374,374
Wake,30,2021-11-06 03:38:27.209983,2021-11-06 03:38:57.210678,375,376
LM,1.845,2021-11-06 03:38:28.729018,2021-11-06 03:38:30.574061,375,375
Arousal,24.422,2021-11-06 03:38:30.320055,2021-11-06 03:38:54.742621,375,375
Movement,4.3999999999999995,2021-11-06 03:38:31.419081,2021-11-06 03:38:35.819182,375,375
Wake,30,2021-11-06 03:38:57.210678,2021-11-06 03:39:27.211373,376,377
Desat,23.333,2021-11-06 03:38:58.184700,2021-11-06 03:39:21.518241,376,376
Arousal,18.237,2021-11-06 03:39:08.872948,2021-11-06 03:39:27.110370,376,376
Movement,50.297,2021-11-06 03:39:09.917972,2021-11-06 03:40:00.216137,376,378
LM,3.165,2021-11-06 03:39:11.358006,2021-11-06 03:39:14.523079,376,376
LM,4.593999999999999,2021-11-06 03:39:11.763015,2021-11-06 03:39:16.357121,376,376
N1,30,2021-11-06 03:39:27.211373,2021-11-06 03:39:57.212068,377,378
Hypopnea,21.802999999999997,2021-11-06 03:39:36.017577,2021-11-06 03:39:57.821082,377,378
Desat,24.999,2021-11-06 03:39:51.851944,2021-11-06 03:40:16.851523,377,378
N1,30,2021-11-06 03:39:57.212068,2021-11-06 03:40:27.212763,378,379
Arousal,7.657,2021-11-06 03:39:59.527121,2021-11-06 03:40:07.184299,378,378
LM,1.04,2021-11-06 03:40:14.065458,2021-11-06 03:40:15.105482,378,378
Hypopnea,26.817999999999998,2021-11-06 03:40:23.904686,2021-11-06 03:40:50.723307,378,379
N2,30,2021-11-06 03:40:27.212763,2021-11-06 03:40:57.213457,379,380
Desat,22.333,2021-11-06 03:40:42.852125,2021-11-06 03:41:05.185642,379,380
Hypopnea,51.379999999999995,2021-11-06 03:40:54.442393,2021-11-06 03:41:45.823583,379,381
N2,30,2021-11-06 03:40:57.213457,2021-11-06 03:41:27.214152,380,381
N2,30,2021-11-06 03:41:27.214152,2021-11-06 03:41:57.214847,381,382
Arousal,8.975,2021-11-06 03:41:42.222500,2021-11-06 03:41:51.197708,381,381
Hypopnea,20.619,2021-11-06 03:41:53.091752,2021-11-06 03:42:13.711229,381,382
N2,30,2021-11-06 03:41:57.214847,2021-11-06 03:42:27.215542,382,383
Arousal,5.088,2021-11-06 03:42:13.457223,2021-11-06 03:42:18.545341,382,382
Hypopnea,26.872999999999998,2021-11-06 03:42:21.655413,2021-11-06 03:42:48.529036,382,383
N2,30,2021-11-06 03:42:27.215542,2021-11-06 03:42:57.216237,383,384
Arousal,5.205,2021-11-06 03:42:47.312007,2021-11-06 03:42:52.517128,383,383
Hypopnea,15.888,2021-11-06 03:42:50.895090,2021-11-06 03:43:06.783458,383,384
Wake,30,2021-11-06 03:42:57.216237,2021-11-06 03:43:27.216932,384,385
Arousal,16.124,2021-11-06 03:43:05.599431,2021-11-06 03:43:21.723804,384,384
Movement,4.899,2021-11-06 03:43:07.059465,2021-11-06 03:43:11.958578,384,384
N1,30,2021-11-06 03:43:27.216932,2021-11-06 03:43:57.217627,385,386
Hypopnea,43.842999999999996,2021-11-06 03:43:27.717943,2021-11-06 03:44:11.561959,385,386
Desat,36.332,2021-11-06 03:43:42.520286,2021-11-06 03:44:18.853127,385,386
N2,30,2021-11-06 03:43:57.217627,2021-11-06 03:44:27.218321,386,387
Arousal,12.725999999999999,2021-11-06 03:44:14.103017,2021-11-06 03:44:26.829312,386,386
Hypopnea,49.69,2021-11-06 03:44:25.630284,2021-11-06 03:45:15.321435,386,388
N2,30,2021-11-06 03:44:27.218321,2021-11-06 03:44:57.219016,387,388
N2,30,2021-11-06 03:44:57.219016,2021-11-06 03:45:27.219711,388,389
Arousal,8.568999999999999,2021-11-06 03:45:16.064453,2021-11-06 03:45:24.633651,388,388
Hypopnea,63.041999999999994,2021-11-06 03:45:23.265619,2021-11-06 03:46:26.309080,388,390
N2,30,2021-11-06 03:45:27.219711,2021-11-06 03:45:57.220406,389,390
N2,30,2021-11-06 03:45:57.220406,2021-11-06 03:46:27.221101,390,391
N2,30,2021-11-06 03:46:27.221101,2021-11-06 03:46:57.221796,391,392
Arousal,5.983,2021-11-06 03:46:30.686181,2021-11-06 03:46:36.669319,391,391
N2,30,2021-11-06 03:46:57.221796,2021-11-06 03:47:27.222490,392,393
N2,30,2021-11-06 03:47:27.222490,2021-11-06 03:47:57.223185,393,394
PLMS,2.198,2021-11-06 03:47:43.428866,2021-11-06 03:47:45.626917,393,393
PLM,516.01,2021-11-06 03:47:43.428866,2021-11-06 03:56:19.450817,393,410
Snore Train,76.902,2021-11-06 03:47:52.387073,2021-11-06 03:49:09.290854,393,396
N2,30,2021-11-06 03:47:57.223185,2021-11-06 03:48:27.223880,394,395
PLMS,0.6699999999999999,2021-11-06 03:48:16.688636,2021-11-06 03:48:17.358651,394,394
N2,30,2021-11-06 03:48:27.223880,2021-11-06 03:48:57.224575,395,396
N2,30,2021-11-06 03:48:57.224575,2021-11-06 03:49:27.225270,396,397
PLMS,1.149,2021-11-06 03:49:07.596815,2021-11-06 03:49:08.745842,396,396
Arousal,8.889999999999999,2021-11-06 03:49:09.579861,2021-11-06 03:49:18.470067,396,396
N2,30,2021-11-06 03:49:27.225270,2021-11-06 03:49:57.225965,397,398
Snore Train,91.268,2021-11-06 03:49:29.741328,2021-11-06 03:51:01.011442,397,400
PLMS,3.381,2021-11-06 03:49:31.769375,2021-11-06 03:49:35.150453,397,397
N2,30,2021-11-06 03:49:57.225965,2021-11-06 03:50:27.226659,398,399
PLMS,0.495,2021-11-06 03:50:15.419386,2021-11-06 03:50:15.914397,398,398
Arousal,3.3459999999999996,2021-11-06 03:50:17.322430,2021-11-06 03:50:20.668507,398,398
N2,30,2021-11-06 03:50:27.226659,2021-11-06 03:50:57.227354,399,400
PLMS,2.197,2021-11-06 03:50:39.376941,2021-11-06 03:50:41.573992,399,399
Arousal,4.646999999999999,2021-11-06 03:50:43.926046,2021-11-06 03:50:48.573154,399,399
N2,30,2021-11-06 03:50:57.227354,2021-11-06 03:51:27.228049,400,401
PLMS,2.2849999999999997,2021-11-06 03:51:14.846762,2021-11-06 03:51:17.131815,400,400
N2,30,2021-11-06 03:51:27.228049,2021-11-06 03:51:57.228744,401,402
Snore Train,28.901,2021-11-06 03:51:38.195303,2021-11-06 03:52:07.096972,401,402
PLMS,2.197,2021-11-06 03:51:48.505542,2021-11-06 03:51:50.702593,401,401
N2,30,2021-11-06 03:51:57.228744,2021-11-06 03:52:27.229439,402,403
PLMS,2.4499999999999997,2021-11-06 03:52:05.309931,2021-11-06 03:52:07.759988,402,402
Arousal,4.022,2021-11-06 03:52:07.082972,2021-11-06 03:52:11.105065,402,402
N2,30,2021-11-06 03:52:27.229439,2021-11-06 03:52:57.230134,403,404
Snore Train,208.057,2021-11-06 03:52:32.111552,2021-11-06 03:56:00.173371,403,410
Hypopnea,20.282,2021-11-06 03:52:35.528631,2021-11-06 03:52:55.811101,403,403
Arousal,7.236,2021-11-06 03:52:56.554118,2021-11-06 03:53:03.790285,403,404
N1,30,2021-11-06 03:52:57.230134,2021-11-06 03:53:27.230828,404,405
PLMS,1.155,2021-11-06 03:53:23.031731,2021-11-06 03:53:24.186758,404,404
Arousal,5.561,2021-11-06 03:53:23.596744,2021-11-06 03:53:29.157873,404,405
N2,30,2021-11-06 03:53:27.230828,2021-11-06 03:53:57.231523,405,406
PLMS,3.719,2021-11-06 03:53:54.254454,2021-11-06 03:53:57.973540,405,406
N2,30,2021-11-06 03:53:57.231523,2021-11-06 03:54:27.232218,406,407
PLMS,0.83,2021-11-06 03:54:20.605064,2021-11-06 03:54:21.435084,406,406
N2,30,2021-11-06 03:54:27.232218,2021-11-06 03:54:57.232913,407,408
PLMS,1.155,2021-11-06 03:54:47.333684,2021-11-06 03:54:48.488710,407,407
N2,30,2021-11-06 03:54:57.232913,2021-11-06 03:55:27.233608,408,409
PLMS,0.83,2021-11-06 03:55:15.923346,2021-11-06 03:55:16.753365,408,408
N2,30,2021-11-06 03:55:27.233608,2021-11-06 03:55:57.234303,409,410
N2,30,2021-11-06 03:55:57.234303,2021-11-06 03:56:27.234998,410,411
Snore Train,262.64799999999997,2021-11-06 03:56:04.398469,2021-11-06 04:00:27.052552,410,418
PLMS,1.17,2021-11-06 03:56:18.280790,2021-11-06 03:56:19.450817,410,410
N1,30,2021-11-06 03:56:27.234998,2021-11-06 03:56:57.235692,411,412
Arousal,4.359999999999999,2021-11-06 03:56:38.627261,2021-11-06 03:56:42.987362,411,411
N2,30,2021-11-06 03:56:57.235692,2021-11-06 03:57:27.236387,412,413
N2,30,2021-11-06 03:57:27.236387,2021-11-06 03:57:57.237082,413,414
N2,30,2021-11-06 03:57:57.237082,2021-11-06 03:58:27.237777,414,415
A. Obstructive,12.004999999999999,2021-11-06 03:58:11.206405,2021-11-06 03:58:23.211683,414,414
Desat,27.331999999999997,2021-11-06 03:58:18.858583,2021-11-06 03:58:46.191216,414,415
Arousal,6.082999999999999,2021-11-06 03:58:26.257754,2021-11-06 03:58:32.340895,414,415
N2,30,2021-11-06 03:58:27.237777,2021-11-06 03:58:57.238472,415,416
N2,30,2021-11-06 03:58:57.238472,2021-11-06 03:59:27.239167,416,417
LM,2.8729999999999998,2021-11-06 03:58:59.163516,2021-11-06 03:59:02.036583,416,416
Hypopnea,28.732,2021-11-06 03:59:27.172165,2021-11-06 03:59:55.904830,416,417
N2,30,2021-11-06 03:59:27.239167,2021-11-06 03:59:57.239861,417,418
Desat,40.665,2021-11-06 03:59:35.192351,2021-11-06 04:00:15.858292,417,418
N2,30,2021-11-06 03:59:57.239861,2021-11-06 04:00:27.240556,418,419
Movement,5.6,2021-11-06 03:59:58.922900,2021-11-06 04:00:04.523030,418,418
A. Obstructive,26.048,2021-11-06 04:00:17.929341,2021-11-06 04:00:43.977944,418,419
N2,30,2021-11-06 04:00:27.240556,2021-11-06 04:00:57.241251,419,420
Desat,27.999,2021-11-06 04:00:37.525794,2021-11-06 04:01:05.525443,419,420
Movement,10.949,2021-11-06 04:00:46.370999,2021-11-06 04:00:57.320253,419,420
N2,30,2021-11-06 04:00:57.241251,2021-11-06 04:01:27.241946,420,421
A. Obstructive,44.467999999999996,2021-11-06 04:01:10.755564,2021-11-06 04:01:55.224594,420,421
Desat,37.666,2021-11-06 04:01:25.858914,2021-11-06 04:02:03.525786,420,422
N2,30,2021-11-06 04:01:27.241946,2021-11-06 04:01:57.242641,421,422
Movement,4.8999999999999995,2021-11-06 04:01:56.968634,2021-11-06 04:02:01.868748,421,422
N2,30,2021-11-06 04:01:57.242641,2021-11-06 04:02:27.243336,422,423
A. Obstructive,10.359,2021-11-06 04:02:02.903772,2021-11-06 04:02:13.263012,422,422
Snore Train,41.745999999999995,2021-11-06 04:02:13.534018,2021-11-06 04:02:55.280985,422,423
N2,30,2021-11-06 04:02:27.243336,2021-11-06 04:02:57.244030,423,424
LM,2.5349999999999997,2021-11-06 04:02:29.083378,2021-11-06 04:02:31.618437,423,423
Arousal,3.735,2021-11-06 04:02:33.487480,2021-11-06 04:02:37.222567,423,423
A. Obstructive,23.273,2021-11-06 04:02:55.056980,2021-11-06 04:03:18.330519,423,424
REM,30,2021-11-06 04:02:57.244030,2021-11-06 04:03:27.244725,424,425
Desat,22.999,2021-11-06 04:03:09.193307,2021-11-06 04:03:32.192840,424,425
Snore Train,27.718,2021-11-06 04:03:22.493615,2021-11-06 04:03:50.212257,424,425
REM,30,2021-11-06 04:03:27.244725,2021-11-06 04:03:57.245420,425,426
A. Obstructive,36.902,2021-11-06 04:03:47.735200,2021-11-06 04:04:24.638054,425,426
REM,30,2021-11-06 04:03:57.245420,2021-11-06 04:04:27.246115,426,427
Desat,34.666,2021-11-06 04:04:08.193673,2021-11-06 04:04:42.860477,426,427
Snore Train,40.562999999999995,2021-11-06 04:04:22.664009,2021-11-06 04:05:03.227948,426,428
Arousal,6.324,2021-11-06 04:04:24.187044,2021-11-06 04:04:30.511191,426,427
N1,30,2021-11-06 04:04:27.246115,2021-11-06 04:04:57.246810,427,428
REM,30,2021-11-06 04:04:57.246810,2021-11-06 04:05:27.247505,428,429
A. Obstructive,35.565999999999995,2021-11-06 04:05:03.392952,2021-11-06 04:05:38.959776,428,429
Desat,38.332,2021-11-06 04:05:14.527210,2021-11-06 04:05:52.860098,428,429
Arousal,9.195,2021-11-06 04:05:16.176248,2021-11-06 04:05:25.371461,428,428
N1,30,2021-11-06 04:05:27.247505,2021-11-06 04:05:57.248199,429,430
Snore Train,18.93,2021-11-06 04:05:40.749817,2021-11-06 04:05:59.680256,429,430
REM,30,2021-11-06 04:05:57.248199,2021-11-06 04:06:27.248894,430,431
A. Obstructive,35.169,2021-11-06 04:05:59.504252,2021-11-06 04:06:34.674066,430,431
Desat,44.998999999999995,2021-11-06 04:06:07.860445,2021-11-06 04:06:52.860487,430,431
REM,30,2021-11-06 04:06:27.248894,2021-11-06 04:06:57.249589,431,432
Snore Train,25.352,2021-11-06 04:06:30.440968,2021-11-06 04:06:55.793555,431,431
Arousal,7.741,2021-11-06 04:06:34.331058,2021-11-06 04:06:42.072237,431,431
A. Obstructive,28.153,2021-11-06 04:06:55.258543,2021-11-06 04:07:23.412195,431,432
REM,30,2021-11-06 04:06:57.249589,2021-11-06 04:07:27.250284,432,433
Desat,29.333,2021-11-06 04:07:07.860835,2021-11-06 04:07:37.194514,432,433
A. Obstructive,37.036,2021-11-06 04:07:24.442219,2021-11-06 04:08:01.479077,432,434
REM,30,2021-11-06 04:07:27.250284,2021-11-06 04:07:57.250979,433,434
Desat,29.333,2021-11-06 04:07:45.194699,2021-11-06 04:08:14.528379,433,434
N1,30,2021-11-06 04:07:57.250979,2021-11-06 04:08:27.251674,434,435
Arousal,9.498999999999999,2021-11-06 04:08:00.479054,2021-11-06 04:08:09.978274,434,434
A. Obstructive,34.672,2021-11-06 04:08:22.314559,2021-11-06 04:08:56.987362,434,435
REM,30,2021-11-06 04:08:27.251674,2021-11-06 04:08:57.252369,435,436
Desat,24.666,2021-11-06 04:08:46.862128,2021-11-06 04:09:11.528699,435,436
Snore Train,40.902,2021-11-06 04:08:56.303346,2021-11-06 04:09:37.206294,435,437
REM,30,2021-11-06 04:08:57.252369,2021-11-06 04:09:27.253063,436,437
A. Obstructive,37.391,2021-11-06 04:09:18.129852,2021-11-06 04:09:55.521718,436,437
REM,30,2021-11-06 04:09:27.253063,2021-11-06 04:09:57.253758,437,438
Desat,29,2021-11-06 04:09:40.528371,2021-11-06 04:10:09.529042,437,438
REM,30,2021-11-06 04:09:57.253758,2021-11-06 04:10:27.254453,438,439
A. Obstructive,14.197,2021-11-06 04:10:05.890958,2021-11-06 04:10:20.088287,438,438
A. Obstructive,24.224,2021-11-06 04:10:23.925376,2021-11-06 04:10:48.149937,438,439
REM,30,2021-11-06 04:10:27.254453,2021-11-06 04:10:57.255148,439,440
Desat,26.331999999999997,2021-11-06 04:10:43.195822,2021-11-06 04:11:09.528432,439,440
Arousal,14.357999999999999,2021-11-06 04:10:48.448944,2021-11-06 04:11:02.807276,439,440
REM,30,2021-11-06 04:10:57.255148,2021-11-06 04:11:27.255843,440,441
A. Obstructive,50.739999999999995,2021-11-06 04:11:06.061352,2021-11-06 04:11:56.802527,440,441
REM,30,2021-11-06 04:11:27.255843,2021-11-06 04:11:57.256538,441,442
Desat,38.998999999999995,2021-11-06 04:11:33.528988,2021-11-06 04:12:12.528891,441,442
Arousal,28.354,2021-11-06 04:11:53.690455,2021-11-06 04:12:22.045112,441,442
Wake,30,2021-11-06 04:11:57.256538,2021-11-06 04:12:27.257232,442,443
Movement,33.498,2021-11-06 04:11:58.596569,2021-11-06 04:12:32.095344,442,443
LM,3.0749999999999997,2021-11-06 04:12:05.646732,2021-11-06 04:12:08.721803,442,442
LM,4.1499999999999995,2021-11-06 04:12:05.716733,2021-11-06 04:12:09.866829,442,442
REM,30,2021-11-06 04:12:27.257232,2021-11-06 04:12:57.257927,443,444
A. Obstructive,21.913,2021-11-06 04:12:46.835686,2021-11-06 04:13:08.749193,443,444
Wake,30,2021-11-06 04:12:57.257927,2021-11-06 04:13:27.258622,444,445
Arousal,25.352,2021-11-06 04:12:59.809986,2021-11-06 04:13:25.162573,444,444
Desat,28.333,2021-11-06 04:13:02.863057,2021-11-06 04:13:31.196713,444,445
REM,30,2021-11-06 04:13:27.258622,2021-11-06 04:13:57.259317,445,446
Hypopnea,15.084,2021-11-06 04:13:37.998871,2021-11-06 04:13:53.083220,445,445
REM,30,2021-11-06 04:13:57.259317,2021-11-06 04:14:27.260012,446,447
Desat,59.665,2021-11-06 04:13:58.197339,2021-11-06 04:14:57.863720,446,448
LM,2.5349999999999997,2021-11-06 04:14:16.930772,2021-11-06 04:14:19.465831,446,446
REM,30,2021-11-06 04:14:27.260012,2021-11-06 04:14:57.260707,447,448
Snore Train,46.309999999999995,2021-11-06 04:14:39.193288,2021-11-06 04:15:25.504361,447,448
Hypopnea,19.676,2021-11-06 04:14:47.678485,2021-11-06 04:15:07.354940,447,448
REM,30,2021-11-06 04:14:57.260707,2021-11-06 04:15:27.261401,448,449
Movement,6.5,2021-11-06 04:15:07.189936,2021-11-06 04:15:13.690087,448,448
Desat,18.333,2021-11-06 04:15:10.197006,2021-11-06 04:15:28.530431,448,449
REM,30,2021-11-06 04:15:27.261401,2021-11-06 04:15:57.262096,449,450
Hypopnea,35.864999999999995,2021-11-06 04:15:49.151908,2021-11-06 04:16:25.017739,449,450
REM,30,2021-11-06 04:15:57.262096,2021-11-06 04:16:27.262791,450,451
Desat,36.666,2021-11-06 04:16:10.864411,2021-11-06 04:16:47.531260,450,451
Snore Train,24.506999999999998,2021-11-06 04:16:23.308699,2021-11-06 04:16:47.816267,450,451
Movement,40.847,2021-11-06 04:16:25.237744,2021-11-06 04:17:06.085690,450,452
REM,30,2021-11-06 04:16:27.262791,2021-11-06 04:16:57.263486,451,452
Arousal,7.944,2021-11-06 04:16:28.648823,2021-11-06 04:16:36.593007,451,451
Hypopnea,46.647999999999996,2021-11-06 04:16:53.985410,2021-11-06 04:17:40.634490,451,453
REM,30,2021-11-06 04:16:57.263486,2021-11-06 04:17:27.264181,452,453
Desat,42.998999999999995,2021-11-06 04:17:18.530978,2021-11-06 04:18:01.530974,452,454
REM,30,2021-11-06 04:17:27.264181,2021-11-06 04:17:57.264876,453,454
Snore Train,15.042,2021-11-06 04:17:40.935497,2021-11-06 04:17:55.977846,453,453
Arousal,3.702,2021-11-06 04:17:42.779540,2021-11-06 04:17:46.481626,453,453
Hypopnea,56.788999999999994,2021-11-06 04:17:55.507835,2021-11-06 04:18:52.298150,453,455
REM,30,2021-11-06 04:17:57.264876,2021-11-06 04:18:27.265570,454,455
Desat,33.998999999999995,2021-11-06 04:18:22.198453,2021-11-06 04:18:56.198240,454,455
REM,30,2021-11-06 04:18:27.265570,2021-11-06 04:18:57.266265,455,456
Snore Train,26.028,2021-11-06 04:18:52.430153,2021-11-06 04:19:18.458756,455,456
REM,30,2021-11-06 04:18:57.266265,2021-11-06 04:19:27.266960,456,457
Movement,4.7,2021-11-06 04:18:59.881326,2021-11-06 04:19:04.581435,456,456
Hypopnea,47.155,2021-11-06 04:19:16.551712,2021-11-06 04:20:03.707804,456,458
REM,30,2021-11-06 04:19:27.266960,2021-11-06 04:19:57.267655,457,458
Desat,42.332,2021-11-06 04:19:34.532128,2021-11-06 04:20:16.865109,457,458
REM,30,2021-11-06 04:19:57.267655,2021-11-06 04:20:27.268350,458,459
Hypopnea,10.479,2021-11-06 04:20:13.390028,2021-11-06 04:20:23.869271,458,458
Arousal,5.335999999999999,2021-11-06 04:20:24.648289,2021-11-06 04:20:29.984413,458,459
REM,30,2021-11-06 04:20:27.268350,2021-11-06 04:20:57.269045,459,460
Hypopnea,17.747,2021-11-06 04:20:52.891943,2021-11-06 04:21:10.639354,459,460
REM,30,2021-11-06 04:20:57.269045,2021-11-06 04:21:27.269739,460,461
Arousal,3.617,2021-11-06 04:21:13.731426,2021-11-06 04:21:17.348510,460,460
Hypopnea,37.701,2021-11-06 04:21:21.676610,2021-11-06 04:21:59.378483,460,462
REM,30,2021-11-06 04:21:27.269739,2021-11-06 04:21:57.270434,461,462
Desat,35.998999999999995,2021-11-06 04:21:45.199155,2021-11-06 04:22:21.198988,461,462
N1,30,2021-11-06 04:21:57.270434,2021-11-06 04:22:27.271129,462,463
Arousal,10.817,2021-11-06 04:22:01.174525,2021-11-06 04:22:11.991775,462,462
Hypopnea,61.69,2021-11-06 04:22:16.386877,2021-11-06 04:23:18.078306,462,464
REM,30,2021-11-06 04:22:27.271129,2021-11-06 04:22:57.271824,463,464
Desat,40.332,2021-11-06 04:22:48.533621,2021-11-06 04:23:28.866556,463,465
REM,30,2021-11-06 04:22:57.271824,2021-11-06 04:23:27.272519,464,465
REM,30,2021-11-06 04:23:27.272519,2021-11-06 04:23:57.273214,465,466
Hypopnea,22.31,2021-11-06 04:23:29.909580,2021-11-06 04:23:52.220096,465,465
Arousal,4.16,2021-11-06 04:23:55.549174,2021-11-06 04:23:59.709270,465,466
REM,30,2021-11-06 04:23:57.273214,2021-11-06 04:24:27.273909,466,467
Hypopnea,31.775,2021-11-06 04:24:04.775387,2021-11-06 04:24:36.551123,466,467
Desat,59.332,2021-11-06 04:24:22.866806,2021-11-06 04:25:22.200181,466,468
REM,30,2021-11-06 04:24:27.273909,2021-11-06 04:24:57.274603,467,468
Hypopnea,22.479,2021-11-06 04:24:42.973272,2021-11-06 04:25:05.452793,467,468
REM,30,2021-11-06 04:24:57.274603,2021-11-06 04:25:27.275298,468,469
Arousal,6.085,2021-11-06 04:25:02.699729,2021-11-06 04:25:08.784870,468,468
REM,30,2021-11-06 04:25:27.275298,2021-11-06 04:25:57.275993,469,470
LM,3.718,2021-11-06 04:25:56.411973,2021-11-06 04:26:00.130059,469,470
REM,30,2021-11-06 04:25:57.275993,2021-11-06 04:26:27.276688,470,471
Snore Train,48.675999999999995,2021-11-06 04:26:04.947171,2021-11-06 04:26:53.624298,470,471
Hypopnea,11.324,2021-11-06 04:26:25.688651,2021-11-06 04:26:37.012913,470,471
REM,30,2021-11-06 04:26:27.276688,2021-11-06 04:26:57.277383,471,472
Movement,14.949,2021-11-06 04:26:36.415900,2021-11-06 04:26:51.365246,471,471
Arousal,8.315999999999999,2021-11-06 04:26:41.085008,2021-11-06 04:26:49.401200,471,471
A. Obstructive,18.759999999999998,2021-11-06 04:26:52.309267,2021-11-06 04:27:11.069702,471,472
REM,30,2021-11-06 04:26:57.277383,2021-11-06 04:27:27.278078,472,473
Desat,27.666,2021-11-06 04:27:14.867790,2021-11-06 04:27:42.534431,472,473
LM,2.7039999999999997,2021-11-06 04:27:17.033840,2021-11-06 04:27:19.737903,472,472
Snore Train,30.421999999999997,2021-11-06 04:27:21.512944,2021-11-06 04:27:51.935648,472,473
Movement,9.248999999999999,2021-11-06 04:27:26.364056,2021-11-06 04:27:35.613270,472,473
REM,30,2021-11-06 04:27:27.278078,2021-11-06 04:27:57.278772,473,474
REM,30,2021-11-06 04:27:57.278772,2021-11-06 04:28:27.279467,474,475
REM,30,2021-11-06 04:28:27.279467,2021-11-06 04:28:57.280162,475,476
REM,30,2021-11-06 04:28:57.280162,2021-11-06 04:29:27.280857,476,477
Hypopnea,23.323999999999998,2021-11-06 04:28:59.495213,2021-11-06 04:29:22.819754,476,476
Desat,56.332,2021-11-06 04:29:15.201577,2021-11-06 04:30:11.534882,476,478
REM,30,2021-11-06 04:29:27.280857,2021-11-06 04:29:57.281552,477,478
REM,30,2021-11-06 04:29:57.281552,2021-11-06 04:30:27.282247,478,479
Hypopnea,38.723,2021-11-06 04:30:09.494835,2021-11-06 04:30:48.218731,478,479
Desat,42.666,2021-11-06 04:30:26.202221,2021-11-06 04:31:08.869210,478,480
REM,30,2021-11-06 04:30:27.282247,2021-11-06 04:30:57.282941,479,480
REM,30,2021-11-06 04:30:57.282941,2021-11-06 04:31:27.283636,480,481
Hypopnea,33.903999999999996,2021-11-06 04:31:08.520201,2021-11-06 04:31:42.424987,480,481
REM,30,2021-11-06 04:31:27.283636,2021-11-06 04:31:57.284331,481,482
Desat,30.331999999999997,2021-11-06 04:31:33.202773,2021-11-06 04:32:03.535476,481,482
Arousal,5.341,2021-11-06 04:31:42.308984,2021-11-06 04:31:47.650108,481,481
REM,30,2021-11-06 04:31:57.284331,2021-11-06 04:32:27.285026,482,483
REM,30,2021-11-06 04:32:27.285026,2021-11-06 04:32:57.285721,483,484
Hypopnea,29.07,2021-11-06 04:32:27.472030,2021-11-06 04:32:56.542703,483,483
Desat,51.332,2021-11-06 04:32:30.870109,2021-11-06 04:33:22.203298,483,484
REM,30,2021-11-06 04:32:57.285721,2021-11-06 04:33:27.286416,484,485
A. Obstructive,40.562999999999995,2021-11-06 04:33:06.176927,2021-11-06 04:33:46.740866,484,485
REM,30,2021-11-06 04:33:27.286416,2021-11-06 04:33:57.287110,485,486
Desat,31.999,2021-11-06 04:33:34.203576,2021-11-06 04:34:06.203317,485,486
REM,30,2021-11-06 04:33:57.287110,2021-11-06 04:34:27.287805,486,487
LM,4.226,2021-11-06 04:34:06.817331,2021-11-06 04:34:11.043429,486,486
Hypopnea,18.564,2021-11-06 04:34:25.803771,2021-11-06 04:34:44.368201,486,487
REM,30,2021-11-06 04:34:27.287805,2021-11-06 04:34:57.288500,487,488
Desat,15.331999999999999,2021-11-06 04:34:50.204336,2021-11-06 04:35:05.536691,487,488
Wake,30,2021-11-06 04:34:57.288500,2021-11-06 04:35:27.289195,488,489
Arousal,23.02,2021-11-06 04:35:03.812651,2021-11-06 04:35:26.833184,488,488
Movement,23.299,2021-11-06 04:35:09.396780,2021-11-06 04:35:32.696320,488,489
LM,1.9289999999999998,2021-11-06 04:35:25.337150,2021-11-06 04:35:27.266194,488,488
Wake,30,2021-11-06 04:35:27.289195,2021-11-06 04:35:57.289890,489,490
LM,5.575,2021-11-06 04:35:29.706251,2021-11-06 04:35:35.281380,489,489
LM,2.7399999999999998,2021-11-06 04:35:30.011258,2021-11-06 04:35:32.751321,489,489
N1,30,2021-11-06 04:35:57.289890,2021-11-06 04:36:27.290585,490,491
Hypopnea,21.633,2021-11-06 04:35:58.321914,2021-11-06 04:36:19.955415,490,490
Arousal,10.834,2021-11-06 04:36:13.431264,2021-11-06 04:36:24.265515,490,490
REM,30,2021-11-06 04:36:27.290585,2021-11-06 04:36:57.291280,491,492
Snore Train,33.972,2021-11-06 04:36:56.511261,2021-11-06 04:37:30.484048,491,493
REM,30,2021-11-06 04:36:57.291280,2021-11-06 04:37:27.291974,492,493
LM,1.69,2021-11-06 04:37:15.441700,2021-11-06 04:37:17.131739,492,492
REM,30,2021-11-06 04:37:27.291974,2021-11-06 04:37:57.292669,493,494
Arousal,15.931,2021-11-06 04:37:47.303438,2021-11-06 04:38:03.234807,493,494
REM,30,2021-11-06 04:37:57.292669,2021-11-06 04:38:27.293364,494,495
REM,30,2021-11-06 04:38:27.293364,2021-11-06 04:38:57.294059,495,496
LM,3.38,2021-11-06 04:38:41.640696,2021-11-06 04:38:45.020775,495,495
REM,30,2021-11-06 04:38:57.294059,2021-11-06 04:39:27.294754,496,497
Hypopnea,25.352,2021-11-06 04:39:24.185682,2021-11-06 04:39:49.538269,496,497
REM,30,2021-11-06 04:39:27.294754,2021-11-06 04:39:57.295449,497,498
Arousal,33.001,2021-11-06 04:39:54.456383,2021-11-06 04:40:27.458147,497,499
Wake,30,2021-11-06 04:39:57.295449,2021-11-06 04:40:27.296143,498,499
LM,9.535,2021-11-06 04:40:03.386590,2021-11-06 04:40:12.921810,498,498
LM,9.405,2021-11-06 04:40:03.551593,2021-11-06 04:40:12.956811,498,498
Movement,8.949,2021-11-06 04:40:03.886601,2021-11-06 04:40:12.835808,498,498
Wake,30,2021-11-06 04:40:27.296143,2021-11-06 04:40:57.296838,499,500
N1,30,2021-11-06 04:40:57.296838,2021-11-06 04:41:27.297533,500,501
Hypopnea,19.605,2021-11-06 04:41:12.864199,2021-11-06 04:41:32.469653,500,501
Movement,491.77099999999996,2021-11-06 04:41:13.284208,2021-11-06 04:49:25.066598,500,516
Wake,30,2021-11-06 04:41:27.297533,2021-11-06 04:41:57.298228,501,502
Arousal,21.82,2021-11-06 04:41:33.821684,2021-11-06 04:41:55.642189,501,501
Upright,270,2021-11-06 04:41:52.298112,2021-11-06 04:46:22.304366,501,510
Wake,30,2021-11-06 04:41:57.298228,2021-11-06 04:42:27.298923,502,503
LM,1.6849999999999998,2021-11-06 04:42:10.117525,2021-11-06 04:42:11.802564,502,502
LM,1.4349999999999998,2021-11-06 04:42:10.792540,2021-11-06 04:42:12.227574,502,502
LM,3.274,2021-11-06 04:42:12.412578,2021-11-06 04:42:15.686654,502,502
LM,2.009,2021-11-06 04:42:13.037592,2021-11-06 04:42:15.046639,502,502
Single Snore,1.24,2021-11-06 04:42:15.750655,2021-11-06 04:42:16.990684,502,502
LM,1.89,2021-11-06 04:42:20.021754,2021-11-06 04:42:21.911798,502,502
LM,0.59,2021-11-06 04:42:20.991777,2021-11-06 04:42:21.581790,502,502
LM,6.539,2021-11-06 04:42:24.646861,2021-11-06 04:42:31.186012,502,503
LM,2.605,2021-11-06 04:42:24.991869,2021-11-06 04:42:27.596929,502,503
Artifact,1.9989999999999999,2021-11-06 04:42:25.539882,2021-11-06 04:42:27.538928,502,503
Artifact,1.9989999999999999,2021-11-06 04:42:25.539882,2021-11-06 04:42:27.538928,502,503
Wake,30,2021-11-06 04:42:27.298923,2021-11-06 04:42:57.299618,503,504
LM,2.064,2021-11-06 04:42:29.371971,2021-11-06 04:42:31.436018,503,503
LM,0.8949999999999999,2021-11-06 04:42:43.271292,2021-11-06 04:42:44.166313,503,503
Wake,30,2021-11-06 04:42:57.299618,2021-11-06 04:43:27.300312,504,505
LM,7.529999999999999,2021-11-06 04:43:12.489969,2021-11-06 04:43:20.020144,504,504
LM,5.415,2021-11-06 04:43:14.545017,2021-11-06 04:43:19.960142,504,504
LM,4.715,2021-11-06 04:43:23.019213,2021-11-06 04:43:27.734322,504,505
LM,4.09,2021-11-06 04:43:23.409222,2021-11-06 04:43:27.499317,504,505
Wake,30,2021-11-06 04:43:27.300312,2021-11-06 04:43:57.301007,505,506
LM,0.51,2021-11-06 04:43:34.069469,2021-11-06 04:43:34.579481,505,505
LM,1.179,2021-11-06 04:43:38.074562,2021-11-06 04:43:39.253589,505,505
LM,0.515,2021-11-06 04:43:39.098585,2021-11-06 04:43:39.613598,505,505
LM,5.345,2021-11-06 04:43:55.382963,2021-11-06 04:44:00.728087,505,506
LM,4.435,2021-11-06 04:43:56.002977,2021-11-06 04:44:00.438080,505,506
Wake,30,2021-11-06 04:43:57.301007,2021-11-06 04:44:27.301702,506,507
LM,0.509,2021-11-06 04:44:11.768342,2021-11-06 04:44:12.277354,506,506
LM,0.615,2021-11-06 04:44:12.662363,2021-11-06 04:44:13.277377,506,506
LM,2.155,2021-11-06 04:44:13.567384,2021-11-06 04:44:15.722434,506,506
LM,2.26,2021-11-06 04:44:14.032395,2021-11-06 04:44:16.292447,506,506
LM,6.465,2021-11-06 04:44:16.397449,2021-11-06 04:44:22.862599,506,506
LM,3.3249999999999997,2021-11-06 04:44:17.322471,2021-11-06 04:44:20.647548,506,506
LM,1.74,2021-11-06 04:44:21.677572,2021-11-06 04:44:23.417612,506,506
LM,2.23,2021-11-06 04:44:23.892623,2021-11-06 04:44:26.122675,506,506
Wake,30,2021-11-06 04:44:27.301702,2021-11-06 04:44:57.302397,507,508
LM,0.869,2021-11-06 04:44:28.787736,2021-11-06 04:44:29.656757,507,507
LM,3.875,2021-11-06 04:44:30.521777,2021-11-06 04:44:34.396866,507,507
LM,7.265,2021-11-06 04:44:36.476915,2021-11-06 04:44:43.742083,507,507
Single Snore,0.5599999999999999,2021-11-06 04:44:42.354051,2021-11-06 04:44:42.914063,507,507
LM,0.495,2021-11-06 04:44:42.937064,2021-11-06 04:44:43.432076,507,507
Single Snore,1.6099999999999999,2021-11-06 04:44:50.164231,2021-11-06 04:44:51.774269,507,507
LM,9.849,2021-11-06 04:44:53.571310,2021-11-06 04:45:03.420539,507,508
LM,9.184999999999999,2021-11-06 04:44:53.656312,2021-11-06 04:45:02.841525,507,508
Wake,30,2021-11-06 04:44:57.302397,2021-11-06 04:45:27.303092,508,509
Single Snore,0.87,2021-11-06 04:45:04.964574,2021-11-06 04:45:05.834594,508,508
Single Snore,0.31,2021-11-06 04:45:08.864664,2021-11-06 04:45:09.174672,508,508
Wake,30,2021-11-06 04:45:27.303092,2021-11-06 04:45:57.303787,509,510
Single Snore,0.38,2021-11-06 04:45:31.335185,2021-11-06 04:45:31.715194,509,509
Wake,30,2021-11-06 04:45:57.303787,2021-11-06 04:46:27.304481,510,511
LM,5.404999999999999,2021-11-06 04:45:57.843799,2021-11-06 04:46:03.248924,510,510
LM,2.715,2021-11-06 04:45:59.548838,2021-11-06 04:46:02.263901,510,510
LM,0.57,2021-11-06 04:46:05.743982,2021-11-06 04:46:06.313995,510,510
LM,5.093999999999999,2021-11-06 04:46:07.604025,2021-11-06 04:46:12.698143,510,510
LM,2.07,2021-11-06 04:46:08.074036,2021-11-06 04:46:10.144084,510,510
LM,2.195,2021-11-06 04:46:11.273110,2021-11-06 04:46:13.468161,510,510
LM,0.77,2021-11-06 04:46:13.883171,2021-11-06 04:46:14.653188,510,510
LM,0.585,2021-11-06 04:46:15.348204,2021-11-06 04:46:15.933218,510,510
LM,1.0799999999999998,2021-11-06 04:46:16.733237,2021-11-06 04:46:17.813261,510,510
LM,0.6599999999999999,2021-11-06 04:46:18.518278,2021-11-06 04:46:19.178293,510,510
Supine,2475,2021-11-06 04:46:22.304366,2021-11-06 05:27:37.361690,510,593
LM,1.23,2021-11-06 04:46:23.273388,2021-11-06 04:46:24.503416,510,510
Wake,30,2021-11-06 04:46:27.304481,2021-11-06 04:46:57.305176,511,512
LM,0.965,2021-11-06 04:46:28.102500,2021-11-06 04:46:29.067522,511,511
LM,2.83,2021-11-06 04:46:28.672513,2021-11-06 04:46:31.502578,511,511
LM,0.5549999999999999,2021-11-06 04:46:36.227688,2021-11-06 04:46:36.782701,511,511
LM,3.6599999999999997,2021-11-06 04:46:36.452693,2021-11-06 04:46:40.112778,511,511
Wake,30,2021-11-06 04:46:57.305176,2021-11-06 04:47:27.305871,512,513
Desat,50.998999999999995,2021-11-06 04:46:59.541228,2021-11-06 04:47:50.541409,512,513
Wake,30,2021-11-06 04:47:27.305871,2021-11-06 04:47:57.306566,513,514
LM,1.645,2021-11-06 04:47:31.635971,2021-11-06 04:47:33.281010,513,513
Wake,30,2021-11-06 04:47:57.306566,2021-11-06 04:48:27.307261,514,515
Artifact,8,2021-11-06 04:48:08.540826,2021-11-06 04:48:16.541011,514,514
Artifact,10.334,2021-11-06 04:48:08.540826,2021-11-06 04:48:18.875065,514,514
Wake,30,2021-11-06 04:48:27.307261,2021-11-06 04:48:57.307956,515,516
Wake,30,2021-11-06 04:48:57.307956,2021-11-06 04:49:27.308650,516,517
Wake,30,2021-11-06 04:49:27.308650,2021-11-06 04:49:57.309345,517,518
Movement,205.838,2021-11-06 04:49:56.665330,2021-11-06 04:53:22.508098,517,524
Wake,30,2021-11-06 04:49:57.309345,2021-11-06 04:50:27.310040,518,519
Wake,30,2021-11-06 04:50:27.310040,2021-11-06 04:50:57.310735,519,520
Wake,30,2021-11-06 04:50:57.310735,2021-11-06 04:51:27.311430,520,521
LM,1.5999999999999999,2021-11-06 04:51:09.648020,2021-11-06 04:51:11.248058,520,520
N1,30,2021-11-06 04:51:27.311430,2021-11-06 04:51:57.312125,521,522
N1,30,2021-11-06 04:51:57.312125,2021-11-06 04:52:27.312820,522,523
N2,30,2021-11-06 04:52:27.312820,2021-11-06 04:52:57.313514,523,524
Hypopnea,17.407999999999998,2021-11-06 04:52:39.632105,2021-11-06 04:52:57.040508,523,523
N1,30,2021-11-06 04:52:57.313514,2021-11-06 04:53:27.314209,524,525
Arousal,12.102,2021-11-06 04:53:01.183604,2021-11-06 04:53:13.285884,524,524
N2,30,2021-11-06 04:53:27.314209,2021-11-06 04:53:57.314904,525,526
N2,30,2021-11-06 04:53:57.314904,2021-11-06 04:54:27.315599,526,527
Movement,1.25,2021-11-06 04:54:11.656236,2021-11-06 04:54:12.906265,526,526
N2,30,2021-11-06 04:54:27.315599,2021-11-06 04:54:57.316294,527,528
Movement,47.647,2021-11-06 04:54:54.254223,2021-11-06 04:55:41.902326,527,529
N2,30,2021-11-06 04:54:57.316294,2021-11-06 04:55:27.316989,528,529
N2,30,2021-11-06 04:55:27.316989,2021-11-06 04:55:57.317683,529,530
N2,30,2021-11-06 04:55:57.317683,2021-11-06 04:56:27.318378,530,531
Movement,25.698,2021-11-06 04:56:12.102026,2021-11-06 04:56:37.800621,530,531
N2,30,2021-11-06 04:56:27.318378,2021-11-06 04:56:57.319073,531,532
N2,30,2021-11-06 04:56:57.319073,2021-11-06 04:57:27.319768,532,533
N2,30,2021-11-06 04:57:27.319768,2021-11-06 04:57:57.320463,533,534
Movement,48.247,2021-11-06 04:57:50.548306,2021-11-06 04:58:38.796423,533,535
LM,0.5549999999999999,2021-11-06 04:57:53.098365,2021-11-06 04:57:53.653378,533,533
N2,30,2021-11-06 04:57:57.320463,2021-11-06 04:58:27.321158,534,535
N2,30,2021-11-06 04:58:27.321158,2021-11-06 04:58:57.321852,535,536
N2,30,2021-11-06 04:58:57.321852,2021-11-06 04:59:27.322547,536,537
Movement,97.494,2021-11-06 04:59:14.295245,2021-11-06 05:00:51.791504,536,539
N2,30,2021-11-06 04:59:27.322547,2021-11-06 04:59:57.323242,537,538
N2,30,2021-11-06 04:59:57.323242,2021-11-06 05:00:27.323937,538,539
N2,30,2021-11-06 05:00:27.323937,2021-11-06 05:00:57.324632,539,540
N2,30,2021-11-06 05:00:57.324632,2021-11-06 05:01:27.325327,540,541
N2,30,2021-11-06 05:01:27.325327,2021-11-06 05:01:57.326021,541,542
Snore Train,22.479,2021-11-06 05:01:46.743776,2021-11-06 05:02:09.223297,541,542
Movement,17.448999999999998,2021-11-06 05:01:52.889919,2021-11-06 05:02:10.339323,541,542
N2,30,2021-11-06 05:01:57.326021,2021-11-06 05:02:27.326716,542,543
N2,30,2021-11-06 05:02:27.326716,2021-11-06 05:02:57.327411,543,544
Snore Train,34.647999999999996,2021-11-06 05:02:36.265923,2021-11-06 05:03:10.914726,543,544
LM,0.8999999999999999,2021-11-06 05:02:37.827960,2021-11-06 05:02:38.727980,543,543
Movement,19.198999999999998,2021-11-06 05:02:41.288039,2021-11-06 05:03:00.487484,543,544
N2,30,2021-11-06 05:02:57.327411,2021-11-06 05:03:27.328106,544,545
N2,30,2021-11-06 05:03:27.328106,2021-11-06 05:03:57.328801,545,546
Snore Train,143.323,2021-11-06 05:03:34.577274,2021-11-06 05:05:57.903593,545,550
LM,0.57,2021-11-06 05:03:42.540458,2021-11-06 05:03:43.110471,545,545
N2,30,2021-11-06 05:03:57.328801,2021-11-06 05:04:27.329496,546,547
LM,2.7039999999999997,2021-11-06 05:04:10.916115,2021-11-06 05:04:13.620178,546,546
Movement,247.236,2021-11-06 05:04:12.734158,2021-11-06 05:08:19.975884,546,554
N1,30,2021-11-06 05:04:27.329496,2021-11-06 05:04:57.330191,547,548
LM,0.954,2021-11-06 05:04:31.234586,2021-11-06 05:04:32.188608,547,547
LM,0.495,2021-11-06 05:04:32.328611,2021-11-06 05:04:32.823623,547,547
Arousal,7.369,2021-11-06 05:04:32.332611,2021-11-06 05:04:39.701782,547,547
N2,30,2021-11-06 05:04:57.330191,2021-11-06 05:05:27.330885,548,549
A. Obstructive,19.233,2021-11-06 05:05:04.068347,2021-11-06 05:05:23.301792,548,548
Desat,23.666,2021-11-06 05:05:24.213813,2021-11-06 05:05:47.880361,548,549
N1,30,2021-11-06 05:05:27.330885,2021-11-06 05:05:57.331580,549,550
Arousal,3.533,2021-11-06 05:05:29.865944,2021-11-06 05:05:33.399026,549,549
LM,2.8729999999999998,2021-11-06 05:05:49.960409,2021-11-06 05:05:52.833476,549,549
N2,30,2021-11-06 05:05:57.331580,2021-11-06 05:06:27.332275,550,551
Snore Train,93.972,2021-11-06 05:06:12.607934,2021-11-06 05:07:46.582110,550,553
N2,30,2021-11-06 05:06:27.332275,2021-11-06 05:06:57.332970,551,552
N2,30,2021-11-06 05:06:57.332970,2021-11-06 05:07:27.333665,552,553
N2,30,2021-11-06 05:07:27.333665,2021-11-06 05:07:57.334360,553,554
LM,1.46,2021-11-06 05:07:44.202055,2021-11-06 05:07:45.662089,553,553
LM,3.54,2021-11-06 05:07:44.917072,2021-11-06 05:07:48.457154,553,553
Arousal,10.023,2021-11-06 05:07:44.928072,2021-11-06 05:07:54.951304,553,553
N2,30,2021-11-06 05:07:57.334360,2021-11-06 05:08:27.335054,554,555
N2,30,2021-11-06 05:08:27.335054,2021-11-06 05:08:57.335749,555,556
N2,30,2021-11-06 05:08:57.335749,2021-11-06 05:09:27.336444,556,557
Hypopnea,33.403,2021-11-06 05:09:14.864155,2021-11-06 05:09:48.267929,556,557
N2,30,2021-11-06 05:09:27.336444,2021-11-06 05:09:57.337139,557,558
Movement,28.898,2021-11-06 05:09:29.023483,2021-11-06 05:09:57.922152,557,558
Desat,29,2021-11-06 05:09:40.881758,2021-11-06 05:10:09.882429,557,558
Arousal,8.988,2021-11-06 05:09:55.275091,2021-11-06 05:10:04.263299,557,558
N1,30,2021-11-06 05:09:57.337139,2021-11-06 05:10:27.337834,558,559
N2,30,2021-11-06 05:10:27.337834,2021-11-06 05:10:57.338529,559,560
N2,30,2021-11-06 05:10:57.338529,2021-11-06 05:11:27.339223,560,561
N2,30,2021-11-06 05:11:27.339223,2021-11-06 05:11:57.339918,561,562
PLMS,3.38,2021-11-06 05:11:41.348548,2021-11-06 05:11:44.728626,561,561
PLM,339.7,2021-11-06 05:11:41.348548,2021-11-06 05:17:21.056416,561,572
N2,30,2021-11-06 05:11:57.339918,2021-11-06 05:12:27.340613,562,563
PLMS,2.366,2021-11-06 05:12:22.927511,2021-11-06 05:12:25.293566,562,562
N2,30,2021-11-06 05:12:27.340613,2021-11-06 05:12:57.341308,563,564
N2,30,2021-11-06 05:12:57.341308,2021-11-06 05:13:27.342003,564,565
N2,30,2021-11-06 05:13:27.342003,2021-11-06 05:13:57.342698,565,566
PLMS,2.028,2021-11-06 05:13:38.478260,2021-11-06 05:13:40.506308,565,565
N2,30,2021-11-06 05:13:57.342698,2021-11-06 05:14:27.343392,566,567
PLMS,3.211,2021-11-06 05:14:01.971805,2021-11-06 05:14:05.182879,566,566
N2,30,2021-11-06 05:14:27.343392,2021-11-06 05:14:57.344087,567,568
N2,30,2021-11-06 05:14:57.344087,2021-11-06 05:15:27.344782,568,569
PLMS,1.859,2021-11-06 05:15:15.832515,2021-11-06 05:15:17.691558,568,568
N2,30,2021-11-06 05:15:27.344782,2021-11-06 05:15:57.345477,569,570
PLMS,2.8729999999999998,2021-11-06 05:15:48.453271,2021-11-06 05:15:51.326337,569,569
N2,30,2021-11-06 05:15:57.345477,2021-11-06 05:16:27.346172,570,571
N2,30,2021-11-06 05:16:27.346172,2021-11-06 05:16:57.346867,571,572
PLMS,1.8599999999999999,2021-11-06 05:16:44.228563,2021-11-06 05:16:46.088606,571,571
N2,30,2021-11-06 05:16:57.346867,2021-11-06 05:17:27.347561,572,573
PLMS,1.0899999999999999,2021-11-06 05:17:19.966390,2021-11-06 05:17:21.056416,572,572
N2,30,2021-11-06 05:17:27.347561,2021-11-06 05:17:57.348256,573,574
N2,30,2021-11-06 05:17:57.348256,2021-11-06 05:18:27.348951,574,575
N2,30,2021-11-06 05:18:27.348951,2021-11-06 05:18:57.349646,575,576
N2,30,2021-11-06 05:18:57.349646,2021-11-06 05:19:27.350341,576,577
Movement,4.2,2021-11-06 05:19:13.102011,2021-11-06 05:19:17.302108,576,576
PLMS,2.7039999999999997,2021-11-06 05:19:22.092219,2021-11-06 05:19:24.796282,576,576
PLM,157.986,2021-11-06 05:19:22.092219,2021-11-06 05:22:00.081878,576,582
N2,30,2021-11-06 05:19:27.350341,2021-11-06 05:19:57.351036,577,578
N2,30,2021-11-06 05:19:57.351036,2021-11-06 05:20:27.351731,578,579
PLMS,1.13,2021-11-06 05:20:10.295335,2021-11-06 05:20:11.425361,578,578
N2,30,2021-11-06 05:20:27.351731,2021-11-06 05:20:57.352425,579,580
N2,30,2021-11-06 05:20:57.352425,2021-11-06 05:21:27.353120,580,581
PLMS,1.8599999999999999,2021-11-06 05:21:01.896530,2021-11-06 05:21:03.756574,580,580
Snore Train,87.042,2021-11-06 05:21:18.882924,2021-11-06 05:22:45.926940,580,583
N2,30,2021-11-06 05:21:27.353120,2021-11-06 05:21:57.353815,581,582
N2,30,2021-11-06 05:21:57.353815,2021-11-06 05:22:27.354510,582,583
PLMS,0.9199999999999999,2021-11-06 05:21:59.161857,2021-11-06 05:22:00.081878,582,582
N2,30,2021-11-06 05:22:27.354510,2021-11-06 05:22:57.355205,583,584
N2,30,2021-11-06 05:22:57.355205,2021-11-06 05:23:27.355900,584,585
N2,30,2021-11-06 05:23:27.355900,2021-11-06 05:23:57.356594,585,586
Snore Train,58.479,2021-11-06 05:23:42.379247,2021-11-06 05:24:40.859602,585,587
N2,30,2021-11-06 05:23:57.356594,2021-11-06 05:24:27.357289,586,587
LM,3.042,2021-11-06 05:24:18.634087,2021-11-06 05:24:21.676158,586,586
N2,30,2021-11-06 05:24:27.357289,2021-11-06 05:24:57.357984,587,588
N2,30,2021-11-06 05:24:57.357984,2021-11-06 05:25:27.358679,588,589
LM,0.945,2021-11-06 05:25:13.819365,2021-11-06 05:25:14.764387,588,588
N2,30,2021-11-06 05:25:27.358679,2021-11-06 05:25:57.359374,589,590
N2,30,2021-11-06 05:25:57.359374,2021-11-06 05:26:27.360069,590,591
N2,30,2021-11-06 05:26:27.360069,2021-11-06 05:26:57.360763,591,592
LM,1.3519999999999999,2021-11-06 05:26:35.707262,2021-11-06 05:26:37.059293,591,591
Wake,30,2021-11-06 05:26:57.360763,2021-11-06 05:27:27.361458,592,593
LM,1.2389999999999999,2021-11-06 05:27:07.110989,2021-11-06 05:27:08.350018,592,592
Arousal,18.692999999999998,2021-11-06 05:27:08.448020,2021-11-06 05:27:27.141453,592,592
Movement,34.848,2021-11-06 05:27:08.635024,2021-11-06 05:27:43.483831,592,593
LM,1.7349999999999999,2021-11-06 05:27:09.380042,2021-11-06 05:27:11.115082,592,592
Wake,30,2021-11-06 05:27:27.361458,2021-11-06 05:27:57.362153,593,594
Left,2005,2021-11-06 05:27:37.361690,2021-11-06 06:01:02.408128,593,660
LM,4.8839999999999995,2021-11-06 05:27:37.874702,2021-11-06 05:27:42.758815,593,593
LM,4.364,2021-11-06 05:27:38.959727,2021-11-06 05:27:43.323828,593,593
Single Snore,0.71,2021-11-06 05:27:44.403853,2021-11-06 05:27:45.113869,593,593
Wake,30,2021-11-06 05:27:57.362153,2021-11-06 05:28:27.362848,594,595
Desat,14.665999999999999,2021-11-06 05:28:07.221381,2021-11-06 05:28:21.887721,594,594
Wake,30,2021-11-06 05:28:27.362848,2021-11-06 05:28:57.363543,595,596
LM,1.185,2021-11-06 05:28:52.281425,2021-11-06 05:28:53.466452,595,595
Wake,30,2021-11-06 05:28:57.363543,2021-11-06 05:29:27.364238,596,597
Single Snore,1.38,2021-11-06 05:28:57.865554,2021-11-06 05:28:59.245586,596,596
Wake,30,2021-11-06 05:29:27.364238,2021-11-06 05:29:57.364932,597,598
LM,4.053999999999999,2021-11-06 05:29:37.370469,2021-11-06 05:29:41.424563,597,597
LM,0.605,2021-11-06 05:29:37.785479,2021-11-06 05:29:38.390493,597,597
Single Snore,0.69,2021-11-06 05:29:39.726524,2021-11-06 05:29:40.416540,597,597
Single Snore,0.6599999999999999,2021-11-06 05:29:42.446587,2021-11-06 05:29:43.106602,597,597
Movement,16.499,2021-11-06 05:29:45.529658,2021-11-06 05:30:02.029040,597,598
LM,0.59,2021-11-06 05:29:45.734663,2021-11-06 05:29:46.324677,597,597
LM,3.8049999999999997,2021-11-06 05:29:46.554682,2021-11-06 05:29:50.359770,597,597
Single Snore,0.5399999999999999,2021-11-06 05:29:54.606869,2021-11-06 05:29:55.146881,597,597
Wake,30,2021-11-06 05:29:57.364932,2021-11-06 05:30:27.365627,598,599
Single Snore,1.53,2021-11-06 05:30:06.407142,2021-11-06 05:30:07.937177,598,598
Single Snore,0.96,2021-11-06 05:30:08.567192,2021-11-06 05:30:09.527214,598,598
Wake,30,2021-11-06 05:30:27.365627,2021-11-06 05:30:57.366322,599,600
N2,30,2021-11-06 05:30:57.366322,2021-11-06 05:31:27.367017,600,601
Single Snore,0.63,2021-11-06 05:31:21.258875,2021-11-06 05:31:21.888890,600,600
N2,30,2021-11-06 05:31:27.367017,2021-11-06 05:31:57.367712,601,602
Single Snore,2.14,2021-11-06 05:31:33.479158,2021-11-06 05:31:35.619208,601,601
Single Snore,1.46,2021-11-06 05:31:37.319247,2021-11-06 05:31:38.779281,601,601
Single Snore,0.9299999999999999,2021-11-06 05:31:50.749558,2021-11-06 05:31:51.679580,601,601
Single Snore,0.35,2021-11-06 05:31:53.719627,2021-11-06 05:31:54.069635,601,601
N2,30,2021-11-06 05:31:57.367712,2021-11-06 05:32:27.368407,602,603
LM,4.255,2021-11-06 05:31:57.959725,2021-11-06 05:32:02.214824,602,602
Single Snore,1.7999999999999998,2021-11-06 05:32:09.189985,2021-11-06 05:32:10.990027,602,602
Single Snore,1.05,2021-11-06 05:32:15.660135,2021-11-06 05:32:16.710160,602,602
N1,30,2021-11-06 05:32:27.368407,2021-11-06 05:32:57.369102,603,604
Arousal,5.544,2021-11-06 05:32:27.909419,2021-11-06 05:32:33.453547,603,603
LM,0.7,2021-11-06 05:32:29.328452,2021-11-06 05:32:30.028468,603,603
LM,0.97,2021-11-06 05:32:50.217936,2021-11-06 05:32:51.187958,603,603
N2,30,2021-11-06 05:32:57.369102,2021-11-06 05:33:27.369796,604,605
Single Snore,1.91,2021-11-06 05:32:57.831112,2021-11-06 05:32:59.741156,604,604
Snore Train,14.069999999999999,2021-11-06 05:32:57.831112,2021-11-06 05:33:11.901438,604,604
Single Snore,0.6599999999999999,2021-11-06 05:33:04.821274,2021-11-06 05:33:05.481289,604,604
Single Snore,0.43,2021-11-06 05:33:06.221306,2021-11-06 05:33:06.651316,604,604
Single Snore,0.33999999999999997,2021-11-06 05:33:11.561430,2021-11-06 05:33:11.901438,604,604
Single Snore,0.27999999999999997,2021-11-06 05:33:12.461451,2021-11-06 05:33:12.741457,604,604
Single Snore,2.31,2021-11-06 05:33:25.031742,2021-11-06 05:33:27.341795,604,604
N2,30,2021-11-06 05:33:27.369796,2021-11-06 05:33:57.370491,605,606
N2,30,2021-11-06 05:33:57.370491,2021-11-06 05:34:27.371186,606,607
Single Snore,1.01,2021-11-06 05:34:05.572681,2021-11-06 05:34:06.582704,606,606
Snore Train,17.869999999999997,2021-11-06 05:34:05.572681,2021-11-06 05:34:23.443095,606,606
Single Snore,0.86,2021-11-06 05:34:11.682822,2021-11-06 05:34:12.542842,606,606
Single Snore,0.7799999999999999,2021-11-06 05:34:15.092901,2021-11-06 05:34:15.872920,606,606
Single Snore,2.08,2021-11-06 05:34:17.142949,2021-11-06 05:34:19.222997,606,606
Single Snore,1.3099999999999998,2021-11-06 05:34:20.183019,2021-11-06 05:34:21.493050,606,606
Single Snore,1.28,2021-11-06 05:34:22.163065,2021-11-06 05:34:23.443095,606,606
N2,30,2021-11-06 05:34:27.371186,2021-11-06 05:34:57.371881,607,608
LM,1.859,2021-11-06 05:34:47.211646,2021-11-06 05:34:49.070688,607,607
LM,1.4,2021-11-06 05:34:47.843660,2021-11-06 05:34:49.243692,607,607
Single Snore,0.94,2021-11-06 05:34:51.673749,2021-11-06 05:34:52.613771,607,607
Snore Train,8.74,2021-11-06 05:34:51.673749,2021-11-06 05:35:00.413951,607,608
Single Snore,0.87,2021-11-06 05:34:53.733796,2021-11-06 05:34:54.603817,607,607
Single Snore,2.04,2021-11-06 05:34:56.323857,2021-11-06 05:34:58.363904,607,608
N2,30,2021-11-06 05:34:57.371881,2021-11-06 05:35:27.372576,608,609
Single Snore,0.9199999999999999,2021-11-06 05:34:59.493930,2021-11-06 05:35:00.413951,608,608
Single Snore,1.75,2021-11-06 05:35:19.924403,2021-11-06 05:35:21.674444,608,608
Single Snore,1.23,2021-11-06 05:35:24.094500,2021-11-06 05:35:25.324528,608,608
N2,30,2021-11-06 05:35:27.372576,2021-11-06 05:35:57.373271,609,610
Single Snore,1.69,2021-11-06 05:35:36.944797,2021-11-06 05:35:38.634836,609,609
Snore Train,13.16,2021-11-06 05:35:36.944797,2021-11-06 05:35:50.105102,609,609
Single Snore,0.89,2021-11-06 05:35:40.604882,2021-11-06 05:35:41.494903,609,609
Single Snore,1.5999999999999999,2021-11-06 05:35:48.505065,2021-11-06 05:35:50.105102,609,609
N2,30,2021-11-06 05:35:57.373271,2021-11-06 05:36:27.373965,610,611
Single Snore,1.8499999999999999,2021-11-06 05:36:02.485389,2021-11-06 05:36:04.335432,610,610
Single Snore,1.71,2021-11-06 05:36:05.415457,2021-11-06 05:36:07.125496,610,610
N2,30,2021-11-06 05:36:27.373965,2021-11-06 05:36:57.374660,611,612
N2,30,2021-11-06 05:36:57.374660,2021-11-06 05:37:27.375355,612,613
N2,30,2021-11-06 05:37:27.375355,2021-11-06 05:37:57.376050,613,614
N2,30,2021-11-06 05:37:57.376050,2021-11-06 05:38:27.376745,614,615
N2,30,2021-11-06 05:38:27.376745,2021-11-06 05:38:57.377440,615,616
N2,30,2021-11-06 05:38:57.377440,2021-11-06 05:39:27.378134,616,617
N2,30,2021-11-06 05:39:27.378134,2021-11-06 05:39:57.378829,617,618
N2,30,2021-11-06 05:39:57.378829,2021-11-06 05:40:27.379524,618,619
REM,30,2021-11-06 05:40:27.379524,2021-11-06 05:40:57.380219,619,620
LM,2.197,2021-11-06 05:40:35.895721,2021-11-06 05:40:38.092772,619,619
REM,30,2021-11-06 05:40:57.380219,2021-11-06 05:41:27.380914,620,621
REM,30,2021-11-06 05:41:27.380914,2021-11-06 05:41:57.381609,621,622
Single Snore,0.63,2021-11-06 05:41:34.713083,2021-11-06 05:41:35.343098,621,621
REM,30,2021-11-06 05:41:57.381609,2021-11-06 05:42:27.382303,622,623
Single Snore,1.29,2021-11-06 05:42:08.873875,2021-11-06 05:42:10.163905,622,622
Single Snore,0.64,2021-11-06 05:42:16.374048,2021-11-06 05:42:17.014063,622,622
REM,30,2021-11-06 05:42:27.382303,2021-11-06 05:42:57.382998,623,624
REM,30,2021-11-06 05:42:57.382998,2021-11-06 05:43:27.383693,624,625
Single Snore,1.21,2021-11-06 05:43:03.105131,2021-11-06 05:43:04.315159,624,624
Single Snore,1.1199999999999999,2021-11-06 05:43:16.675445,2021-11-06 05:43:17.795471,624,624
Single Snore,0.65,2021-11-06 05:43:25.985661,2021-11-06 05:43:26.635676,624,624
REM,30,2021-11-06 05:43:27.383693,2021-11-06 05:43:57.384388,625,626
Single Snore,0.82,2021-11-06 05:43:55.766350,2021-11-06 05:43:56.586369,625,625
REM,30,2021-11-06 05:43:57.384388,2021-11-06 05:44:27.385083,626,627
Single Snore,1.92,2021-11-06 05:44:03.346526,2021-11-06 05:44:05.266570,626,626
Single Snore,1.3099999999999998,2021-11-06 05:44:05.786583,2021-11-06 05:44:07.096613,626,626
REM,30,2021-11-06 05:44:27.385083,2021-11-06 05:44:57.385778,627,628
REM,30,2021-11-06 05:44:57.385778,2021-11-06 05:45:27.386473,628,629
Single Snore,1.5499999999999998,2021-11-06 05:45:05.867974,2021-11-06 05:45:07.418010,628,628
Single Snore,0.5599999999999999,2021-11-06 05:45:09.688063,2021-11-06 05:45:10.248075,628,628
Single Snore,0.82,2021-11-06 05:45:24.198398,2021-11-06 05:45:25.018417,628,628
Single Snore,1.99,2021-11-06 05:45:25.838437,2021-11-06 05:45:27.828483,628,629
REM,30,2021-11-06 05:45:27.386473,2021-11-06 05:45:57.387167,629,630
Single Snore,1.68,2021-11-06 05:45:36.308679,2021-11-06 05:45:37.988718,629,629
REM,30,2021-11-06 05:45:57.387167,2021-11-06 05:46:27.387862,630,631
Single Snore,1.69,2021-11-06 05:46:15.709591,2021-11-06 05:46:17.399631,630,630
REM,30,2021-11-06 05:46:27.387862,2021-11-06 05:46:57.388557,631,632
REM,30,2021-11-06 05:46:57.388557,2021-11-06 05:47:27.389252,632,633
Single Snore,2.2399999999999998,2021-11-06 05:47:03.720704,2021-11-06 05:47:05.960755,632,632
LM,3.042,2021-11-06 05:47:16.976010,2021-11-06 05:47:20.018081,632,632
REM,30,2021-11-06 05:47:27.389252,2021-11-06 05:47:57.389947,633,634
Single Snore,0.77,2021-11-06 05:47:30.231318,2021-11-06 05:47:31.001335,633,633
Single Snore,0.65,2021-11-06 05:47:44.941658,2021-11-06 05:47:45.591673,633,633
REM,30,2021-11-06 05:47:57.389947,2021-11-06 05:48:27.390642,634,635
LM,2.8729999999999998,2021-11-06 05:48:11.399271,2021-11-06 05:48:14.272338,634,634
REM,30,2021-11-06 05:48:27.390642,2021-11-06 05:48:57.391336,635,636
LM,0.495,2021-11-06 05:48:27.659648,2021-11-06 05:48:28.154659,635,635
REM,30,2021-11-06 05:48:57.391336,2021-11-06 05:49:27.392031,636,637
REM,30,2021-11-06 05:49:27.392031,2021-11-06 05:49:57.392726,637,638
REM,30,2021-11-06 05:49:57.392726,2021-11-06 05:50:27.393421,638,639
REM,30,2021-11-06 05:50:27.393421,2021-11-06 05:50:57.394116,639,640
REM,30,2021-11-06 05:50:57.394116,2021-11-06 05:51:27.394811,640,641
Arousal,8.163,2021-11-06 05:50:58.070131,2021-11-06 05:51:06.233320,640,640
REM,30,2021-11-06 05:51:27.394811,2021-11-06 05:51:57.395505,641,642
LM,1.315,2021-11-06 05:51:31.042895,2021-11-06 05:51:32.357926,641,641
REM,30,2021-11-06 05:51:57.395505,2021-11-06 05:52:27.396200,642,643
Single Snore,2.1999999999999997,2021-11-06 05:52:17.777977,2021-11-06 05:52:19.978028,642,642
REM,30,2021-11-06 05:52:27.396200,2021-11-06 05:52:57.396895,643,644
REM,30,2021-11-06 05:52:57.396895,2021-11-06 05:53:27.397590,644,645
Single Snore,0.88,2021-11-06 05:53:17.749366,2021-11-06 05:53:18.629387,644,644
LM,2.028,2021-11-06 05:53:18.843392,2021-11-06 05:53:20.871439,644,644
REM,30,2021-11-06 05:53:27.397590,2021-11-06 05:53:57.398285,645,646
LM,0.705,2021-11-06 05:53:39.927880,2021-11-06 05:53:40.632896,645,645
LM,1.16,2021-11-06 05:53:43.257957,2021-11-06 05:53:44.417984,645,645
Single Snore,1.03,2021-11-06 05:53:56.380261,2021-11-06 05:53:57.410285,645,646
REM,30,2021-11-06 05:53:57.398285,2021-11-06 05:54:27.398980,646,647
LM,0.755,2021-11-06 05:54:09.982576,2021-11-06 05:54:10.737594,646,646
REM,30,2021-11-06 05:54:27.398980,2021-11-06 05:54:57.399674,647,648
REM,30,2021-11-06 05:54:57.399674,2021-11-06 05:55:27.400369,648,649
REM,30,2021-11-06 05:55:27.400369,2021-11-06 05:55:57.401064,649,650
Wake,30,2021-11-06 05:55:57.401064,2021-11-06 05:56:27.401759,650,651
Arousal,28.343999999999998,2021-11-06 05:55:58.178082,2021-11-06 05:56:26.522738,650,650
LM,7.385,2021-11-06 05:55:59.023101,2021-11-06 05:56:06.408273,650,650
LM,7.125,2021-11-06 05:55:59.228106,2021-11-06 05:56:06.353271,650,650
Movement,6.7989999999999995,2021-11-06 05:55:59.473112,2021-11-06 05:56:06.272269,650,650
REM,30,2021-11-06 05:56:27.401759,2021-11-06 05:56:57.402454,651,652
REM,30,2021-11-06 05:56:57.402454,2021-11-06 05:57:27.403149,652,653
LM,2.5349999999999997,2021-11-06 05:57:03.637598,2021-11-06 05:57:06.172657,652,652
REM,30,2021-11-06 05:57:27.403149,2021-11-06 05:57:57.403843,653,654
LM,1.02,2021-11-06 05:57:39.244423,2021-11-06 05:57:40.264446,653,653
REM,30,2021-11-06 05:57:57.403843,2021-11-06 05:58:27.404538,654,655
REM,30,2021-11-06 05:58:27.404538,2021-11-06 05:58:57.405233,655,656
Arousal,4.411,2021-11-06 05:58:43.663915,2021-11-06 05:58:48.075017,655,655
REM,30,2021-11-06 05:58:57.405233,2021-11-06 05:59:27.405928,656,657
REM,30,2021-11-06 05:59:27.405928,2021-11-06 05:59:57.406623,657,658
REM,30,2021-11-06 05:59:57.406623,2021-11-06 06:00:27.407318,658,659
REM,30,2021-11-06 06:00:27.407318,2021-11-06 06:00:57.408013,659,660
Arousal,8.145999999999999,2021-11-06 06:00:34.996493,2021-11-06 06:00:43.142682,659,659
Movement,326.131,2021-11-06 06:00:54.711950,2021-11-06 06:06:20.850503,659,670
Wake,30,2021-11-06 06:00:57.408013,2021-11-06 06:01:27.408707,660,661
Supine,2275,2021-11-06 06:01:02.408128,2021-11-06 06:38:57.460820,660,736
REM,30,2021-11-06 06:01:27.408707,2021-11-06 06:01:57.409402,661,662
LM,3.211,2021-11-06 06:01:31.699807,2021-11-06 06:01:34.910881,661,661
REM,30,2021-11-06 06:01:57.409402,2021-11-06 06:02:27.410097,662,663
Arousal,3.667,2021-11-06 06:01:57.798411,2021-11-06 06:02:01.465496,662,662
LM,0.52,2021-11-06 06:02:00.835482,2021-11-06 06:02:01.355493,662,662
A. Obstructive,10.668999999999999,2021-11-06 06:02:18.534891,2021-11-06 06:02:29.204138,662,663
Snore Train,27.718999999999998,2021-11-06 06:02:21.257954,2021-11-06 06:02:48.977596,662,663
REM,30,2021-11-06 06:02:27.410097,2021-11-06 06:02:57.410792,663,664
Arousal,4.851,2021-11-06 06:02:36.080298,2021-11-06 06:02:40.931410,663,663
N2,30,2021-11-06 06:02:57.410792,2021-11-06 06:03:27.411487,664,665
Snore Train,20.619,2021-11-06 06:02:58.104808,2021-11-06 06:03:18.724286,664,664
LM,3.0429999999999997,2021-11-06 06:03:01.278881,2021-11-06 06:03:04.321952,664,664
Hypopnea,23.660999999999998,2021-11-06 06:03:21.598352,2021-11-06 06:03:45.259900,664,665
Snore Train,89.746,2021-11-06 06:03:25.654446,2021-11-06 06:04:55.402525,664,667
N2,30,2021-11-06 06:03:27.411487,2021-11-06 06:03:57.412182,665,666
Desat,22,2021-11-06 06:03:42.899845,2021-11-06 06:04:04.900355,665,666
N2,30,2021-11-06 06:03:57.412182,2021-11-06 06:04:27.412876,666,667
LM,2.197,2021-11-06 06:04:16.830631,2021-11-06 06:04:19.027682,666,666
N2,30,2021-11-06 06:04:27.412876,2021-11-06 06:04:57.413571,667,668
Hypopnea,25.183,2021-11-06 06:04:27.683882,2021-11-06 06:04:52.867466,667,667
Desat,38.998999999999995,2021-11-06 06:04:28.900911,2021-11-06 06:05:07.900814,667,668
Wake,30,2021-11-06 06:04:57.413571,2021-11-06 06:05:27.414266,668,669
Arousal,18.947,2021-11-06 06:04:57.717578,2021-11-06 06:05:16.665017,668,668
LM,3.5149999999999997,2021-11-06 06:04:59.658623,2021-11-06 06:05:03.173704,668,668
LM,3.025,2021-11-06 06:05:04.803742,2021-11-06 06:05:07.828812,668,668
LM,1.2,2021-11-06 06:05:04.863744,2021-11-06 06:05:06.063772,668,668
Single Snore,1.99,2021-11-06 06:05:21.466128,2021-11-06 06:05:23.456174,668,668
N1,30,2021-11-06 06:05:27.414266,2021-11-06 06:05:57.414961,669,670
N1,30,2021-11-06 06:05:57.414961,2021-11-06 06:06:27.415656,670,671
Single Snore,1.5899999999999999,2021-11-06 06:05:57.956973,2021-11-06 06:05:59.547010,670,670
N2,30,2021-11-06 06:06:27.415656,2021-11-06 06:06:57.416351,671,672
N2,30,2021-11-06 06:06:57.416351,2021-11-06 06:07:27.417045,672,673
Single Snore,0.6699999999999999,2021-11-06 06:07:08.048597,2021-11-06 06:07:08.718612,672,672
Movement,32.448,2021-11-06 06:07:15.498769,2021-11-06 06:07:47.947521,672,673
N2,30,2021-11-06 06:07:27.417045,2021-11-06 06:07:57.417740,673,674
N2,30,2021-11-06 06:07:57.417740,2021-11-06 06:08:27.418435,674,675
N2,30,2021-11-06 06:08:27.418435,2021-11-06 06:08:57.419130,675,676
Movement,57.096,2021-11-06 06:08:28.246454,2021-11-06 06:09:25.343776,675,676
N2,30,2021-11-06 06:08:57.419130,2021-11-06 06:09:27.419825,676,677
N2,30,2021-11-06 06:09:27.419825,2021-11-06 06:09:57.420520,677,678
Single Snore,1.3499999999999999,2021-11-06 06:09:49.322332,2021-11-06 06:09:50.672363,677,677
Snore Train,14.26,2021-11-06 06:09:49.322332,2021-11-06 06:10:03.582662,677,678
Single Snore,1.92,2021-11-06 06:09:52.662409,2021-11-06 06:09:54.582454,677,677
N2,30,2021-11-06 06:09:57.420520,2021-11-06 06:10:27.421214,678,679
Single Snore,1.1099999999999999,2021-11-06 06:10:02.472637,2021-11-06 06:10:03.582662,678,678
Single Snore,2.42,2021-11-06 06:10:13.962903,2021-11-06 06:10:16.382959,678,678
N2,30,2021-11-06 06:10:27.421214,2021-11-06 06:10:57.421909,679,680
N2,30,2021-11-06 06:10:57.421909,2021-11-06 06:11:27.422604,680,681
Single Snore,2.29,2021-11-06 06:11:04.314069,2021-11-06 06:11:06.604122,680,680
Arousal,7.504,2021-11-06 06:11:18.650401,2021-11-06 06:11:26.154575,680,680
N1,30,2021-11-06 06:11:27.422604,2021-11-06 06:11:57.423299,681,682
N2,30,2021-11-06 06:11:57.423299,2021-11-06 06:12:27.423994,682,683
Movement,48.147,2021-11-06 06:12:03.488439,2021-11-06 06:12:51.636554,682,683
Single Snore,1.74,2021-11-06 06:12:06.395507,2021-11-06 06:12:08.135547,682,682
N2,30,2021-11-06 06:12:27.423994,2021-11-06 06:12:57.424689,683,684
Single Snore,0.6799999999999999,2021-11-06 06:12:40.286291,2021-11-06 06:12:40.966307,683,683
Snore Train,22.55,2021-11-06 06:12:40.286291,2021-11-06 06:13:02.836814,683,684
Single Snore,1.13,2021-11-06 06:12:49.996516,2021-11-06 06:12:51.126543,683,683
N2,30,2021-11-06 06:12:57.424689,2021-11-06 06:13:27.425384,684,685
Single Snore,1.7899999999999998,2021-11-06 06:13:01.046772,2021-11-06 06:13:02.836814,684,684
Movement,114.643,2021-11-06 06:13:22.885278,2021-11-06 06:15:17.530934,684,688
Single Snore,1.51,2021-11-06 06:13:24.977327,2021-11-06 06:13:26.487362,684,684
Snore Train,19.25,2021-11-06 06:13:24.977327,2021-11-06 06:13:44.227773,684,685
N2,30,2021-11-06 06:13:27.425384,2021-11-06 06:13:57.426078,685,686
Single Snore,1.52,2021-11-06 06:13:35.037560,2021-11-06 06:13:36.557595,685,685
Single Snore,1.42,2021-11-06 06:13:38.087630,2021-11-06 06:13:39.507663,685,685
Single Snore,2.1599999999999997,2021-11-06 06:13:42.067723,2021-11-06 06:13:44.227773,685,685
Single Snore,0.6799999999999999,2021-11-06 06:13:57.118071,2021-11-06 06:13:57.798087,685,686
N2,30,2021-11-06 06:13:57.426078,2021-11-06 06:14:27.426773,686,687
Single Snore,0.95,2021-11-06 06:14:23.848690,2021-11-06 06:14:24.798712,686,686
Snore Train,21.48,2021-11-06 06:14:23.848690,2021-11-06 06:14:45.329188,686,687
Single Snore,1.63,2021-11-06 06:14:27.158767,2021-11-06 06:14:28.788804,686,687
N2,30,2021-11-06 06:14:27.426773,2021-11-06 06:14:57.427468,687,688
Single Snore,1.6099999999999999,2021-11-06 06:14:32.448889,2021-11-06 06:14:34.058927,687,687
Single Snore,1.51,2021-11-06 06:14:43.819153,2021-11-06 06:14:45.329188,687,687
Single Snore,0.49,2021-11-06 06:14:56.769453,2021-11-06 06:14:57.259464,687,687
N2,30,2021-11-06 06:14:57.427468,2021-11-06 06:15:27.428163,688,689
Single Snore,0.8999999999999999,2021-11-06 06:14:59.199509,2021-11-06 06:15:00.099530,688,688
Arousal,5.8309999999999995,2021-11-06 06:15:10.610773,2021-11-06 06:15:16.441908,688,688
Single Snore,0.7,2021-11-06 06:15:23.440070,2021-11-06 06:15:24.140086,688,688
Snore Train,12.34,2021-11-06 06:15:23.440070,2021-11-06 06:15:35.780356,688,689
N2,30,2021-11-06 06:15:27.428163,2021-11-06 06:15:57.428858,689,690
Single Snore,0.49,2021-11-06 06:15:30.090224,2021-11-06 06:15:30.580236,689,689
Single Snore,0.95,2021-11-06 06:15:34.830334,2021-11-06 06:15:35.780356,689,689
N2,30,2021-11-06 06:15:57.428858,2021-11-06 06:16:27.429553,690,691
Single Snore,1.16,2021-11-06 06:16:14.861261,2021-11-06 06:16:16.021288,690,690
N2,30,2021-11-06 06:16:27.429553,2021-11-06 06:16:57.430247,691,692
Single Snore,0.61,2021-11-06 06:16:35.201732,2021-11-06 06:16:35.811747,691,691
Movement,31.247999999999998,2021-11-06 06:16:38.878817,2021-11-06 06:17:10.127541,691,692
Single Snore,0.6,2021-11-06 06:16:46.041983,2021-11-06 06:16:46.641997,691,691
Single Snore,0.89,2021-11-06 06:16:55.082193,2021-11-06 06:16:55.972214,691,691
N2,30,2021-11-06 06:16:57.430247,2021-11-06 06:17:27.430942,692,693
Single Snore,0.5599999999999999,2021-11-06 06:17:07.322476,2021-11-06 06:17:07.882489,692,692
N2,30,2021-11-06 06:17:27.430942,2021-11-06 06:17:57.431637,693,694
Movement,31.197999999999997,2021-11-06 06:17:40.226238,2021-11-06 06:18:11.424961,693,694
N2,30,2021-11-06 06:17:57.431637,2021-11-06 06:18:27.432332,694,695
N2,30,2021-11-06 06:18:27.432332,2021-11-06 06:18:57.433027,695,696
N2,30,2021-11-06 06:18:57.433027,2021-11-06 06:19:27.433722,696,697
N2,30,2021-11-06 06:19:27.433722,2021-11-06 06:19:57.434416,697,698
Movement,34.348,2021-11-06 06:19:37.171947,2021-11-06 06:20:11.520742,697,698
Single Snore,2,2021-11-06 06:19:53.396323,2021-11-06 06:19:55.396369,697,697
N2,30,2021-11-06 06:19:57.434416,2021-11-06 06:20:27.435111,698,699
N2,30,2021-11-06 06:20:27.435111,2021-11-06 06:20:57.435806,699,700
Single Snore,0.6799999999999999,2021-11-06 06:20:36.547322,2021-11-06 06:20:37.227338,699,699
Single Snore,2,2021-11-06 06:20:48.117590,2021-11-06 06:20:50.117636,699,699
Movement,55.397,2021-11-06 06:20:51.619671,2021-11-06 06:21:47.017954,699,701
N2,30,2021-11-06 06:20:57.435806,2021-11-06 06:21:27.436501,700,701
Single Snore,0.76,2021-11-06 06:21:01.367897,2021-11-06 06:21:02.127915,700,700
Single Snore,1.1099999999999999,2021-11-06 06:21:08.838070,2021-11-06 06:21:09.948096,700,700
Single Snore,1.15,2021-11-06 06:21:24.788440,2021-11-06 06:21:25.938466,700,700
N2,30,2021-11-06 06:21:27.436501,2021-11-06 06:21:57.437196,701,702
N2,30,2021-11-06 06:21:57.437196,2021-11-06 06:22:27.437891,702,703
N2,30,2021-11-06 06:22:27.437891,2021-11-06 06:22:57.438585,703,704
N2,30,2021-11-06 06:22:57.438585,2021-11-06 06:23:27.439280,704,705
Movement,190.188,2021-11-06 06:23:27.114273,2021-11-06 06:26:37.306678,704,711
N2,30,2021-11-06 06:23:27.439280,2021-11-06 06:23:57.439975,705,706
N2,30,2021-11-06 06:23:57.439975,2021-11-06 06:24:27.440670,706,707
N2,30,2021-11-06 06:24:27.440670,2021-11-06 06:24:57.441365,707,708
N2,30,2021-11-06 06:24:57.441365,2021-11-06 06:25:27.442060,708,709
N2,30,2021-11-06 06:25:27.442060,2021-11-06 06:25:57.442754,709,710
N2,30,2021-11-06 06:25:57.442754,2021-11-06 06:26:27.443449,710,711
Single Snore,0.9099999999999999,2021-11-06 06:25:58.074769,2021-11-06 06:25:58.984790,710,710
Single Snore,1.19,2021-11-06 06:26:04.644921,2021-11-06 06:26:05.834949,710,710
Single Snore,0.42,2021-11-06 06:26:11.155072,2021-11-06 06:26:11.575082,710,710
Single Snore,1.8099999999999998,2021-11-06 06:26:16.265190,2021-11-06 06:26:18.075232,710,710
Single Snore,2.13,2021-11-06 06:26:22.795342,2021-11-06 06:26:24.925391,710,710
N2,30,2021-11-06 06:26:27.443449,2021-11-06 06:26:57.444144,711,712
Single Snore,0.5599999999999999,2021-11-06 06:26:33.905599,2021-11-06 06:26:34.465612,711,711
Single Snore,1.5,2021-11-06 06:26:56.146114,2021-11-06 06:26:57.646149,711,712
N2,30,2021-11-06 06:26:57.444144,2021-11-06 06:27:27.444839,712,713
Movement,82.145,2021-11-06 06:27:23.555749,2021-11-06 06:28:45.702651,712,715
N2,30,2021-11-06 06:27:27.444839,2021-11-06 06:27:57.445534,713,714
N2,30,2021-11-06 06:27:57.445534,2021-11-06 06:28:27.446229,714,715
N2,30,2021-11-06 06:28:27.446229,2021-11-06 06:28:57.446924,715,716
N2,30,2021-11-06 06:28:57.446924,2021-11-06 06:29:27.447618,716,717
N2,30,2021-11-06 06:29:27.447618,2021-11-06 06:29:57.448313,717,718
Movement,4.6499999999999995,2021-11-06 06:29:34.400779,2021-11-06 06:29:39.050887,717,717
N2,30,2021-11-06 06:29:57.448313,2021-11-06 06:30:27.449008,718,719
N2,30,2021-11-06 06:30:27.449008,2021-11-06 06:30:57.449703,719,720
Single Snore,0.7899999999999999,2021-11-06 06:30:47.691477,2021-11-06 06:30:48.481495,719,719
Single Snore,0.29,2021-11-06 06:30:56.201674,2021-11-06 06:30:56.491681,719,719
N2,30,2021-11-06 06:30:57.449703,2021-11-06 06:31:27.450398,720,721
Movement,21.148999999999997,2021-11-06 06:30:58.297722,2021-11-06 06:31:19.447212,720,720
Single Snore,1.42,2021-11-06 06:31:12.242045,2021-11-06 06:31:13.662078,720,720
LM,3.381,2021-11-06 06:31:12.304047,2021-11-06 06:31:15.685125,720,720
Single Snore,0.44,2021-11-06 06:31:18.022179,2021-11-06 06:31:18.462189,720,720
N2,30,2021-11-06 06:31:27.450398,2021-11-06 06:31:57.451093,721,722
N2,30,2021-11-06 06:31:57.451093,2021-11-06 06:32:27.451787,722,723
Movement,19.049,2021-11-06 06:31:57.545095,2021-11-06 06:32:16.594536,722,722
LM,2.197,2021-11-06 06:32:12.136432,2021-11-06 06:32:14.333483,722,722
N2,30,2021-11-06 06:32:27.451787,2021-11-06 06:32:57.452482,723,724
N2,30,2021-11-06 06:32:57.452482,2021-11-06 06:33:27.453177,724,725
Movement,11.849,2021-11-06 06:33:00.793560,2021-11-06 06:33:12.642834,724,724
N2,30,2021-11-06 06:33:27.453177,2021-11-06 06:33:57.453872,725,726
LM,2.7039999999999997,2021-11-06 06:33:47.124632,2021-11-06 06:33:49.828695,725,725
Single Snore,1,2021-11-06 06:33:56.735855,2021-11-06 06:33:57.735878,725,726
N3,30,2021-11-06 06:33:57.453872,2021-11-06 06:34:27.454567,726,727
LM,2.366,2021-11-06 06:34:11.632200,2021-11-06 06:34:13.998255,726,726
Movement,62.446,2021-11-06 06:34:17.640339,2021-11-06 06:35:20.087786,726,728
Wake,30,2021-11-06 06:34:27.454567,2021-11-06 06:34:57.455262,727,728
Arousal,22.851,2021-11-06 06:34:31.172653,2021-11-06 06:34:54.024182,727,727
Wake,30,2021-11-06 06:34:57.455262,2021-11-06 06:35:27.455956,728,729
N2,30,2021-11-06 06:35:27.455956,2021-11-06 06:35:57.456651,729,730
Movement,106.44399999999999,2021-11-06 06:35:56.586631,2021-11-06 06:37:43.033096,729,733
N2,30,2021-11-06 06:35:57.456651,2021-11-06 06:36:27.457346,730,731
Arousal,4.885,2021-11-06 06:36:22.403229,2021-11-06 06:36:27.288342,730,730
N2,30,2021-11-06 06:36:27.457346,2021-11-06 06:36:57.458041,731,732
LM,1.18,2021-11-06 06:36:54.454971,2021-11-06 06:36:55.634999,731,731
Arousal,18.131,2021-11-06 06:36:55.768002,2021-11-06 06:37:13.899422,731,732
Wake,30,2021-11-06 06:36:57.458041,2021-11-06 06:37:27.458736,732,733
Single Snore,1.0899999999999999,2021-11-06 06:37:06.710255,2021-11-06 06:37:07.800280,732,732
Snore Train,11.28,2021-11-06 06:37:06.710255,2021-11-06 06:37:17.990516,732,732
Single Snore,1.18,2021-11-06 06:37:14.110427,2021-11-06 06:37:15.290454,732,732
Single Snore,0.85,2021-11-06 06:37:17.140497,2021-11-06 06:37:17.990516,732,732
Wake,30,2021-11-06 06:37:27.458736,2021-11-06 06:37:57.459431,733,734
Arousal,24.642,2021-11-06 06:37:29.824791,2021-11-06 06:37:54.467361,733,733
LM,2.485,2021-11-06 06:37:38.979002,2021-11-06 06:37:41.464060,733,733
LM,0.87,2021-11-06 06:37:41.374058,2021-11-06 06:37:42.244078,733,733
Single Snore,1.8599999999999999,2021-11-06 06:37:46.901186,2021-11-06 06:37:48.761229,733,733
Wake,30,2021-11-06 06:37:57.459431,2021-11-06 06:38:27.460125,734,735
Single Snore,0.5,2021-11-06 06:38:08.161678,2021-11-06 06:38:08.661690,734,734
Arousal,16.968999999999998,2021-11-06 06:38:09.662713,2021-11-06 06:38:26.632106,734,734
LM,1.95,2021-11-06 06:38:10.262727,2021-11-06 06:38:12.212772,734,734
Desat,15,2021-11-06 06:38:13.244796,2021-11-06 06:38:28.245143,734,735
Movement,40.547999999999995,2021-11-06 06:38:18.781924,2021-11-06 06:38:59.330863,734,736
LM,1.865,2021-11-06 06:38:22.057000,2021-11-06 06:38:23.922043,734,734
LM,7.114999999999999,2021-11-06 06:38:24.872065,2021-11-06 06:38:31.987230,734,735
Single Snore,0.99,2021-11-06 06:38:25.162072,2021-11-06 06:38:26.152095,734,734
Wake,30,2021-11-06 06:38:27.460125,2021-11-06 06:38:57.460820,735,736
Single Snore,0.51,2021-11-06 06:38:39.542405,2021-11-06 06:38:40.052417,735,735
Single Snore,0.8099999999999999,2021-11-06 06:38:41.692455,2021-11-06 06:38:42.502474,735,735
LM,2.944,2021-11-06 06:38:50.461658,2021-11-06 06:38:53.405726,735,735
LM,5.285,2021-11-06 06:38:54.600754,2021-11-06 06:38:59.885876,735,736
Wake,30,2021-11-06 06:38:57.460820,2021-11-06 06:39:27.461515,736,737
Left,1695,2021-11-06 06:38:57.460820,2021-11-06 07:07:12.500079,736,792
Single Snore,0.61,2021-11-06 06:39:05.573008,2021-11-06 06:39:06.183022,736,736
Snore Train,15.77,2021-11-06 06:39:05.573008,2021-11-06 06:39:21.343373,736,736
Single Snore,1.8299999999999998,2021-11-06 06:39:08.863084,2021-11-06 06:39:10.693127,736,736
Single Snore,0.64,2021-11-06 06:39:11.593147,2021-11-06 06:39:12.233162,736,736
Single Snore,1.42,2021-11-06 06:39:12.753174,2021-11-06 06:39:14.173207,736,736
Desat,19.666,2021-11-06 06:39:19.245325,2021-11-06 06:39:38.911780,736,737
Single Snore,1.28,2021-11-06 06:39:20.063344,2021-11-06 06:39:21.343373,736,736
Wake,30,2021-11-06 06:39:27.461515,2021-11-06 06:39:57.462210,737,738
LM,1.2249999999999999,2021-11-06 06:39:37.974759,2021-11-06 06:39:39.199787,737,737
LM,1.7899999999999998,2021-11-06 06:39:38.584773,2021-11-06 06:39:40.374814,737,737
LM,2.69,2021-11-06 06:39:52.204088,2021-11-06 06:39:54.894150,737,737
Wake,30,2021-11-06 06:39:57.462210,2021-11-06 06:40:27.462905,738,739
Single Snore,0.6,2021-11-06 06:40:06.904429,2021-11-06 06:40:07.504442,738,738
Single Snore,1.45,2021-11-06 06:40:13.814589,2021-11-06 06:40:15.264622,738,738
LM,1.04,2021-11-06 06:40:22.482789,2021-11-06 06:40:23.522813,738,738
N1,30,2021-11-06 06:40:27.462905,2021-11-06 06:40:57.463600,739,740
Arousal,25.070999999999998,2021-11-06 06:40:45.869331,2021-11-06 06:41:10.940912,739,740
Movement,4.1499999999999995,2021-11-06 06:40:50.326434,2021-11-06 06:40:54.476530,739,739
N1,30,2021-11-06 06:40:57.463600,2021-11-06 06:41:27.464295,740,741
Single Snore,1.44,2021-11-06 06:41:01.625696,2021-11-06 06:41:03.065729,740,740
Single Snore,2.35,2021-11-06 06:41:14.125985,2021-11-06 06:41:16.476040,740,740
N2,30,2021-11-06 06:41:27.464295,2021-11-06 06:41:57.464989,741,742
LM,1.5999999999999999,2021-11-06 06:41:45.319708,2021-11-06 06:41:46.919745,741,741
N2,30,2021-11-06 06:41:57.464989,2021-11-06 06:42:27.465684,742,743
N2,30,2021-11-06 06:42:27.465684,2021-11-06 06:42:57.466379,743,744
N2,30,2021-11-06 06:42:57.466379,2021-11-06 06:43:27.467074,744,745
Single Snore,1.8099999999999998,2021-11-06 06:43:19.398887,2021-11-06 06:43:21.208929,744,744
N2,30,2021-11-06 06:43:27.467074,2021-11-06 06:43:57.467769,745,746
Single Snore,1.74,2021-11-06 06:43:34.489236,2021-11-06 06:43:36.229277,745,745
Single Snore,1.5799999999999998,2021-11-06 06:43:37.439305,2021-11-06 06:43:39.019341,745,745
N2,30,2021-11-06 06:43:57.467769,2021-11-06 06:44:27.468464,746,747
Single Snore,0.6799999999999999,2021-11-06 06:44:22.780355,2021-11-06 06:44:23.460371,746,746
N2,30,2021-11-06 06:44:27.468464,2021-11-06 06:44:57.469158,747,748
Single Snore,1.43,2021-11-06 06:44:36.710678,2021-11-06 06:44:38.140711,747,747
Single Snore,0.7,2021-11-06 06:44:47.120919,2021-11-06 06:44:47.820935,747,747
N2,30,2021-11-06 06:44:57.469158,2021-11-06 06:45:27.469853,748,749
Single Snore,1.51,2021-11-06 06:45:07.641394,2021-11-06 06:45:09.151429,748,748
Snore Train,9.34,2021-11-06 06:45:07.641394,2021-11-06 06:45:16.981610,748,748
Single Snore,1.04,2021-11-06 06:45:10.051450,2021-11-06 06:45:11.091474,748,748
Single Snore,1,2021-11-06 06:45:12.861515,2021-11-06 06:45:13.861538,748,748
Single Snore,1.8299999999999998,2021-11-06 06:45:15.151568,2021-11-06 06:45:16.981610,748,748
N2,30,2021-11-06 06:45:27.469853,2021-11-06 06:45:57.470548,749,750
Single Snore,1.19,2021-11-06 06:45:36.422061,2021-11-06 06:45:37.612088,749,749
N2,30,2021-11-06 06:45:57.470548,2021-11-06 06:46:27.471243,750,751
Single Snore,1.45,2021-11-06 06:46:11.542874,2021-11-06 06:46:12.992907,750,750
N2,30,2021-11-06 06:46:27.471243,2021-11-06 06:46:57.471938,751,752
N2,30,2021-11-06 06:46:57.471938,2021-11-06 06:47:27.472633,752,753
Single Snore,0.97,2021-11-06 06:47:17.854410,2021-11-06 06:47:18.824432,752,752
Single Snore,1.3499999999999999,2021-11-06 06:47:25.234580,2021-11-06 06:47:26.584612,752,752
N2,30,2021-11-06 06:47:27.472633,2021-11-06 06:47:57.473327,753,754
Single Snore,2.32,2021-11-06 06:47:27.474633,2021-11-06 06:47:29.794686,753,753
LM,2.8739999999999997,2021-11-06 06:47:36.833849,2021-11-06 06:47:39.707916,753,753
Arousal,3.025,2021-11-06 06:47:53.518236,2021-11-06 06:47:56.543306,753,753
N2,30,2021-11-06 06:47:57.473327,2021-11-06 06:48:27.474022,754,755
N2,30,2021-11-06 06:48:27.474022,2021-11-06 06:48:57.474717,755,756
N2,30,2021-11-06 06:48:57.474717,2021-11-06 06:49:27.475412,756,757
N2,30,2021-11-06 06:49:27.475412,2021-11-06 06:49:57.476107,757,758
N2,30,2021-11-06 06:49:57.476107,2021-11-06 06:50:27.476802,758,759
N2,30,2021-11-06 06:50:27.476802,2021-11-06 06:50:57.477496,759,760
Single Snore,1.27,2021-11-06 06:50:44.959206,2021-11-06 06:50:46.229236,759,759
Single Snore,1.42,2021-11-06 06:50:47.859274,2021-11-06 06:50:49.279307,759,759
N2,30,2021-11-06 06:50:57.477496,2021-11-06 06:51:27.478191,760,761
Single Snore,1.6099999999999999,2021-11-06 06:51:04.179652,2021-11-06 06:51:05.789689,760,760
Single Snore,1.98,2021-11-06 06:51:23.730104,2021-11-06 06:51:25.710150,760,760
N2,30,2021-11-06 06:51:27.478191,2021-11-06 06:51:57.478886,761,762
Single Snore,1,2021-11-06 06:51:30.500261,2021-11-06 06:51:31.500284,761,761
Single Snore,1.41,2021-11-06 06:51:48.430677,2021-11-06 06:51:49.840709,761,761
N2,30,2021-11-06 06:51:57.478886,2021-11-06 06:52:27.479581,762,763
Single Snore,1.13,2021-11-06 06:52:06.481095,2021-11-06 06:52:07.611121,762,762
Snore Train,26.06,2021-11-06 06:52:06.481095,2021-11-06 06:52:32.541698,762,763
Single Snore,1.22,2021-11-06 06:52:15.201296,2021-11-06 06:52:16.421325,762,762
Single Snore,1.15,2021-11-06 06:52:22.591467,2021-11-06 06:52:23.741494,762,762
Single Snore,0.43,2021-11-06 06:52:25.041524,2021-11-06 06:52:25.471534,762,762
N2,30,2021-11-06 06:52:27.479581,2021-11-06 06:52:57.480276,763,764
Single Snore,1.54,2021-11-06 06:52:31.001662,2021-11-06 06:52:32.541698,763,763
N2,30,2021-11-06 06:52:57.480276,2021-11-06 06:53:27.480971,764,765
N2,30,2021-11-06 06:53:27.480971,2021-11-06 06:53:57.481666,765,766
Single Snore,1.8199999999999998,2021-11-06 06:53:28.342990,2021-11-06 06:53:30.163033,765,765
N2,30,2021-11-06 06:53:57.481666,2021-11-06 06:54:27.482360,766,767
N2,30,2021-11-06 06:54:27.482360,2021-11-06 06:54:57.483055,767,768
Single Snore,0.37,2021-11-06 06:54:36.944579,2021-11-06 06:54:37.314588,767,767
N2,30,2021-11-06 06:54:57.483055,2021-11-06 06:55:27.483750,768,769
N2,30,2021-11-06 06:55:27.483750,2021-11-06 06:55:57.484445,769,770
Single Snore,1.51,2021-11-06 06:55:34.965923,2021-11-06 06:55:36.475958,769,769
N2,30,2021-11-06 06:55:57.484445,2021-11-06 06:56:27.485140,770,771
Snore Train,25.183,2021-11-06 06:56:18.845939,2021-11-06 06:56:44.029523,770,771
N2,30,2021-11-06 06:56:27.485140,2021-11-06 06:56:57.485835,771,772
N2,30,2021-11-06 06:56:57.485835,2021-11-06 06:57:27.486529,772,773
Single Snore,2.15,2021-11-06 06:57:02.777957,2021-11-06 06:57:04.928007,772,772
Single Snore,2.4,2021-11-06 06:57:18.908330,2021-11-06 06:57:21.308386,772,772
N2,30,2021-11-06 06:57:27.486529,2021-11-06 06:57:57.487224,773,774
Single Snore,0.89,2021-11-06 06:57:49.049029,2021-11-06 06:57:49.939049,773,773
N2,30,2021-11-06 06:57:57.487224,2021-11-06 06:58:27.487919,774,775
Single Snore,1.68,2021-11-06 06:58:06.499433,2021-11-06 06:58:08.179472,774,774
N2,30,2021-11-06 06:58:27.487919,2021-11-06 06:58:57.488614,775,776
Snore Train,30.421999999999997,2021-11-06 06:58:27.975930,2021-11-06 06:58:58.398635,775,776
Single Snore,0.33999999999999997,2021-11-06 06:58:44.680317,2021-11-06 06:58:45.020325,775,775
Single Snore,0.45999999999999996,2021-11-06 06:58:52.840506,2021-11-06 06:58:53.300517,775,775
N2,30,2021-11-06 06:58:57.488614,2021-11-06 06:59:27.489309,776,777
Single Snore,0.84,2021-11-06 06:58:58.630640,2021-11-06 06:58:59.470660,776,776
Snore Train,38.873999999999995,2021-11-06 06:59:13.271979,2021-11-06 06:59:52.146880,776,777
N2,30,2021-11-06 06:59:27.489309,2021-11-06 06:59:57.490004,777,778
N2,30,2021-11-06 06:59:57.490004,2021-11-06 07:00:27.490698,778,779
N2,30,2021-11-06 07:00:27.490698,2021-11-06 07:00:57.491393,779,780
Snore Train,20.619,2021-11-06 07:00:40.147991,2021-11-06 07:01:00.767469,779,780
N3,30,2021-11-06 07:00:57.491393,2021-11-06 07:01:27.492088,780,781
Snore Train,20.113,2021-11-06 07:01:20.204919,2021-11-06 07:01:40.318385,780,781
N3,30,2021-11-06 07:01:27.492088,2021-11-06 07:01:57.492783,781,782
N3,30,2021-11-06 07:01:57.492783,2021-11-06 07:02:27.493478,782,783
Snore Train,45.126999999999995,2021-11-06 07:02:11.755113,2021-11-06 07:02:56.883158,782,783
N3,30,2021-11-06 07:02:27.493478,2021-11-06 07:02:57.494173,783,784
N3,30,2021-11-06 07:02:57.494173,2021-11-06 07:03:27.494867,784,785
Snore Train,56.619,2021-11-06 07:03:03.813319,2021-11-06 07:04:00.433630,784,786
N3,30,2021-11-06 07:03:27.494867,2021-11-06 07:03:57.495562,785,786
N3,30,2021-11-06 07:03:57.495562,2021-11-06 07:04:27.496257,786,787
Snore Train,33.803,2021-11-06 07:04:09.222834,2021-11-06 07:04:43.026617,786,787
N3,30,2021-11-06 07:04:27.496257,2021-11-06 07:04:57.496952,787,788
Snore Train,70.14099999999999,2021-11-06 07:04:54.519883,2021-11-06 07:06:04.662508,787,790
N3,30,2021-11-06 07:04:57.496952,2021-11-06 07:05:27.497647,788,789
N3,30,2021-11-06 07:05:27.497647,2021-11-06 07:05:57.498342,789,790
N3,30,2021-11-06 07:05:57.498342,2021-11-06 07:06:27.499036,790,791
Snore Train,47.830999999999996,2021-11-06 07:06:12.774695,2021-11-06 07:07:00.606803,790,792
N2,30,2021-11-06 07:06:27.499036,2021-11-06 07:06:57.499731,791,792
Single Snore,2.17,2021-11-06 07:06:48.921532,2021-11-06 07:06:51.091583,791,791
Wake,30,2021-11-06 07:06:57.499731,2021-11-06 07:07:27.500426,792,793
Arousal,19.369,2021-11-06 07:07:07.285958,2021-11-06 07:07:26.655406,792,792
LM,7.779999999999999,2021-11-06 07:07:07.479962,2021-11-06 07:07:15.260142,792,792
LM,9.27,2021-11-06 07:07:07.634966,2021-11-06 07:07:16.905181,792,792
Movement,232.786,2021-11-06 07:07:08.019975,2021-11-06 07:11:00.811366,792,800
Supine,1625,2021-11-06 07:07:12.500079,2021-11-06 07:34:17.537716,792,846
LM,1.7999999999999998,2021-11-06 07:07:16.080162,2021-11-06 07:07:17.880203,792,792
LM,2.0949999999999998,2021-11-06 07:07:18.935228,2021-11-06 07:07:21.030276,792,792
LM,1.645,2021-11-06 07:07:24.179349,2021-11-06 07:07:25.824387,792,792
N2,30,2021-11-06 07:07:27.500426,2021-11-06 07:07:57.501121,793,794
Desat,93.664,2021-11-06 07:07:45.588845,2021-11-06 07:09:19.255014,793,796
Single Snore,0.3,2021-11-06 07:07:48.292908,2021-11-06 07:07:48.592915,793,793
N2,30,2021-11-06 07:07:57.501121,2021-11-06 07:08:27.501816,794,795
N2,30,2021-11-06 07:08:27.501816,2021-11-06 07:08:57.502511,795,796
N2,30,2021-11-06 07:08:57.502511,2021-11-06 07:09:27.503206,796,797
LM,0.98,2021-11-06 07:09:10.625814,2021-11-06 07:09:11.605837,796,796
Arousal,6.643,2021-11-06 07:09:12.189851,2021-11-06 07:09:18.833005,796,796
N1,30,2021-11-06 07:09:27.503206,2021-11-06 07:09:57.503900,797,798
N2,30,2021-11-06 07:09:57.503900,2021-11-06 07:10:27.504595,798,799
LM,3.549,2021-11-06 07:09:59.681951,2021-11-06 07:10:03.231033,798,798
N2,30,2021-11-06 07:10:27.504595,2021-11-06 07:10:57.505290,799,800
N2,30,2021-11-06 07:10:57.505290,2021-11-06 07:11:27.505985,800,801
LM,0.69,2021-11-06 07:11:06.046488,2021-11-06 07:11:06.736504,800,800
N2,30,2021-11-06 07:11:27.505985,2021-11-06 07:11:57.506680,801,802
Movement,11.099,2021-11-06 07:11:44.060368,2021-11-06 07:11:55.159625,801,801
Hypopnea,33.296,2021-11-06 07:11:45.777408,2021-11-06 07:12:19.074179,801,802
N2,30,2021-11-06 07:11:57.506680,2021-11-06 07:12:27.507375,802,803
Desat,34.666,2021-11-06 07:12:06.589890,2021-11-06 07:12:41.256693,802,803
N1,30,2021-11-06 07:12:27.507375,2021-11-06 07:12:57.508069,803,804
Arousal,8.738,2021-11-06 07:12:28.470397,2021-11-06 07:12:37.208599,803,803
N2,30,2021-11-06 07:12:57.508069,2021-11-06 07:13:27.508764,804,805
Movement,92.64399999999999,2021-11-06 07:13:08.007312,2021-11-06 07:14:40.653458,804,807
N2,30,2021-11-06 07:13:27.508764,2021-11-06 07:13:57.509459,805,806
Arousal,10.834,2021-11-06 07:13:46.067194,2021-11-06 07:13:56.901445,805,805
LM,4.539,2021-11-06 07:13:48.801257,2021-11-06 07:13:53.340362,805,805
N1,30,2021-11-06 07:13:57.509459,2021-11-06 07:14:27.510154,806,807
N2,30,2021-11-06 07:14:27.510154,2021-11-06 07:14:57.510849,807,808
N2,30,2021-11-06 07:14:57.510849,2021-11-06 07:15:27.511544,808,809
Movement,65.64699999999999,2021-11-06 07:15:25.101488,2021-11-06 07:16:30.750008,808,811
N2,30,2021-11-06 07:15:27.511544,2021-11-06 07:15:57.512238,809,810
N2,30,2021-11-06 07:15:57.512238,2021-11-06 07:16:27.512933,810,811
Hypopnea,30.084999999999997,2021-11-06 07:16:21.783800,2021-11-06 07:16:51.869497,810,811
REM,30,2021-11-06 07:16:27.512933,2021-11-06 07:16:57.513628,811,812
Desat,32.998999999999995,2021-11-06 07:16:41.591259,2021-11-06 07:17:14.591024,811,812
REM,30,2021-11-06 07:16:57.513628,2021-11-06 07:17:27.514323,812,813
Movement,15.299,2021-11-06 07:17:02.248738,2021-11-06 07:17:17.548092,812,812
REM,30,2021-11-06 07:17:27.514323,2021-11-06 07:17:57.515018,813,814
Movement,140.59199999999998,2021-11-06 07:17:49.796839,2021-11-06 07:20:10.392095,813,818
REM,30,2021-11-06 07:17:57.515018,2021-11-06 07:18:27.515713,814,815
REM,30,2021-11-06 07:18:27.515713,2021-11-06 07:18:57.516407,815,816
Hypopnea,33.634,2021-11-06 07:18:39.025979,2021-11-06 07:19:12.660758,815,816
REM,30,2021-11-06 07:18:57.516407,2021-11-06 07:19:27.517102,816,817
Desat,19.999,2021-11-06 07:19:13.925787,2021-11-06 07:19:33.925251,816,817
REM,30,2021-11-06 07:19:27.517102,2021-11-06 07:19:57.517797,817,818
REM,30,2021-11-06 07:19:57.517797,2021-11-06 07:20:27.518492,818,819
LM,0.515,2021-11-06 07:20:20.282324,2021-11-06 07:20:20.797336,818,818
REM,30,2021-11-06 07:20:27.518492,2021-11-06 07:20:57.519187,819,820
LM,2.5349999999999997,2021-11-06 07:20:33.499630,2021-11-06 07:20:36.034689,819,819
Movement,10.049,2021-11-06 07:20:57.140178,2021-11-06 07:21:07.189411,819,820
REM,30,2021-11-06 07:20:57.519187,2021-11-06 07:21:27.519882,820,821
REM,30,2021-11-06 07:21:27.519882,2021-11-06 07:21:57.520577,821,822
Arousal,10.884,2021-11-06 07:21:35.312062,2021-11-06 07:21:46.196314,821,821
LM,1.615,2021-11-06 07:21:37.289108,2021-11-06 07:21:38.904145,821,821
Movement,19.398999999999997,2021-11-06 07:21:56.137544,2021-11-06 07:22:15.536994,821,822
REM,30,2021-11-06 07:21:57.520577,2021-11-06 07:22:27.521271,822,823
Hypopnea,45.803,2021-11-06 07:22:03.030704,2021-11-06 07:22:48.834765,822,823
Desat,58.998,2021-11-06 07:22:11.926910,2021-11-06 07:23:10.926277,822,824
REM,30,2021-11-06 07:22:27.521271,2021-11-06 07:22:57.521966,823,824
REM,30,2021-11-06 07:22:57.521966,2021-11-06 07:23:27.522661,824,825
Hypopnea,24.169,2021-11-06 07:23:10.638270,2021-11-06 07:23:34.807830,824,825
REM,30,2021-11-06 07:23:27.522661,2021-11-06 07:23:57.523356,825,826
Desat,26.666,2021-11-06 07:23:33.593801,2021-11-06 07:24:00.260419,825,826
Arousal,5.864999999999999,2021-11-06 07:23:35.195839,2021-11-06 07:23:41.060975,825,825
Hypopnea,23.744,2021-11-06 07:23:57.124347,2021-11-06 07:24:20.868896,825,826
REM,30,2021-11-06 07:23:57.523356,2021-11-06 07:24:27.524051,826,827
Movement,9.899,2021-11-06 07:24:00.133416,2021-11-06 07:24:10.032645,826,826
Desat,48.998999999999995,2021-11-06 07:24:19.260859,2021-11-06 07:25:08.260994,826,828
Hypopnea,14.366,2021-11-06 07:24:25.767010,2021-11-06 07:24:40.133343,826,827
Wake,30,2021-11-06 07:24:27.524051,2021-11-06 07:24:57.524746,827,828
Arousal,17.24,2021-11-06 07:24:39.625331,2021-11-06 07:24:56.865730,827,827
Movement,170.29,2021-11-06 07:24:41.782381,2021-11-06 07:27:32.076325,827,833
LM,7.984,2021-11-06 07:24:45.802474,2021-11-06 07:24:53.786659,827,827
Wake,30,2021-11-06 07:24:57.524746,2021-11-06 07:25:27.525440,828,829
Single Snore,1.02,2021-11-06 07:25:09.087013,2021-11-06 07:25:10.107037,828,828
Single Snore,2.4499999999999997,2021-11-06 07:25:17.977219,2021-11-06 07:25:20.427276,828,828
Single Snore,1.3399999999999999,2021-11-06 07:25:21.127292,2021-11-06 07:25:22.467323,828,828
Wake,30,2021-11-06 07:25:27.525440,2021-11-06 07:25:57.526135,829,830
LM,0.5549999999999999,2021-11-06 07:25:36.095639,2021-11-06 07:25:36.650652,829,829
Arousal,15.177,2021-11-06 07:25:38.697699,2021-11-06 07:25:53.875050,829,829
LM,1.9849999999999999,2021-11-06 07:25:40.715746,2021-11-06 07:25:42.700792,829,829
LM,0.63,2021-11-06 07:25:43.184803,2021-11-06 07:25:43.814818,829,829
Single Snore,0.6599999999999999,2021-11-06 07:25:46.177872,2021-11-06 07:25:46.837887,829,829
Snore Train,15.62,2021-11-06 07:25:46.177872,2021-11-06 07:26:01.798234,829,830
Single Snore,0.86,2021-11-06 07:25:53.428040,2021-11-06 07:25:54.288060,829,829
Single Snore,1.03,2021-11-06 07:25:55.018077,2021-11-06 07:25:56.048101,829,829
N1,30,2021-11-06 07:25:57.526135,2021-11-06 07:26:27.526830,830,831
Single Snore,0.32999999999999996,2021-11-06 07:25:57.538135,2021-11-06 07:25:57.868143,830,830
Hypopnea,21.125999999999998,2021-11-06 07:25:58.727163,2021-11-06 07:26:19.853652,830,830
Single Snore,0.87,2021-11-06 07:26:00.928214,2021-11-06 07:26:01.798234,830,830
Desat,33.998999999999995,2021-11-06 07:26:08.261384,2021-11-06 07:26:42.261171,830,831
Arousal,34.975,2021-11-06 07:26:17.825605,2021-11-06 07:26:52.801415,830,831
LM,2.855,2021-11-06 07:26:20.593669,2021-11-06 07:26:23.448735,830,830
LM,2.085,2021-11-06 07:26:21.298686,2021-11-06 07:26:23.383734,830,830
Wake,30,2021-11-06 07:26:27.526830,2021-11-06 07:26:57.527525,831,832
Single Snore,0.7,2021-11-06 07:26:29.218869,2021-11-06 07:26:29.918885,831,831
Single Snore,1.2,2021-11-06 07:26:38.629087,2021-11-06 07:26:39.829115,831,831
LM,3.0549999999999997,2021-11-06 07:26:39.593109,2021-11-06 07:26:42.648180,831,831
LM,4.045,2021-11-06 07:26:40.153122,2021-11-06 07:26:44.198216,831,831
LM,2.275,2021-11-06 07:26:44.588225,2021-11-06 07:26:46.863278,831,831
Wake,30,2021-11-06 07:26:57.527525,2021-11-06 07:27:27.528220,832,833
Desat,25.999,2021-11-06 07:27:08.594781,2021-11-06 07:27:34.594383,832,833
LM,1.63,2021-11-06 07:27:17.366984,2021-11-06 07:27:18.997022,832,832
LM,5.045,2021-11-06 07:27:18.162003,2021-11-06 07:27:23.207120,832,832
Wake,30,2021-11-06 07:27:27.528220,2021-11-06 07:27:57.528915,833,834
Desat,28.666,2021-11-06 07:27:49.261723,2021-11-06 07:28:17.928387,833,834
Wake,30,2021-11-06 07:27:57.528915,2021-11-06 07:28:27.529609,834,835
Movement,442.573,2021-11-06 07:28:04.925086,2021-11-06 07:35:27.508336,834,848
LM,1.92,2021-11-06 07:28:16.634357,2021-11-06 07:28:18.554402,834,834
LM,5.895,2021-11-06 07:28:19.324419,2021-11-06 07:28:25.219556,834,834
LM,2.17,2021-11-06 07:28:23.244510,2021-11-06 07:28:25.414560,834,834
Wake,30,2021-11-06 07:28:27.529609,2021-11-06 07:28:57.530304,835,836
Desat,19,2021-11-06 07:28:46.595051,2021-11-06 07:29:05.595491,835,836
Wake,30,2021-11-06 07:28:57.530304,2021-11-06 07:29:27.530999,836,837
LM,2.9949999999999997,2021-11-06 07:29:09.247576,2021-11-06 07:29:12.242645,836,836
LM,5.04,2021-11-06 07:29:10.322600,2021-11-06 07:29:15.362717,836,836
Wake,30,2021-11-06 07:29:27.530999,2021-11-06 07:29:57.531694,837,838
Arousal,16.564,2021-11-06 07:29:40.528300,2021-11-06 07:29:57.092684,837,837
Desat,23.665,2021-11-06 07:29:40.596302,2021-11-06 07:30:04.261850,837,838
LM,1.105,2021-11-06 07:29:46.181431,2021-11-06 07:29:47.286457,837,837
LM,1.9549999999999998,2021-11-06 07:29:49.061498,2021-11-06 07:29:51.016543,837,837
LM,1.315,2021-11-06 07:29:49.631511,2021-11-06 07:29:50.946541,837,837
Wake,30,2021-11-06 07:29:57.531694,2021-11-06 07:30:27.532389,838,839
LM,4.125,2021-11-06 07:30:14.185080,2021-11-06 07:30:18.310175,838,838
LM,2.26,2021-11-06 07:30:16.830141,2021-11-06 07:30:19.090193,838,838
Wake,30,2021-11-06 07:30:27.532389,2021-11-06 07:30:57.533084,839,840
Single Snore,0.5,2021-11-06 07:30:36.014585,2021-11-06 07:30:36.514597,839,839
Snore Train,15.03,2021-11-06 07:30:36.014585,2021-11-06 07:30:51.044933,839,839
LM,2.4899999999999998,2021-11-06 07:30:38.234637,2021-11-06 07:30:40.724694,839,839
Single Snore,2.1999999999999997,2021-11-06 07:30:38.804650,2021-11-06 07:30:41.004701,839,839
Single Snore,1.5,2021-11-06 07:30:49.544898,2021-11-06 07:30:51.044933,839,839
Wake,30,2021-11-06 07:30:57.533084,2021-11-06 07:31:27.533778,840,841
Wake,30,2021-11-06 07:31:27.533778,2021-11-06 07:31:57.534473,841,842
LM,1.2389999999999999,2021-11-06 07:31:37.988020,2021-11-06 07:31:39.227049,841,841
LM,2.01,2021-11-06 07:31:39.867064,2021-11-06 07:31:41.877111,841,841
Wake,30,2021-11-06 07:31:57.534473,2021-11-06 07:32:27.535168,842,843
LM,8.953999999999999,2021-11-06 07:32:06.746686,2021-11-06 07:32:15.700894,842,842
LM,8.754,2021-11-06 07:32:08.451726,2021-11-06 07:32:17.205929,842,842
Single Snore,0.9299999999999999,2021-11-06 07:32:26.567146,2021-11-06 07:32:27.497167,842,842
Wake,30,2021-11-06 07:32:27.535168,2021-11-06 07:32:57.535863,843,844
LM,6.404999999999999,2021-11-06 07:32:31.045249,2021-11-06 07:32:37.450398,843,843
LM,4.92,2021-11-06 07:32:31.475259,2021-11-06 07:32:36.395373,843,843
LM,2.005,2021-11-06 07:32:47.834638,2021-11-06 07:32:49.839685,843,843
Wake,30,2021-11-06 07:32:57.535863,2021-11-06 07:33:27.536558,844,845
LM,1.605,2021-11-06 07:33:12.374207,2021-11-06 07:33:13.979244,844,844
LM,2.15,2021-11-06 07:33:14.209249,2021-11-06 07:33:16.359299,844,844
LM,1.94,2021-11-06 07:33:23.243458,2021-11-06 07:33:25.183503,844,844
LM,3.76,2021-11-06 07:33:23.343461,2021-11-06 07:33:27.103548,844,844
Wake,30,2021-11-06 07:33:27.536558,2021-11-06 07:33:57.537253,845,846
LM,1.415,2021-11-06 07:33:51.278108,2021-11-06 07:33:52.693140,845,845
Wake,30,2021-11-06 07:33:57.537253,2021-11-06 07:34:27.537947,846,847
Single Snore,1.13,2021-11-06 07:33:57.819259,2021-11-06 07:33:58.949285,846,846
LM,4.34,2021-11-06 07:34:02.747373,2021-11-06 07:34:07.087474,846,846
LM,1.2249999999999999,2021-11-06 07:34:15.426667,2021-11-06 07:34:16.651695,846,846
LM,5.35,2021-11-06 07:34:15.831676,2021-11-06 07:34:21.181800,846,846
Right,5,2021-11-06 07:34:17.537716,2021-11-06 07:34:22.537832,846,846
LM,1.7999999999999998,2021-11-06 07:34:19.361758,2021-11-06 07:34:21.161800,846,846
Supine,45,2021-11-06 07:34:22.537832,2021-11-06 07:35:07.538874,846,848
Wake,30,2021-11-06 07:34:27.537947,2021-11-06 07:34:57.538642,847,848
LM,2.475,2021-11-06 07:34:38.066191,2021-11-06 07:34:40.541249,847,847
LM,1.6849999999999998,2021-11-06 07:34:51.370499,2021-11-06 07:34:53.055538,847,847
Wake,30,2021-11-06 07:34:57.538642,2021-11-06 07:35:27.539337,848,849
Left,5,2021-11-06 07:35:07.538874,2021-11-06 07:35:12.538990,848,848
LM,3.4699999999999998,2021-11-06 07:35:07.874881,2021-11-06 07:35:11.344962,848,848
LM,2.63,2021-11-06 07:35:08.454895,2021-11-06 07:35:11.084956,848,848
Single Snore,1.5499999999999998,2021-11-06 07:35:12.010977,2021-11-06 07:35:13.561013,848,848
Snore Train,15.79,2021-11-06 07:35:12.010977,2021-11-06 07:35:27.801343,848,849
Upright,100,2021-11-06 07:35:12.538990,2021-11-06 07:36:52.541306,848,851
Single Snore,0.38,2021-11-06 07:35:17.201097,2021-11-06 07:35:17.581106,848,848
Notification,1,2021-11-06 07:35:18.539129,2021-11-06 07:35:19.539152,848,848
Single Snore,0.41,2021-11-06 07:35:22.561222,2021-11-06 07:35:22.971231,848,848
Single Snore,1.3299999999999998,2021-11-06 07:35:26.471312,2021-11-06 07:35:27.801343,848,849
Wake,30,2021-11-06 07:35:27.539337,2021-11-06 07:35:57.540032,849,850
Single Snore,0.97,2021-11-06 07:35:38.191584,2021-11-06 07:35:39.161606,849,849
Single Snore,0.88,2021-11-06 07:35:52.141907,2021-11-06 07:35:53.021927,849,849
Snore Train,22.75,2021-11-06 07:35:52.141907,2021-11-06 07:36:14.892434,849,850
Single Snore,0.5499999999999999,2021-11-06 07:35:54.481961,2021-11-06 07:35:55.031974,849,849
Single Snore,2.3,2021-11-06 07:35:57.252025,2021-11-06 07:35:59.552078,849,850
Wake,30,2021-11-06 07:35:57.540032,2021-11-06 07:36:27.540727,850,851
Single Snore,0.44,2021-11-06 07:36:02.302142,2021-11-06 07:36:02.742152,850,850
Single Snore,1.0899999999999999,2021-11-06 07:36:06.232233,2021-11-06 07:36:07.322258,850,850
Single Snore,0.75,2021-11-06 07:36:10.872341,2021-11-06 07:36:11.622358,850,850
Single Snore,0.32999999999999996,2021-11-06 07:36:14.562426,2021-11-06 07:36:14.892434,850,850
Movement,2.4499999999999997,2021-11-06 07:36:14.757431,2021-11-06 07:36:17.207487,850,850
Wake,30,2021-11-06 07:36:27.540727,2021-11-06 07:36:57.541422,851,852
Single Snore,2.1599999999999997,2021-11-06 07:36:38.072971,2021-11-06 07:36:40.233021,851,851
Single Snore,0.27999999999999997,2021-11-06 07:36:41.993062,2021-11-06 07:36:42.273068,851,851
Single Snore,0.59,2021-11-06 07:36:43.003085,2021-11-06 07:36:43.593099,851,851
Notification,1,2021-11-06 07:36:55.541375,2021-11-06 07:36:56.541399,851,851
Notification,1,2021-11-06 07:36:55.542375,2021-11-06 07:36:56.542399,851,851
